country_code,city_name,ascii_name,alt_names,latitude,longitude,iana_timezone,utc_offset_minutes,utc_offset_label
ZA,Sun City,Sun City,FAPN|NTY,-25.333822,27.173358,Africa/Johannesburg,120,UTC+02:00
US,"Clovis, New Mexico","Clovis, New Mexico",CVN|CVS|KCVN|KCVS,34.425139,-103.079278,America/Denver,-360,UTC-06:00
US,"Scammon Bay, Alaska","Scammon Bay, Alaska",PACM|SCM,61.845278,-165.571389,America/Nome,-480,UTC-08:00
MY,Kapit,Kapit,KPI,2.017,112.95,Asia/Kuching,480,UTC+08:00
US,"Eagle River, Wisconsin","Eagle River, Wisconsin",EGV|KEGV,45.932333,-89.268283,America/Chicago,-300,UTC-05:00
AU,Darnley Island,Darnley Island,NLF|YDNI,-9.58333,143.767,Australia/Brisbane,600,UTC+10:00
CA,Blanc Sablon,Blanc Sablon,CYBX|YBX,51.4436,-57.1853,America/Blanc-Sablon,-240,UTC-04:00
PE,Andahuaylas,Andahuaylas,ANS|SPHY,-13.706408,-73.350378,America/Lima,-300,UTC-05:00
US,"Racine, Wisconsin","Racine, Wisconsin",KRAC|RAC,42.7605,-87.8152,America/Mexico_City,-360,UTC-06:00
JP,Tokyo,Tokyo,HND|LMJ|NRT|OKO|RJAA|RJTT|RJTY|TYQ,35.748492,139.348483,Asia/Tokyo,540,UTC+09:00
PK,Rahim Yar Khan,Rahim Yar Khan,OPRK|RYK,28.3839,70.279572,Asia/Karachi,300,UTC+05:00
CO,Capurgana,Capurgana,CPB|SKCA,8.616667,-77.333333,America/Bogota,-300,UTC-05:00
US,"College Station, Texas","College Station, Texas",CLL|KCLL,30.588583,-96.363833,America/Chicago,-300,UTC-05:00
AU,Cooma,Cooma,OOM|YCOM,-36.3006,148.974,Australia/Sydney,600,UTC+10:00
IN,Varanasi,Varanasi,VIBN|VNS,25.452358,82.859342,Asia/Kolkata,330,UTC+05:30
VE,Merida,Merida,MRD|SVMD,8.582294,-71.161186,America/Caracas,-240,UTC-04:00
RU,Vladimir,Vladimir,,56.09083415,40.26313305,Europe/Moscow,180,UTC+03:00
CL,Osorno,Osorno,SCJO|ZOS,-40.611208,-73.061042,America/Santiago,-240,UTC-04:00
CU,Ciego De Avila,Ciego De Avila,AVI|MUCA,22.027053,-78.789617,America/Havana,-240,UTC-04:00
ID,Pangkalpinang,Pangkalpinang,PGK|WIPK,-2.1622,106.139064,Asia/Jakarta,420,UTC+07:00
IT,Lampedusa,Lampedusa,LICD|LMP,35.497914,12.618083,Europe/Rome,120,UTC+02:00
PH,Lubang,Lubang,LBX|RPLU,13.855833,121.105833,Asia/Manila,480,UTC+08:00
SB,Viru,Viru,VIU,-8.5,157.683,Pacific/Guadalcanal,660,UTC+11:00
TR,Kars,Kars,KSY|LTCF,40.562222,43.115002,Europe/Istanbul,180,UTC+03:00
GA,Port Gentil,Port Gentil,FOOG|POG,-0.711739,8.754383,Africa/Libreville,60,UTC+01:00
CN,Baotou,Baotou,BAV|ZBOW,40.56,109.997,Asia/Chongqing,480,UTC+08:00
ZA,Upington,Upington,FAUP|UTN,-28.399097,21.260239,Africa/Johannesburg,120,UTC+02:00
AU,Wiluna,Wiluna,WUN|YWLU,-26.6292,120.221,Australia/Perth,480,UTC+08:00
CA,Dawson City,Dawson City,CYDA|YDA,64.043056,-139.127778,America/Whitehorse,-420,UTC-07:00
GB,Dundee,Dundee,DND|EGPN,56.452499,-3.025833,Europe/London,60,UTC+01:00
US,"Newtok, Alaska","Newtok, Alaska",WWT,60.939167,-164.641111,America/Nome,-480,UTC-08:00
PG,Sissano,Sissano,SIZ,0.0,0.0,Pacific/Port_Moresby,600,UTC+10:00
GE,Kutaisi,Kutaisi,KUT|UGKO,42.176653,42.482583,Asia/Tbilisi,240,UTC+04:00
KI,Tabiteuea North,Tabiteuea North,NGTE|TBF,-1.224469,174.775614,Pacific/Tarawa,720,UTC+12:00
VN,Banmethuot,Banmethuot,BMV|VVBM,12.668311,108.120272,Asia/Ho_Chi_Minh,420,UTC+07:00
CO,Pereira,Pereira,PEI|SKPE,4.812675,-75.739519,America/Bogota,-300,UTC-05:00
YE,Ataq,Ataq,AXK|OYAT,14.551322,46.826183,Asia/Aden,180,UTC+03:00
AU,Orange Springhill,Orange Springhill,CUG|OAG|YORG,-33.3817,149.133,Australia/Sydney,600,UTC+10:00
TH,Bangkok,Bangkok,BKK|DMK|VTBD|VTBS,13.681108,100.747283,Asia/Bangkok,420,UTC+07:00
BR,Itaituba,Itaituba,ITB,-4.2446,-56.00384,America/Santarem,-180,UTC-03:00
US,"Bartow, Florida","Bartow, Florida",BOW|KBOW,27.9434,-81.7834,America/New_York,-240,UTC-04:00
KE,Nanyuki,Nanyuki,HKNY|NYK,-0.067,37.033,Africa/Nairobi,180,UTC+03:00
ID,Babo,Babo,BXB|WASO,-2.532242,133.438894,Asia/Jayapura,540,UTC+09:00
ID,Labuan Bajo,Labuan Bajo,LBJ|WATO,-8.486656,119.88905,Asia/Makassar,480,UTC+08:00
GB,Portsmouth,Portsmouth,PME,50.8,-1.083333,Europe/London,60,UTC+01:00
AU,Theodore,Theodore,TDR|YTDR,-24.986737,150.093112,Australia/Brisbane,600,UTC+10:00
CZ,Karlovy Vary,Karlovy Vary,KLV|LKKV,50.202978,12.914983,Europe/Prague,120,UTC+02:00
MX,Los Mochis,Los Mochis,LMM|MMLM,25.685194,-109.080806,America/Mazatlan,-420,UTC-07:00
SE,Mora,Mora,ESKM|MXX,60.957908,14.511383,Europe/Stockholm,120,UTC+02:00
MR,Kaedi,Kaedi,GQNK|KED,16.159547,-13.507617,Africa/Nouakchott,0,UTC+00:00
PA,Fort Kobbe,Fort Kobbe,HOW|MPHO,8.914794,-79.599633,America/Panama,-300,UTC-05:00
MZ,Tete,Tete,FQTT|TET,-16.104817,33.640181,Africa/Maputo,120,UTC+02:00
CA,Postville,Postville,CCD4|YSO,54.910278,-59.785278,America/Goose_Bay,-180,UTC-03:00
IR,Tehran,Tehran,IKA|OIIE|OIII|THR,35.689167,51.313416,Asia/Tehran,210,UTC+03:30
RU,Vologda,Vologda,ULWW|VGD|ВГЖ,59.284566,39.937265,Europe/Moscow,180,UTC+03:00
AU,Innisfail,Innisfail,IFL|YIFL,-17.55908,146.01123,Australia/Brisbane,600,UTC+10:00
US,"Quakertown, Pennsylvania","Quakertown, Pennsylvania",UKT,40.43598,-75.37958,America/New_York,-240,UTC-04:00
MZ,Mocimboa Praia,Mocimboa Praia,FQMP|MZB,-11.361789,40.354875,Africa/Maputo,120,UTC+02:00
US,"Cut Bank, Montana","Cut Bank, Montana",CTB|KCTB,48.608353,-112.376144,America/Denver,-360,UTC-06:00
CL,Los Angeles,Los Angeles,LSQ|SCGE,-37.401731,-72.425444,America/Santiago,-240,UTC-04:00
US,"Russian Mission, Alaska","Russian Mission, Alaska",PARS|RSH,61.775,-161.319444,America/Anchorage,-480,UTC-08:00
AF,Mazar I Sharif,Mazar I Sharif,MZR|OAMS,36.706914,67.209678,Asia/Kabul,270,UTC+04:30
US,"Missoula, Montana","Missoula, Montana",KMSO|MSO,46.916306,-114.090556,America/Denver,-360,UTC-06:00
BR,Bage,Bage,BGX|SBBG,-31.390528,-54.112244,America/Sao_Paulo,-180,UTC-03:00
CN,Xiangyang,Xiangyang,XFN|ZHXF,32.1506,112.291,Asia/Shanghai,480,UTC+08:00
JP,Kerama,Kerama,KJP|ROKR,26.168333,127.293333,Asia/Tokyo,540,UTC+09:00
US,"Lima, Ohio","Lima, Ohio",AOH|KAOH,40.707478,-84.0270781,America/New_York,-240,UTC-04:00
US,"Stillwater, Oklahoma","Stillwater, Oklahoma",SWO,36.161111,-97.085556,America/Chicago,-300,UTC-05:00
SE,Gaellivare,Gaellivare,ESNG|GEV,67.132408,20.814636,Europe/Stockholm,120,UTC+02:00
CM,Dschang,Dschang,DSC,5.45,10.067,Africa/Douala,60,UTC+01:00
BR,Governador Valadares,Governador Valadares,GVR|SBGV,-18.8952,-41.9822,America/Sao_Paulo,-180,UTC-03:00
RU,Pskov,Pskov,PKV|ULOO|ПСЖ,57.797173,28.389925,Europe/Moscow,180,UTC+03:00
CH,Bern,Bern,BRN|LSZB|ZDJ,46.9141,7.497153,Europe/Zurich,120,UTC+02:00
RU,Sochi,Sochi,AER|URSS,43.449928,39.956589,Europe/Moscow,180,UTC+03:00
JP,Nakashibetsu,Nakashibetsu,RJCN|SHB,43.5775,144.96,Asia/Tokyo,540,UTC+09:00
NP,Bajhang,Bajhang,BJH|VNBG,29.53896,81.185364,Asia/Kathmandu,345,UTC+05:45
CL,Santiago,Santiago,SCEL|SCL|ULC,-33.392975,-70.785803,America/Santiago,-240,UTC-04:00
US,"Price, Utah","Price, Utah",KPUC|PUC,39.609722,-110.75278,America/Denver,-360,UTC-06:00
US,"Baudette, MN","Baudette, MN",BDE|KBDE,48.728444,-94.612222,America/Chicago,-300,UTC-05:00
VE,Santo Domingo,Santo Domingo,STD|SVSO,7.565111,-72.035125,America/Caracas,-240,UTC-04:00
PF,Arutua,Arutua,AXR|NTGU,-15.248289,-146.616708,Pacific/Tahiti,-600,UTC-10:00
US,"Buckeye, Arizona","Buckeye, Arizona",BXK|KBXK,33.420417,-112.68618,America/Phoenix,-420,UTC-07:00
US,"Fort Jefferson, Florida","Fort Jefferson, Florida",RBN,24.61667,-82.86667,America/New_York,-240,UTC-04:00
IR,Bandar Abbas,Bandar Abbas,BND|OIKB,27.218317,56.37785,Asia/Tehran,210,UTC+03:30
GB,Isles Of Scilly,Isles Of Scilly,EGHT|ISC|TSO,49.919,-6.3075,Europe/London,60,UTC+01:00
CA,Penticton,Penticton,CYYF|YYF,49.463056,-119.602222,America/Vancouver,-420,UTC-07:00
BR,Ji Parana,Ji Parana,JPR|SWJI,-10.8708,-61.8465,America/Porto_Velho,-240,UTC-04:00
US,"Allentown, PA","Allentown, PA",ABE|KABE,40.652083,-75.440806,America/New_York,-240,UTC-04:00
RU,Chokurdah,Chokurdah,CKH|UESO,70.6231,147.902,Asia/Magadan,660,UTC+11:00
US,"Statesville, NC","Statesville, NC",KSVH|SVH,35.7649958,-80.9538958,America/New_York,-240,UTC-04:00
AU,Fitzroy Crossing,Fitzroy Crossing,FIZ|YFTZ,-18.178,125.591,Australia/Perth,480,UTC+08:00
VE,Maracaibo,Maracaibo,MAR|SVMC,10.558208,-71.727856,America/Caracas,-240,UTC-04:00
FI,Kauhava,Kauhava,EFKA|KAU,63.127078,23.051442,Europe/Helsinki,180,UTC+03:00
CA,Nain,Nain,CYDP|YDP,56.5492,-61.6803,America/Goose_Bay,-180,UTC-03:00
US,"Tuntutuliak, Alaska","Tuntutuliak, Alaska",WTL,60.335278,-162.666944,America/Anchorage,-480,UTC-08:00
AU,Parkes,Parkes,PKE|YPKS,-33.1314,148.239,Australia/Sydney,600,UTC+10:00
AT,Klagenfurt,Klagenfurt,KGV|KLU|LOWK,46.642514,14.337739,Europe/Vienna,120,UTC+02:00
US,"Pine Mountain, Georgia","Pine Mountain, Georgia",KPIM|PIM,32.8406944,-84.8824444,America/New_York,-240,UTC-04:00
US,"Dallas, Texas","Dallas, Texas",ADS|DAL|DFW|DNE|KADS|KDAL|KDFW,32.896828,-97.037997,America/Chicago,-300,UTC-05:00
US,"Kerrville, Texas","Kerrville, Texas",ERV|KERV,29.9766667,-99.0854722,America/Chicago,-300,UTC-05:00
CA,Elliot Lake,Elliot Lake,YEL,46.35139,-82.56139,America/Toronto,-240,UTC-04:00
IT,Milan,Milan,BGY|IMR|IPR|LIMC|LIME|LIML|LIMP|LIN|MXP|PMF|SWK|XIK,0.0,0.0,Europe/Rome,120,UTC+02:00
IN,Bellary,Bellary,BEP|VOBI,15.162783,76.882775,Asia/Kolkata,330,UTC+05:30
ZM,Kitwe,Kitwe,FLSO|KIW,-12.900469,28.149858,Africa/Lusaka,120,UTC+02:00
ES,Pamplona,Pamplona,EEP|LEPP|PNA,42.770039,-1.646331,Europe/Madrid,120,UTC+02:00
CD,Inongo,Inongo,FZBA|INO,-1.94722,18.2858,Africa/Kinshasa,60,UTC+01:00
TR,Samsun,Samsun,LTFH|SSX|SZF,41.2545,36.5671,Europe/Istanbul,180,UTC+03:00
MA,Errachidia,Errachidia,ERH|GMFK,31.9475,-4.398333,Africa/Casablanca,60,UTC+01:00
DE,Rostock,Rostock,ETNL|RLG,53.918167,12.278333,Europe/Berlin,120,UTC+02:00
US,"Kipnuk, Alaska","Kipnuk, Alaska",KPN|PAKI,59.933056,-164.030556,America/Nome,-480,UTC-08:00
NZ,Kaikoura,Kaikoura,KBZ|NZKI,-42.416668,173.68333,Pacific/Auckland,720,UTC+12:00
IT,Bari,Bari,BRI|LIBD,41.138856,16.760594,Europe/Rome,120,UTC+02:00
MH,Wotho Island,Wotho Island,WTO,10.1733,166.003,Pacific/Wake,720,UTC+12:00
NZ,Auckland,Auckland,AKL|MHB|NZAA,-37.008056,174.791667,Pacific/Auckland,720,UTC+12:00
TC,Salt Cay,Salt Cay,MBSY|SLX,21.333,-71.2,America/Grand_Turk,-240,UTC-04:00
JP,Tottori,Tottori,RJOR|TTJ,35.530069,134.166553,Asia/Tokyo,540,UTC+09:00
QA,Doha,Doha,DIA|DOH|OTBD|OTBH|OTHH|XJD|XOZ,25.261153,51.61377,Asia/Qatar,180,UTC+03:00
US,"Fairbanks, Alaska","Fairbanks, Alaska",EIL|FAI|FBK|PAEI|PAFA|PAFB,64.815114,-147.856267,America/Anchorage,-480,UTC-08:00
MH,Mili Island,Mili Island,MIJ|MLIP,6.08333,171.733,Pacific/Majuro,720,UTC+12:00
JP,Aomori,Aomori,AOJ|RJSA,40.734722,140.690833,Asia/Tokyo,540,UTC+09:00
US,"Reno, NV","Reno, NV",KRNO|RNO,39.499108,-119.768108,America/Los_Angeles,-420,UTC-07:00
CN,Weihai,Weihai,WEH|ZSWH,37.1871,122.229,Asia/Shanghai,480,UTC+08:00
CN,Yichang,Yichang,YIH|ZHYC,30.671,111.441,Asia/Shanghai,480,UTC+08:00
BR,Campo Grande,Campo Grande,CGR|SBCG,-20.468667,-54.6725,America/Campo_Grande,-240,UTC-04:00
PA,San Miguel,San Miguel,NMG,0.0,0.0,America/Panama,-300,UTC-05:00
MG,Mandabe,Mandabe,WMD,-21.033,44.95,Indian/Antananarivo,180,UTC+03:00
ES,Bilbao,Bilbao,BFB|BIO|LEBB|YJI,43.301097,-2.910608,Europe/Madrid,120,UTC+02:00
HR,Rijeka,Rijeka,LDRI|RJK,45.216889,14.570267,Europe/Zagreb,120,UTC+02:00
US,"Prospect Creek, Alaska","Prospect Creek, Alaska",PAPR|PPC,66.814167,-150.643611,America/Anchorage,-480,UTC-08:00
FR,Moulin Sur Allier,Moulin Sur Allier,LFHY|XMU,46.534581,3.423725,Europe/Paris,120,UTC+02:00
NO,Mehamn,Mehamn,ENMR|MEH,71.029722,27.826667,Europe/Oslo,120,UTC+02:00
CA,Fort Smith,Fort Smith,CYSM|YSM,60.020278,-111.961944,America/Yellowknife,-360,UTC-06:00
FR,Calvi,Calvi,CLY|LFKC,42.530753,8.793189,Europe/Paris,120,UTC+02:00
ZM,Solwezi,Solwezi,FLSW|SLI,-12.1737,26.3651,Africa/Lusaka,120,UTC+02:00
US,"Martinsburg, West Virginia","Martinsburg, West Virginia",KMRB|MRB,39.2407,-77.591,America/New_York,-240,UTC-04:00
US,"Lafayette, Indiana","Lafayette, Indiana",LAF,40.4123056,-86.9368889,America/Indiana/Indianapolis,-240,UTC-04:00
CA,Gillam,Gillam,CYGX|YGX,56.3575,-94.7106,America/Winnipeg,-300,UTC-05:00
US,"Tallahassee, Florida","Tallahassee, Florida",KTLH|TLH,30.396528,-84.350333,America/New_York,-240,UTC-04:00
CO,Leguizamo,Leguizamo,LGZ,0.0,0.0,America/Bogota,-300,UTC-05:00
RU,Bugulma,Bugulma,UUA|UWKB,54.64,52.8017,Europe/Moscow,180,UTC+03:00
IE,Galway,Galway,EICM|GWY,53.300175,-8.941592,Europe/Dublin,60,UTC+01:00
VE,Santa Elena,Santa Elena,SNV,4.554722,-61.144922,America/Caracas,-240,UTC-04:00
BR,Araxa,Araxa,AAX|SBAX,-19.563056,-46.960278,America/Sao_Paulo,-180,UTC-03:00
US,"Kekaha, Hawaii","Kekaha, Hawaii",BKH|PHBK,22.022833,-159.785,Pacific/Honolulu,-600,UTC-10:00
JP,Yamagata,Yamagata,GAJ|RJSC,38.411894,140.371331,Asia/Tokyo,540,UTC+09:00
ZA,Newcastle,Newcastle,FANC|NCS,-27.770586,29.976894,Africa/Johannesburg,120,UTC+02:00
NZ,Milford Sound,Milford Sound,MFN|NZMF,-44.67333,167.92333,Pacific/Auckland,720,UTC+12:00
TR,Bodrum,Bodrum,BJV|BXN|LTBV|LTFE,37.249,27.667,Europe/Istanbul,180,UTC+03:00
US,"Madison, WI","Madison, WI",KMSN|MSN,43.139858,-89.337514,America/Chicago,-300,UTC-05:00
BW,Selebi Phikwe,Selebi Phikwe,FBSP|PKW,-22.05835,27.828767,Africa/Gaborone,120,UTC+02:00
ID,Luwuk,Luwuk,LUW|WAMW,-1.038919,122.771906,Asia/Makassar,480,UTC+08:00
US,"Danville, Illinois","Danville, Illinois",DNV,40.1992,-87.5953,America/Chicago,-300,UTC-05:00
TZ,Lake Manyara,Lake Manyara,HTLM|LKY,-3.376306,35.818278,Africa/Dar_es_Salaam,180,UTC+03:00
MX,Ciudad Constitucion,Ciudad Constitucion,CUA|MMDA,25.0538,-111.615,America/Mazatlan,-420,UTC-07:00
US,"Battle Mountain, Nevada","Battle Mountain, Nevada",BAM|BAMB,49.911,10.9,America/Los_Angeles,-420,UTC-07:00
MG,Ambanja,Ambanja,FMNJ|IVA,-13.65,48.467,Indian/Antananarivo,180,UTC+03:00
AU,Kubin Island,Kubin Island,KUG|YKUB,-10.225,142.218,Australia/Brisbane,600,UTC+10:00
GB,Mansfield,Mansfield,ZMA,49.479633,8.469858,Europe/London,60,UTC+01:00
IN,Tirupati,Tirupati,TIR|VOTP,13.632492,79.543256,Asia/Kolkata,330,UTC+05:30
GB,Edinburgh,Edinburgh,EDI|EGPH|ZXE,55.95,-3.3725,Europe/London,60,UTC+01:00
CA,Port Hawkesbury,Port Hawkesbury,YPS,45.65667,-61.36806,America/Halifax,-180,UTC-03:00
PF,Maupiti,Maupiti,MAU|NTTP,-16.426486,-152.243669,Pacific/Tahiti,-600,UTC-10:00
AU,Shute Harbour,Shute Harbour,JHQ|YSHR,-20.278299,148.757004,Australia/Brisbane,600,UTC+10:00
US,"Kotlik, Alaska","Kotlik, Alaska",KOT|PFKO,63.030556,-163.532778,America/Nome,-480,UTC-08:00
CA,Telegraph Creek,Telegraph Creek,YTX,0.0,0.0,America/Vancouver,-420,UTC-07:00
CA,Fox Harbour,Fox Harbour,CCK4|YFX,52.3728,-55.6739,America/St_Johns,-150,UTC-02:30
FR,Tours,Tours,LFOT|TUF|XSH,47.432222,0.727606,Europe/Paris,120,UTC+02:00
PG,Nuku,Nuku,UKU,-3.667,142.483,Asia/Vladivostok,600,UTC+10:00
MX,Salina Cruz,Salina Cruz,MM57|SCX,16.2126,-95.2016,America/Mexico_City,-360,UTC-06:00
ET,Jinka,Jinka,BCO|HABC,5.78287,36.562,Africa/Addis_Ababa,180,UTC+03:00
AU,Mackay,Mackay,MKY|YBMK,-21.171667,149.179722,Australia/Brisbane,600,UTC+10:00
ES,Ibiza,Ibiza,IBZ|LEIB,38.872858,1.373117,Europe/Madrid,120,UTC+02:00
MH,Loen,Loen,LOF,0.0,0.0,Pacific/Majuro,720,UTC+12:00
NO,Fagernes,Fagernes,ENFG|VDB,61.015556,9.288056,Europe/Oslo,120,UTC+02:00
AR,Rio Grande,Rio Grande,RGA|SAWE,-53.777667,-67.749389,America/Argentina/Ushuaia,-180,UTC-03:00
CD,Isiro,Isiro,FZJH|IRP,2.827606,27.588253,Africa/Lubumbashi,120,UTC+02:00
KZ,Balkhash,Balkhash,BXH,46.8933,75.005,Asia/Qyzylorda,300,UTC+05:00
TO,Niuafo Ou,Niuafo Ou,NFO|NFTO,-15.5708,-175.633,Pacific/Tongatapu,780,UTC+13:00
MG,Soalala,Soalala,DWB|FMNO,-16.083,45.367,Indian/Antananarivo,180,UTC+03:00
US,"Huslia, Alaska","Huslia, Alaska",HSL|PAHL,65.697778,-156.351389,America/Anchorage,-480,UTC-08:00
PH,Puerto Princesa,Puerto Princesa,PPS|RPVP,9.742119,118.758731,Asia/Manila,480,UTC+08:00
DE,Heide Buesum,Heide Buesum,EDXB|HEI,54.1533,8.90167,Europe/Berlin,120,UTC+02:00
DE,Cologne,Cologne,BNJ|CGN|EDDK|QBB|QKL|QKU,50.865917,7.142744,Europe/Berlin,120,UTC+02:00
NO,Molde,Molde,ENML|MOL,62.744722,7.2625,Europe/Oslo,120,UTC+02:00
ZA,Kimberley,Kimberley,FAKM|KIM,-28.802834,24.765167,Africa/Johannesburg,120,UTC+02:00
AF,Sheghnan,Sheghnan,SGA,37.567,71.5,Asia/Kabul,270,UTC+04:30
TR,Afyon,Afyon,AFY|LTAH,38.726425,30.601114,Europe/Istanbul,180,UTC+03:00
KE,Samburu,Samburu,HKSB|UAS,0.530583,37.5342,Africa/Nairobi,180,UTC+03:00
US,"Fresh Water Bay, Alaska","Fresh Water Bay, Alaska",FRP|KFPR,27.497472,-80.372638,America/Anchorage,-480,UTC-08:00
NL,Lelystad,Lelystad,LEY,52.4603,5.52722,Europe/Amsterdam,120,UTC+02:00
BR,Rio Verde,Rio Verde,RVD|SWLC,-17.790278,-50.918333,America/Sao_Paulo,-180,UTC-03:00
US,"Fond Du Lac, Wisconsin","Fond Du Lac, Wisconsin",FLD|KFLD,43.7711667,-88.4884167,America/Chicago,-300,UTC-05:00
CA,Armstrong,Armstrong,CYYW|YYW,50.290279,-88.909721,America/Toronto,-240,UTC-04:00
BR,Rondonopolis,Rondonopolis,ROO|SWRD,-16.466667,-54.633333,America/Cuiaba,-240,UTC-04:00
NO,Kirkenes,Kirkenes,ENKR|KKN,69.725781,29.891295,Europe/Oslo,120,UTC+02:00
PG,Uvol,Uvol,UVO,0.0,0.0,Pacific/Port_Moresby,600,UTC+10:00
US,"Colorado Springs, Colorado","Colorado Springs, Colorado",COS|FCS|KCOS|KFCS,38.805805,-104.700778,America/Denver,-360,UTC-06:00
MG,Vohemar,Vohemar,FMNV|VOH,-13.375834,50.002777,Indian/Antananarivo,180,UTC+03:00
TR,Diyarbakir,Diyarbakir,DIY|LTCC,37.893897,40.201019,Europe/Istanbul,180,UTC+03:00
PG,Sule,Sule,ULE,-4.97472,151.297,Asia/Vladivostok,600,UTC+10:00
BR,Teixeira Freitas,Teixeira Freitas,TXF,-17.524167,-39.669722,America/Fortaleza,-180,UTC-03:00
US,"Emmonak, Alaska","Emmonak, Alaska",EMK|PAEM,62.786111,-164.490833,America/Nome,-480,UTC-08:00
RU,Pevek,Pevek,PWE|UHMP,69.783283,170.597006,Asia/Anadyr,720,UTC+12:00
ML,Mopti,Mopti,GAMB|MZI,14.512803,-4.079561,Africa/Bamako,0,UTC+00:00
TR,Hatay,Hatay,HTY|LTDA,36.362778,36.282222,Europe/Istanbul,180,UTC+03:00
PR,Mayaguez,Mayaguez,MAZ|TJMZ,18.255694,-67.148472,America/Puerto_Rico,-240,UTC-04:00
MX,Lagos De Moreno,Lagos De Moreno,LOM,0.0,0.0,America/Mexico_City,-360,UTC-06:00
WS,Maota Savaii Is,Maota Savaii Is,MXS|NSMA,-13.733,-172.3,Pacific/Apia,780,UTC+13:00
JP,Okushiri,Okushiri,OIR|RJEO,42.071667,139.432911,Asia/Tokyo,540,UTC+09:00
NC,Tiga,Tiga,NWWA|TGJ,-21.0961,167.804,Pacific/Noumea,660,UTC+11:00
BE,Brussels,Brussels,BRU|CRL|EBBR|EBCI|ZYR,50.901389,4.484444,Europe/Brussels,120,UTC+02:00
OM,Thumrait,Thumrait,OOTH|TTH,17.666,54.024612,Asia/Muscat,240,UTC+04:00
SA,Dammam,Dammam,DMM|DMS|OEDF,26.471161,49.79789,Asia/Riyadh,180,UTC+03:00
ME,Tivat,Tivat,LYTV|TIV,42.404664,18.723286,Europe/Podgorica,120,UTC+02:00
JP,Tokunoshima,Tokunoshima,RJKN|TKN,27.836381,128.881253,Asia/Tokyo,540,UTC+09:00
BS,South Andros,South Andros,TZN,0.0,0.0,America/Panama,-300,UTC-05:00
ID,Buol,Buol,UOL,1.15905,121.428,Asia/Makassar,480,UTC+08:00
IN,Pathankot,Pathankot,IXP|VIPK,32.233778,75.634628,Asia/Kolkata,330,UTC+05:30
RO,Iasi,Iasi,IAS|LRIA,47.178492,27.620631,Europe/Bucharest,180,UTC+03:00
ID,Manokwari,Manokwari,MKW|WASR,-0.891833,134.049183,Asia/Jayapura,540,UTC+09:00
KR,Gunsan,Gunsan,KUV|RKJK,35.903756,126.615906,Asia/Seoul,540,UTC+09:00
US,"Mountain Home, Idaho","Mountain Home, Idaho",KMUO|MUO,43.043603,-115.872431,America/Boise,-360,UTC-06:00
PG,Daru,Daru,AYDU|DAU,-9.08676,143.208,Pacific/Port_Moresby,600,UTC+10:00
MG,Tsaratanana,Tsaratanana,FMNT|TTS,-16.75,47.617,Indian/Antananarivo,180,UTC+03:00
US,"Dayton, Ohio","Dayton, Ohio",DAY|FFO|KDAY|KFFO,39.902375,-84.219375,America/New_York,-240,UTC-04:00
US,"Rhinelander, WI","Rhinelander, WI",KRHI|RHI,45.6312,-89.4675,America/Chicago,-300,UTC-05:00
EG,Marsa Alam,Marsa Alam,HEMA|RMF,25.557111,34.583711,Africa/Cairo,180,UTC+03:00
RO,Arad,Arad,ARW|LRAR,46.17655,21.262022,Europe/Bucharest,180,UTC+03:00
IT,Taranto,Taranto,LIBG|TAR,40.517514,17.403212,Europe/Rome,120,UTC+02:00
AU,Goulburn,Goulburn,GUL|YGLB,-34.8103,149.726,Australia/Sydney,600,UTC+10:00
JP,Shimojishima,Shimojishima,RORS|SHI,24.826667,125.144722,Asia/Tokyo,540,UTC+09:00
US,"Page, Arizona","Page, Arizona",KPGA|PGA,36.9261,-111.4483,America/Denver,-360,UTC-06:00
US,"Erie, PA","Erie, PA",ERI|KERI,42.082022,-80.176217,America/New_York,-240,UTC-04:00
RU,Tynda,Tynda,TYD|UHBW,55.2843,124.7825,Asia/Yakutsk,540,UTC+09:00
SE,Helsingborg,Helsingborg,AGH|ESTA|JHE,56.2961,12.8471,Europe/Stockholm,120,UTC+02:00
US,"Quincy, IL","Quincy, IL",KUIN|UIN,39.9427,-91.1946,America/Chicago,-300,UTC-05:00
MY,Kuala Terengganu,Kuala Terengganu,TGG|WMKN,5.382639,103.10336,Asia/Kuala_Lumpur,480,UTC+08:00
PA,El Real,El Real,ELE,8.133,-77.7,America/Panama,-300,UTC-05:00
PG,Gasmata Island,Gasmata Island,GMI,-6.27111,150.331,Asia/Vladivostok,600,UTC+10:00
ID,Surabaya,Surabaya,DHX|SUB|WARR,-7.379831,112.786858,Asia/Jakarta,420,UTC+07:00
GP,Saint Barthelemy,Saint Barthelemy,SBH|TFFJ,17.9023,-62.8324,America/St_Barthelemy,-240,UTC-04:00
AU,Muccan,Muccan,MUNI|MUQ,48.1408,11.555,Australia/Perth,480,UTC+08:00
MX,Manzanillo,Manzanillo,MMZO|ZLO,19.144778,-104.558631,America/Mexico_City,-360,UTC-06:00
ET,Arba Mintch,Arba Mintch,AMH|HAAM,6.039389,37.590453,Africa/Addis_Ababa,180,UTC+03:00
NO,Alta,Alta,ALF|ENAT,69.976111,23.371667,Europe/Oslo,120,UTC+02:00
PG,Awaba,Awaba,AWB,-8.014,142.75,Asia/Vladivostok,600,UTC+10:00
US,"Wisconsin Rapids, Wisconsin","Wisconsin Rapids, Wisconsin",ISW|KISW,44.3606456,-89.8381412,America/Chicago,-300,UTC-05:00
MY,Lawas,Lawas,LWY|WBGW,4.84917,115.408,Asia/Kuching,480,UTC+08:00
US,"New Haven, CT","New Haven, CT",HVN|KHVN|ZVE,41.26375,-72.886806,America/New_York,-240,UTC-04:00
MZ,Pemba,Pemba,FQPB|POL,-12.986753,40.522492,Africa/Maputo,120,UTC+02:00
US,"Springfield, Illinois","Springfield, Illinois",KSPI|SPI,39.8441,-89.677889,America/Chicago,-300,UTC-05:00
CA,Stephenville,Stephenville,CYJT|YJT,48.544167,-58.549999,America/St_Johns,-150,UTC-02:30
TR,Kahramanmaras,Kahramanmaras,KCM|LTCN,37.539,36.9534,Europe/Istanbul,180,UTC+03:00
US,"Lake Charles, Louisiana","Lake Charles, Louisiana",KLCH|LCH,30.126112,-93.223335,America/Chicago,-300,UTC-05:00
US,"Kasigluk, Alaska","Kasigluk, Alaska",KUK|PFKA,60.873333,-162.524444,America/Nome,-480,UTC-08:00
US,"Dalhart, Texas","Dalhart, Texas",DHT|KDHT,36.022586,-102.547278,America/Chicago,-300,UTC-05:00
CA,Ogoki,Ogoki,CNT3|YOG,51.6586,-85.9017,America/Toronto,-240,UTC-04:00
US,"Hazleton, Pennsylvania","Hazleton, Pennsylvania",HZL|KHZL,40.989167,-76.0025,America/New_York,-240,UTC-04:00
SE,Kiruna,Kiruna,ESNQ|KRN,67.821986,20.336764,Europe/Stockholm,120,UTC+02:00
IN,Agatti Island,Agatti Island,AGX|VOAT,10.823656,72.176042,Asia/Kolkata,330,UTC+05:30
US,"Ekuk, Alaska","Ekuk, Alaska",KKU,58.81168,-158.56106,America/Anchorage,-480,UTC-08:00
NP,Pokhara,Pokhara,PKR|VNPK,28.200881,83.982056,Asia/Kathmandu,345,UTC+05:45
US,"Pasco, Washington","Pasco, Washington",PSC,46.2647,-119.119,America/Los_Angeles,-420,UTC-07:00
MG,Tulear,Tulear,FMST|TLE,-23.383369,43.728453,Indian/Antananarivo,180,UTC+03:00
US,"Jackson, Tennessee","Jackson, Tennessee",KMKL|MKL,35.599889,-88.915611,America/Chicago,-300,UTC-05:00
NO,Hasvik,Hasvik,ENHK|HAA,70.486675,22.139744,Europe/Oslo,120,UTC+02:00
JP,Kyoto,Kyoto,UKY,35.016667,135.766667,Asia/Tokyo,540,UTC+09:00
ST,Principe,Principe,FPPR|PCP,1.662936,7.411742,Africa/Sao_Tome,0,UTC+00:00
PG,Kiunga,Kiunga,AYKI|UNG,-6.12571,141.282,Pacific/Port_Moresby,600,UTC+10:00
TR,Batman,Batman,BAL|LTCJ,37.928969,41.116583,Europe/Istanbul,180,UTC+03:00
JP,Takamatsu,Takamatsu,RJOT|TAK,34.214167,134.015556,Asia/Tokyo,540,UTC+09:00
GU,Guam,Guam,GUM|PGUA|PGUM|UAM,13.48345,144.795983,Pacific/Guam,600,UTC+10:00
BR,Breves,Breves,BVS|SNVS,-1.681944,-50.48,America/Belem,-180,UTC-03:00
DE,Bitburg,Bitburg,BBJ|EDAB,51.193531,14.519747,Europe/Berlin,120,UTC+02:00
YE,Hodeidah,Hodeidah,HOD|OYHD,14.753,42.976336,Asia/Aden,180,UTC+03:00
LT,Siauliai,Siauliai,EYSA|SQQ,55.893886,23.394975,Europe/Vilnius,180,UTC+03:00
SN,Kolda,Kolda,KDA,12.88333,-14.96667,Africa/Dakar,0,UTC+00:00
FR,Rouen,Rouen,LFOP|URO,49.384172,1.1748,Europe/Paris,120,UTC+02:00
PA,Changuinola,Changuinola,CHX|MPCH,9.458636,-82.516806,America/Panama,-300,UTC-05:00
IN,Vijayawada,Vijayawada,VGA|VOBZ,16.530433,80.796847,Asia/Kolkata,330,UTC+05:30
AR,Mendoza,Mendoza,MDZ|SAME,-32.831717,-68.792856,America/Argentina/Mendoza,-180,UTC-03:00
NO,Sogndal,Sogndal,ENSG|SOG,61.1561,7.13778,Europe/Oslo,120,UTC+02:00
IR,Shahre-Kord,Shahre-Kord,CQD|OIFS,32.2972,50.8422,Asia/Tehran,210,UTC+03:30
CA,Round Lake,Round Lake,CZRJ|ZRJ,52.9436,-91.3128,America/Winnipeg,-300,UTC-05:00
TV,Funafuti Atol,Funafuti Atol,FUN|NGFU,-8.525,179.196389,Pacific/Funafuti,720,UTC+12:00
BR,Macapa,Macapa,MCP|SBMQ,0.050664,-51.072178,America/Belem,-180,UTC-03:00
BR,Sorocaba,Sorocaba,SDCO|SOD,-23.478,-47.49,America/Sao_Paulo,-180,UTC-03:00
AU,Moomba,Moomba,MOO|YOOM,-28.1,140.2,Australia/Adelaide,570,UTC+09:30
AU,Hervey Bay,Hervey Bay,HVB|YHBA,-25.318889,152.880278,Australia/Brisbane,600,UTC+10:00
US,"Burlington, Vermont","Burlington, Vermont",BTV|KBTV,44.471861,-73.153278,America/New_York,-240,UTC-04:00
PG,Linga Linga,Linga Linga,LGN,0.0,0.0,Asia/Vladivostok,600,UTC+10:00
MR,Nouakchott,Nouakchott,GQNN|NKC,18.097856,-15.947956,Africa/Nouakchott,0,UTC+00:00
US,"Perryville, Alaska","Perryville, Alaska",KPV|PAPE,55.906667,-159.160833,America/Anchorage,-480,UTC-08:00
CN,Taizhou (Zhejiang),Taizhou (Zhejiang),HYN|ZSLQ,28.5622,121.429,Asia/Shanghai,480,UTC+08:00
RU,Rybinsk,Rybinsk,RYB|UUBK,58.1042,38.9294,Europe/Moscow,180,UTC+03:00
GB,Belfast,Belfast,BFS|BHD|EGAA|EGAC,54.6575,-6.215833,Europe/London,60,UTC+01:00
SA,Riyadh,Riyadh,OERK|RUH,24.95764,46.698776,Asia/Riyadh,180,UTC+03:00
US,"North Bend, Oregon","North Bend, Oregon",KOTH|OTH,43.4171,-124.246,America/Los_Angeles,-420,UTC-07:00
AU,Kalkurung,Kalkurung,KFG|YKKG,-17.4319,130.808,Australia/Darwin,570,UTC+09:30
US,"Edwards Afb, California","Edwards Afb, California",EDW|KEDW,34.905417,-117.883739,America/Los_Angeles,-420,UTC-07:00
US,"Billings, Montana","Billings, Montana",BIL|KBIL,45.80921,-108.537654,America/Denver,-360,UTC-06:00
RU,Anadyr,Anadyr,DYR|UHMA,64.73495,177.741483,Asia/Anadyr,720,UTC+12:00
MY,Sibu,Sibu,SBW|WBGS,2.261603,111.985322,Asia/Kuching,480,UTC+08:00
NP,Taplejung,Taplejung,TPJ|VNTJ,27.35,84.667,Asia/Kathmandu,345,UTC+05:45
BR,Blumenau,Blumenau,BNU|SSBL,-26.834239,-49.091696,America/Sao_Paulo,-180,UTC-03:00
ZA,Thaba Nchu,Thaba Nchu,TCU,-29.3178,26.8228,Africa/Johannesburg,120,UTC+02:00
MX,Tehuacan,Tehuacan,MMHC|TCN,18.497189,-97.419942,America/Mexico_City,-360,UTC-06:00
IR,Yazd,Yazd,AZD|OIYY,31.904908,54.276503,Asia/Tehran,210,UTC+03:30
US,"Champaign, Illinois","Champaign, Illinois",CMI|KCMI,40.03925,-88.278056,America/Chicago,-300,UTC-05:00
GR,Kastoria,Kastoria,KSO|LGKA,40.446294,21.282186,Europe/Athens,180,UTC+03:00
CA,Wollaston Lake,Wollaston Lake,CZWL|ZWL,58.1069,-103.172,America/Regina,-360,UTC-06:00
VE,Tucupita,Tucupita,SVTC|TUV,9.088994,-62.094175,America/Caracas,-240,UTC-04:00
PG,Kuri,Kuri,KUQ,0.0,0.0,Pacific/Port_Moresby,600,UTC+10:00
MT,Malta,Malta,LMML|MLA,35.857497,14.4775,Europe/Malta,120,UTC+02:00
US,"Circle, Alaska","Circle, Alaska",IRC|PACR,65.827778,-144.076111,America/Anchorage,-480,UTC-08:00
BB,Bridgetown,Bridgetown,BGI|TBPB,13.074603,-59.492456,America/Barbados,-240,UTC-04:00
AR,Gualeguaychu,Gualeguaychu,GHU|SAAG,-33.010278,-58.613056,America/Argentina/Cordoba,-180,UTC-03:00
VU,Ipota,Ipota,IPA|NVVI,-18.8783,169.308,Pacific/Efate,660,UTC+11:00
IN,Coimbatore,Coimbatore,CJB|VOCB,11.030031,77.043383,Asia/Kolkata,330,UTC+05:30
FR,Strasbourg,Strasbourg,LFST|SXB|XER|XWG,48.538319,7.628233,Europe/Paris,120,UTC+02:00
CH,Zuerich,Zuerich,LSZH|ZLP|ZRH,47.464722,8.549167,Europe/Zurich,120,UTC+02:00
DE,Goettingen,Goettingen,ZEU,51.536631,9.926776,Europe/Berlin,120,UTC+02:00
TH,Sakon Nakhon,Sakon Nakhon,SNO|VTUI,17.195142,104.118625,Asia/Bangkok,420,UTC+07:00
CL,Porvenir,Porvenir,WPR,-53.2537,-70.319228,America/Santiago,-240,UTC-04:00
US,"Caldwell, New Jersey","Caldwell, New Jersey",CDW|KCDW,40.8752222,-74.2813611,America/New_York,-240,UTC-04:00
BE,Liege,Liege,EBLG|LGG|XHN,50.637417,5.443222,Europe/Brussels,120,UTC+02:00
BD,Barisal,Barisal,BZL|VGBR,22.801,90.3012,Asia/Dhaka,360,UTC+06:00
US,"Grand Marais, Minnesota","Grand Marais, Minnesota",GRM|KCKC,47.8383333,-90.3829444,America/Detroit,-240,UTC-04:00
CN,Fuzhou,Fuzhou,FOC|ZSFZ,25.935064,119.663272,Asia/Shanghai,480,UTC+08:00
CN,Qiemo,Qiemo,IQM|ZWCM,38.1494,85.5328,Asia/Urumqi,360,UTC+06:00
SE,Norrkoeping,Norrkoeping,ESSP|NRK|XYK,58.586253,16.250622,Europe/Stockholm,120,UTC+02:00
GY,Orinduik,Orinduik,ORJ|SYOR,4.7,-60.016667,America/Boa_Vista,-240,UTC-04:00
FJ,Suva,Suva,NFNA|SUV,-18.043267,178.559228,Pacific/Fiji,720,UTC+12:00
GF,Maripasoula,Maripasoula,MPY|SOOA,3.6575,-54.037222,America/Cayenne,-180,UTC-03:00
GL,Qaanaaq,Qaanaaq,BGQQ|NAQ,77.4886,-69.3887,America/Thule,-180,UTC-03:00
US,"Hoonah, Alaska","Hoonah, Alaska",HNH|PAOH,58.096111,-135.409722,America/Juneau,-480,UTC-08:00
RU,Samara,Samara,KUF,53.5,50.15,Europe/Samara,240,UTC+04:00
RU,Yaroslavl,Yaroslavl,IAR|UUDL,57.56066668,40.15736945,Europe/Moscow,180,UTC+03:00
CN,Linyi,Linyi,LYI|ZSLY,35.0461,118.412,Asia/Shanghai,480,UTC+08:00
IS,Egilsstadir,Egilsstadir,BIEG|EGS,65.283333,-14.401389,Atlantic/Reykjavik,0,UTC+00:00
IE,Sligo,Sligo,EISG|SXL,54.280214,-8.599206,Europe/Dublin,60,UTC+01:00
PH,Baguio,Baguio,BAG|RPUB,16.375103,120.619636,Asia/Manila,480,UTC+08:00
FR,Carcassonne,Carcassonne,CCF|LFMK,43.215978,2.306317,Europe/Paris,120,UTC+02:00
US,"Hillsboro, Oregon","Hillsboro, Oregon",HIO|KHIO,45.540394,-122.949825,America/Los_Angeles,-420,UTC-07:00
HK,Hong Kong,Hong Kong,HKG|HKM|VHHH,22.308919,113.914603,Asia/Hong_Kong,480,UTC+08:00
ES,San Sebastian,San Sebastian,EAS|FDD|LESO,43.356519,-1.790611,Europe/Madrid,120,UTC+02:00
IR,Parsabad,Parsabad,OITP|PFQ,39.603606,47.8815,Asia/Tehran,210,UTC+03:30
CA,Davis Inlet,Davis Inlet,YDI,0.0,0.0,America/Halifax,-180,UTC-03:00
DE,Fuerstenfeldbruck,Fuerstenfeldbruck,ETSF|FEL,48.205667,11.267,Europe/Berlin,120,UTC+02:00
US,"Rocky Mount, NC","Rocky Mount, NC",KRWI|RWI,35.8563,-77.8919,America/New_York,-240,UTC-04:00
AU,Cootamundra,Cootamundra,CMD,-34.6239,148.028,Australia/Sydney,600,UTC+10:00
JP,Tsushima,Tsushima,RJDT|TSJ,34.284889,129.33055,Asia/Tokyo,540,UTC+09:00
CN,Xi An Xiguan,Xi An Xiguan,SIA|ZLSN,34.3767,109.12,Asia/Chongqing,480,UTC+08:00
US,"Grand Junction, Colorado","Grand Junction, Colorado",GJT|KGJT,39.122413,-108.526735,America/Denver,-360,UTC-06:00
MN,Ulaangom,Ulaangom,ULO|ZMUG,49.973333,92.079722,Asia/Hovd,420,UTC+07:00
IN,Imphal,Imphal,IMF|VEIM,24.75995,93.896697,Asia/Kolkata,330,UTC+05:30
AF,Qala Nau,Qala Nau,LQN,34.985,63.1178,Asia/Kabul,270,UTC+04:30
US,"Port Alexander, Alaska","Port Alexander, Alaska",PTD,0.0,0.0,America/Sitka,-480,UTC-08:00
DK,Sindal,Sindal,CNL|EKSN,57.503525,10.229372,Europe/Copenhagen,120,UTC+02:00
CA,Meadow Lake,Meadow Lake,CYLJ|YLJ,54.125278,-108.522778,America/Regina,-360,UTC-06:00
SI,Portoroz,Portoroz,LJPZ|POW,45.473353,13.614978,Europe/Ljubljana,120,UTC+02:00
PK,Dera Ismail Khan,Dera Ismail Khan,DSK|OPDI,31.909422,70.896639,Asia/Karachi,300,UTC+05:00
CD,Mbandaka,Mbandaka,FZEA|MDK,0.0226,18.288744,Africa/Kinshasa,60,UTC+01:00
US,"Presque Isle, Maine","Presque Isle, Maine",KPQI|PQI,46.688958,-68.044797,America/New_York,-240,UTC-04:00
SY,Latakia,Latakia,LTK|OSLK,35.401094,35.948681,Asia/Damascus,180,UTC+03:00
US,"Hollis, Alaska","Hollis, Alaska",HYL,55.481667,-132.646111,America/Anchorage,-480,UTC-08:00
CN,Tangshan,Tangshan,TVS|ZBSN,39.717444,118.002389,Asia/Shanghai,480,UTC+08:00
SE,Hemavan,Hemavan,ESUT|HMV,65.806111,15.082778,Europe/Stockholm,120,UTC+02:00
KI,Teraina,Teraina,TNQ,0.0,0.0,Pacific/Kiritimati,840,UTC+14:00
OM,Sur,Sur,SUH,0.0,0.0,Asia/Muscat,240,UTC+04:00
TR,Agri,Agri,AJI|LTCO,39.6546,43.0271,Europe/Istanbul,180,UTC+03:00
SB,Honiara,Honiara,AGGH|HIR,-9.428,160.054789,Pacific/Guadalcanal,660,UTC+11:00
US,"Chisana, Alaska","Chisana, Alaska",CZN,62.071111,-142.048333,America/Anchorage,-480,UTC-08:00
CA,Qikiqtarjuaq,Qikiqtarjuaq,CYVM|YVM,67.545833,-64.031389,America/Pangnirtung,-240,UTC-04:00
IN,Cuddapah,Cuddapah,CDP|VOCP,14.509961,78.772833,Asia/Kolkata,330,UTC+05:30
GY,Sandcreek,Sandcreek,KSDC|SDC,43.2347904,-77.119444,America/Guyana,-240,UTC-04:00
AR,Neuquen,Neuquen,NQN|SAZN,-38.949,-68.155711,America/Argentina/Salta,-180,UTC-03:00
TO,Ha Apai,Ha Apai,HPA|NFTL,-19.777,-174.341,Pacific/Tongatapu,780,UTC+13:00
BR,Santana Do Aragua,Santana Do Aragua,CMP|SNKE,-9.505,-50.625,America/Belem,-180,UTC-03:00
BR,Criciuma,Criciuma,CCM|SBCM,-28.725817,-49.424739,America/Sao_Paulo,-180,UTC-03:00
EG,Mersa Matruh,Mersa Matruh,HEMM|MUH,31.325356,27.221689,Africa/Cairo,180,UTC+03:00
VU,Sola,Sola,NVSC|SLH,-13.8517,167.537,Pacific/Efate,660,UTC+11:00
MN,Bayankhongor,Bayankhongor,BYN|ZMBH,46.1633,100.704,Asia/Ulaanbaatar,480,UTC+08:00
US,"Jacksonville, Florida","Jacksonville, Florida",JAX|KJAX|KNIP|KVQQ|NIP|VQQ,30.494056,-81.687861,America/New_York,-240,UTC-04:00
US,"Kaltag, Alaska","Kaltag, Alaska",KAL|PAKV,64.3191,-158.741,America/Anchorage,-480,UTC-08:00
US,"Corpus Christi, Texas","Corpus Christi, Texas",CRP|KCRP,27.770361,-97.501222,America/Chicago,-300,UTC-05:00
SN,Kaolack,Kaolack,GOOK|KLC,14.146881,-16.051297,Africa/Dakar,0,UTC+00:00
NO,Trondheim,Trondheim,ENVA|TRD,63.457556,10.92425,Europe/Oslo,120,UTC+02:00
CA,Bonaventure,Bonaventure,CYVB|YVB,48.0711,-65.4603,America/Montreal,-240,UTC-04:00
CN,Luzhou,Luzhou,LZO|ZULZ,28.8522,105.393,Asia/Chongqing,480,UTC+08:00
RO,Tirgu Mures,Tirgu Mures,LRTM|TGM,46.467714,24.412525,Europe/Bucharest,180,UTC+03:00
TW,Kinmen,Kinmen,KNH|RCBS,24.427892,118.359197,Asia/Taipei,480,UTC+08:00
GR,Samos,Samos,LGSM|SMI,37.689999,26.911667,Europe/Athens,180,UTC+03:00
TC,Grand Turk Is,Grand Turk Is,GDT|MBGT,21.4445,-71.1423,America/Grand_Turk,-240,UTC-04:00
DE,Flensburg,Flensburg,EDXF|FLF,54.771772,9.378214,Europe/Berlin,120,UTC+02:00
US,"Marshfield, Wisconsin","Marshfield, Wisconsin",KMFI|MFI,44.6368797,-90.1893267,America/Chicago,-300,UTC-05:00
FR,Deauville,Deauville,DOL|LFRG,49.365339,0.154306,Europe/Paris,120,UTC+02:00
US,"Nashua, New Hampshire","Nashua, New Hampshire",ASH|KASH,42.78175,-71.5147778,America/New_York,-240,UTC-04:00
IT,Venice,Venice,LIPH|LIPZ|TSF|VCE|XVQ|XVY,45.505278,12.351944,Europe/Rome,120,UTC+02:00
US,"El Centro, CA","El Centro, CA",IPL|KIPL|KNJK|NJK,32.834219,-115.578744,America/Los_Angeles,-420,UTC-07:00
US,"Durango, Colorado","Durango, Colorado",DRO|KDRO,37.151516,-107.75377,America/Denver,-360,UTC-06:00
US,"Shaktoolik, Alaska","Shaktoolik, Alaska",PFSH|SKK,64.371111,-161.223889,America/Anchorage,-480,UTC-08:00
MG,Ambatomainty,Ambatomainty,AMY,-17.1667,47.1833,Africa/Juba,120,UTC+02:00
SY,Aleppo,Aleppo,ALP|OSAP,36.180675,37.224358,Asia/Damascus,180,UTC+03:00
PT,Terceira Island,Terceira Island,LPLA|TER,38.761842,-27.090797,Atlantic/Azores,0,UTC+00:00
AU,Long Island,Long Island,HAP,0.0,0.0,Asia/Vladivostok,600,UTC+10:00
KZ,Pavlodar,Pavlodar,PWQ|UASP,52.195,77.073889,Asia/Qyzylorda,300,UTC+05:00
US,"Fort Riley, Kansas","Fort Riley, Kansas",FRI|KFRI,39.055275,-96.764453,America/Chicago,-300,UTC-05:00
FR,Saint Brieuc,Saint Brieuc,LFRT|SBK,48.537777,-2.854445,Europe/Paris,120,UTC+02:00
US,"Kobuk, Alaska","Kobuk, Alaska",OBU|PAOB,66.912222,-156.897222,America/Anchorage,-480,UTC-08:00
ZM,Chipata,Chipata,CIP|FLCP,-13.5583,32.5872,Africa/Lusaka,120,UTC+02:00
CR,Canas,Canas,CSC|MRCA,10.414,-85.0917,America/Costa_Rica,-360,UTC-06:00
RU,Ust Ilimsk,Ust Ilimsk,UIBS|UIK,58.135,102.566,Asia/Irkutsk,480,UTC+08:00
SB,Auki,Auki,AGGA|AKS,-8.70257,160.682,Pacific/Guadalcanal,660,UTC+11:00
VU,Gaua,Gaua,NVSQ|ZGU,-14.2181,167.587,Pacific/Efate,660,UTC+11:00
BR,Petrolina,Petrolina,PNZ|SBPL,-9.362411,-40.569097,America/Recife,-180,UTC-03:00
FR,Brest,Brest,BES|LFRB,48.447911,-4.418539,Europe/Paris,120,UTC+02:00
US,"Athens, Tennessee","Athens, Tennessee",KMMI|MMI,35.39919,-84.56177,America/New_York,-240,UTC-04:00
GB,Lossiemouth,Lossiemouth,EGQS|LMO,57.705214,-3.339169,Europe/London,60,UTC+01:00
TW,Orchid Island,Orchid Island,KYD|RCLY,22.028842,121.533642,Asia/Taipei,480,UTC+08:00
FR,Angers,Angers,ANE|LFJR|QXG,47.5603,-0.312222,America/Chicago,-300,UTC-05:00
MZ,Vilanculos,Vilanculos,FQVL|VNX,-22.018431,35.313297,Africa/Maputo,120,UTC+02:00
DE,Borkum,Borkum,BMK|EDWR,53.5955,6.709167,Europe/Berlin,120,UTC+02:00
SA,Wadi Ad Dawasir,Wadi Ad Dawasir,OEWD|WAE,20.504275,45.199556,Asia/Riyadh,180,UTC+03:00
LV,Riga,Riga,EVRA|RIX,56.923611,23.971111,Europe/Riga,180,UTC+03:00
RU,Cherepovets,Cherepovets,CEE|ULBC,59.279593,38.022102,Europe/Moscow,180,UTC+03:00
JP,Shonai,Shonai,RJSY|SYO,38.812222,139.787222,Asia/Tokyo,540,UTC+09:00
AF,Zaranj,Zaranj,OAZJ|ZAJ,30.969167,61.866944,Asia/Kabul,270,UTC+04:30
PL,Koszalin,Koszalin,EPKO|OSZ,54.041,16.266,Europe/Warsaw,120,UTC+02:00
VU,Craig Cove,Craig Cove,CCV|NVSF,-16.265,167.924,Pacific/Efate,660,UTC+11:00
CN,Chaoyang(Liaoning),Chaoyang(Liaoning),CHG|ZYCY,41.5381,120.435,Asia/Shanghai,480,UTC+08:00
US,"Harrison, Arkansas","Harrison, Arkansas",HRO|KHRO,36.261519,-93.154728,America/Chicago,-300,UTC-05:00
FR,Rodez,Rodez,LFCR|RDZ,44.407869,2.482672,Europe/Paris,120,UTC+02:00
DO,Santo Domingo,Santo Domingo,JBQ|MDJB|MDSD|SDQ,18.429664,-69.668925,America/Santo_Domingo,-240,UTC-04:00
IT,Cuneo,Cuneo,CUF|LIMZ,44.547019,7.623217,Europe/Rome,120,UTC+02:00
MX,Palenque,Palenque,PQM,17.5334,-91.9845,America/Mexico_City,-360,UTC-06:00
US,"Provincetown, Massachusetts","Provincetown, Massachusetts",KPVC|PVC,42.071945,-70.22139,America/New_York,-240,UTC-04:00
GY,Mabaruma,Mabaruma,SYMB|USI,8.2,-59.783333,America/Guyana,-240,UTC-04:00
PH,Camiguin,Camiguin,CGM|RPMH,9.25352,124.707,Asia/Manila,480,UTC+08:00
DZ,Jijel,Jijel,DAAV|GJL,36.795136,5.873608,Africa/Algiers,60,UTC+01:00
US,"Osage Beach, Missouri","Osage Beach, Missouri",ORBM|OSB,36.305833,43.1475,America/Montreal,-240,UTC-04:00
US,"Midland, Texas","Midland, Texas",KMAF|MAF,31.942528,-102.201914,America/Chicago,-300,UTC-05:00
NO,Forde,Forde,FDE,61.392,5.763,Europe/Oslo,120,UTC+02:00
BO,Sucre,Sucre,SLSU|SRE,-19.007083,-65.288747,America/La_Paz,-240,UTC-04:00
BR,Dourados,Dourados,DOU|SSDO,-22.220833,-54.805833,America/Campo_Grande,-240,UTC-04:00
US,"Elkhart, Indiana","Elkhart, Indiana",EKI,41.719444,-86.003333,America/Indiana/Indianapolis,-240,UTC-04:00
CN,Nanyang,Nanyang,NNY|ZHNY,32.9808,112.615,Asia/Shanghai,480,UTC+08:00
AR,Santa Fe,Santa Fe,SAAV|SFN,-31.711666,-60.811668,America/Argentina/Cordoba,-180,UTC-03:00
US,"Kake, Alaska","Kake, Alaska",KAE,56.973056,-133.945556,America/Sitka,-480,UTC-08:00
US,"Lewiston, Maine","Lewiston, Maine",KLEW|LEW,44.0484728,-70.2835075,America/New_York,-240,UTC-04:00
CA,Wha Ti Lac La Matre,Wha Ti Lac La Matre,CEM3|YLE,63.1317,-117.246,America/Yellowknife,-360,UTC-06:00
US,"Mojave, California","Mojave, California",KMHV|MHV,35.059364,-118.151856,America/Los_Angeles,-420,UTC-07:00
US,"Telluride, Colorado","Telluride, Colorado",KTEX|TEX,37.953759,-107.90848,America/Denver,-360,UTC-06:00
SD,Eldebba,Eldebba,EDB,18.025,30.9583,Africa/Khartoum,120,UTC+02:00
CA,Oshawa,Oshawa,CYOO|YOO,43.9228,-78.895,America/Toronto,-240,UTC-04:00
SB,Ramata,Ramata,AGRM|RBV,-8.16806,157.643,Pacific/Guadalcanal,660,UTC+11:00
CA,Estevan,Estevan,CYEN|YEN,49.210278,-102.965833,America/Regina,-360,UTC-06:00
US,"Springdale, Arkansas","Springdale, Arkansas",KSPZ|SPZ,39.4030278,-119.2511944,America/Chicago,-300,UTC-05:00
PK,Badin,Badin,BDN|OPTH,24.841519,68.838408,Asia/Karachi,300,UTC+05:00
US,"Edna Bay, Alaska","Edna Bay, Alaska",EDA,55.95002,-133.66662,America/Anchorage,-480,UTC-08:00
MG,Mampikony,Mampikony,FMNP|WMP,-16.049,47.622,Indian/Antananarivo,180,UTC+03:00
FR,Ile D Yeu,Ile D Yeu,IDY|LFEY,46.718611,-2.391111,Europe/Paris,120,UTC+02:00
BY,Minsk,Minsk,MHP|MSQ|UMMM|UMMS,53.882469,28.030731,Europe/Minsk,180,UTC+03:00
GR,Volos,Volos,LGBL|VOL,39.219619,22.794339,Europe/Athens,180,UTC+03:00
BR,Ribeirao Preto,Ribeirao Preto,RAO|SBRP,-21.134167,-47.774189,America/Sao_Paulo,-180,UTC-03:00
US,"Troutdale, Oregon","Troutdale, Oregon",KTTD|TTD,45.54937,-122.401253,America/Los_Angeles,-420,UTC-07:00
FR,Lannion,Lannion,LAI|LFRO,48.754378,-3.471656,Europe/Paris,120,UTC+02:00
RU,Astrakhan,Astrakhan,ASF|URWA,46.283333,48.006278,Europe/Volgograd,180,UTC+03:00
CM,Batouri,Batouri,OUR,4.46667,14.36667,Africa/Douala,60,UTC+01:00
FR,Chalons En Champagne,Chalons En Champagne,LFOK|XCR,48.776072,4.184492,Europe/Paris,120,UTC+02:00
ZA,Phalaborwa,Phalaborwa,FAPH|PHW,-23.937166,31.15539,Africa/Johannesburg,120,UTC+02:00
US,"Rock Springs, Wyoming","Rock Springs, Wyoming",KRKS|RKS,41.5942,-109.065,America/Denver,-360,UTC-06:00
CA,Mont Joli,Mont Joli,CYYY|YYY,48.608612,-68.208056,America/Montreal,-240,UTC-04:00
NL,Bergen Op Zoom,Bergen Op Zoom,EHWO|WOE,51.449092,4.342031,Europe/Amsterdam,120,UTC+02:00
IS,Isafjordur,Isafjordur,BIIS|IFJ,66.058056,-23.135278,Atlantic/Reykjavik,0,UTC+00:00
CA,Dauphin,Dauphin,CYDN|YDN,51.100834,-100.0525,America/Winnipeg,-300,UTC-05:00
NL,Apeldoorn,Apeldoorn,QYP,52.212419,5.965886,Europe/Amsterdam,120,UTC+02:00
TH,Nakhon Phanom,Nakhon Phanom,KOP|VTUW,17.383794,104.643022,Asia/Bangkok,420,UTC+07:00
ID,Atambua,Atambua,ABU,-9.07305,124.905,Asia/Makassar,480,UTC+08:00
US,"Salem, Oregon","Salem, Oregon",KSLE|SLE,44.9095,-123.003,America/Los_Angeles,-420,UTC-07:00
RU,Sevastopol,Sevastopol,UKFB|UKS,44.691431,33.57567,Europe/Simferopol,180,UTC+03:00
DZ,In Guezzam,In Guezzam,INF,19.56667,5.75,Africa/Algiers,60,UTC+01:00
AU,Wilcannia,Wilcannia,WIO|YWCA,-31.51749992,143.3789978,Australia/Sydney,600,UTC+10:00
MX,Tuxtla Gutierrez,Tuxtla Gutierrez,MMTG|TGZ,16.561822,-93.026081,America/Mexico_City,-360,UTC-06:00
DK,Thisted,Thisted,EKTS|TED,57.0688,8.705225,Europe/Copenhagen,120,UTC+02:00
JP,Tanegashima,Tanegashima,RJFG|TNE,30.605067,130.991231,Asia/Tokyo,540,UTC+09:00
SB,Rennell,Rennell,AGGR|RNL,-11.5339,160.063,Pacific/Guadalcanal,660,UTC+11:00
FJ,Lakeba,Lakeba,LKB|NFNK,-18.1992,-178.817,Pacific/Fiji,720,UTC+12:00
US,"Jefferson City, Missouri","Jefferson City, Missouri",JEF|KJEF,38.5912,-92.1561,America/Chicago,-300,UTC-05:00
US,"Gladwin, Michigan","Gladwin, Michigan",GDW|KGDW,43.9705893,-84.47502,America/Detroit,-240,UTC-04:00
DE,Ramstein,Ramstein,ETAR|RMS,49.436911,7.600283,Europe/Berlin,120,UTC+02:00
ZA,Giyani,Giyani,GIY,-23.2833,30.65,Africa/Johannesburg,120,UTC+02:00
ID,Bandung,Bandung,BDO|WICC,-6.900625,107.576294,Asia/Jakarta,420,UTC+07:00
ZA,Cape Town,Cape Town,CPT|FACT,-33.964806,18.601667,Africa/Johannesburg,120,UTC+02:00
GB,Perth,Perth,EGPT|PSL,56.439722,-3.371389,Europe/London,60,UTC+01:00
PA,Sambu,Sambu,SAX,8.017,-78.2,America/Panama,-300,UTC-05:00
US,"Greenville, Texas","Greenville, Texas",GVT|KGVT,33.067839,-96.065333,America/Chicago,-300,UTC-05:00
IN,Ranchi,Ranchi,IXR|VERC,23.31425,85.321675,Asia/Kolkata,330,UTC+05:30
FR,Nice,Nice,LFMN|NCE|NВИ,43.658411,7.215872,Europe/Paris,120,UTC+02:00
ID,Sampit,Sampit,SMQ|WAOS,-2.499194,112.974992,Asia/Pontianak,420,UTC+07:00
DZ,El Golea,El Golea,DAUE|ELG,30.571294,2.859586,Africa/Algiers,60,UTC+01:00
PH,Busuanga,Busuanga,RPVV|USU,12.121458,120.100031,Asia/Manila,480,UTC+08:00
HR,Brac,Brac,BWK|LDSB,43.285719,16.679719,Europe/Zagreb,120,UTC+02:00
CN,Yanji,Yanji,YNJ|ZYYJ,42.8828,129.451258,Asia/Harbin,480,UTC+08:00
NG,Owerri,Owerri,DNIM|QOW,5.42706,7.20603,Africa/Lagos,60,UTC+01:00
ES,Granada,Granada,GRX|LEGR,37.188731,-3.777356,Europe/Madrid,120,UTC+02:00
AU,Saint George,Saint George,SGO|YSGE,-28.0497,148.595,Australia/Brisbane,600,UTC+10:00
US,"Skagway, Alaska","Skagway, Alaska",PAGY|SGY,59.4601,-135.316,America/Juneau,-480,UTC-08:00
US,"Levelock, Alaska","Levelock, Alaska",KLL,59.128056,-156.858611,America/Anchorage,-480,UTC-08:00
RU,Gelendzik,Gelendzik,GDZ,44.594111,38.025575,Europe/Moscow,180,UTC+03:00
MG,Antsalova,Antsalova,FMMG|WAQ,-18.7,44.617,Indian/Antananarivo,180,UTC+03:00
GB,Bath,Bath,QQX,51.3775,-2.3564,Europe/London,60,UTC+01:00
AR,Tandil,Tandil,SAZT|TDL,-37.237392,-59.227922,America/Argentina/Buenos_Aires,-180,UTC-03:00
US,"Nelson Lagoon, Alaska","Nelson Lagoon, Alaska",NLG|PAOU,56.0075,-161.160278,America/Anchorage,-480,UTC-08:00
SD,Dongola,Dongola,DOG|HSDN,19.153867,30.430094,Africa/Khartoum,120,UTC+02:00
GB,Papa Stour,Papa Stour,PSV,60.3217,-1.69306,Europe/London,60,UTC+01:00
BA,Mostar,Mostar,LQMO|OMO,43.2829,17.845878,Europe/Sarajevo,120,UTC+02:00
IT,Catania,Catania,CTA|LICC,37.466781,15.0664,Europe/Rome,120,UTC+02:00
AU,Exmouth Gulf,Exmouth Gulf,EXM,-21.933,114.128,Australia/Perth,480,UTC+08:00
IN,Mumbai,Mumbai,BOM|VABB,19.088686,72.867919,Asia/Kolkata,330,UTC+05:30
CA,Castlegar,Castlegar,CYCG|YCG,49.296389,-117.6325,America/Vancouver,-420,UTC-07:00
GB,Papa Westray,Papa Westray,EGEP|PPW,59.3517,-2.90028,Europe/London,60,UTC+01:00
CA,Abbotsford,Abbotsford,CYXX|YXX,49.025278,-122.360556,America/Vancouver,-420,UTC-07:00
US,"Venetie, Alaska","Venetie, Alaska",PAVE|VEE,67.008611,-146.366389,America/Anchorage,-480,UTC-08:00
BO,Tarija,Tarija,SLTJ|TJA,-21.555736,-64.701325,America/La_Paz,-240,UTC-04:00
AU,Jandakot,Jandakot,JAD|YPJT,-32.0975,115.881111,Australia/Perth,480,UTC+08:00
SE,Halmstad,Halmstad,ESMT|HAD,56.691128,12.820211,Europe/Stockholm,120,UTC+02:00
BW,Hukuntsi,Hukuntsi,HUK,-23.9897,21.7581,Africa/Harare,120,UTC+02:00
VU,Espiritu Santo,Espiritu Santo,NVSS|SON,-15.505033,167.219742,Pacific/Efate,660,UTC+11:00
ET,Nekemt,Nekemt,NEK,9.05,36.6,Africa/Addis_Ababa,180,UTC+03:00
VE,Puerto Ordaz,Puerto Ordaz,PZO|SVPR,8.288528,-62.760361,America/Caracas,-240,UTC-04:00
LS,Lesobeng,Lesobeng,LES|LEUT,47.75,10.601,Africa/Maseru,120,UTC+02:00
VU,Port Vila,Port Vila,NVVV|VLI,-17.699325,168.319794,Pacific/Efate,660,UTC+11:00
NZ,Stewart Island,Stewart Island,NZRC|SZS,-46.899693,168.101592,Pacific/Auckland,720,UTC+12:00
PA,Panama City,Panama City,MPMG|MPTO|PAC|PTY,9.071364,-79.383453,America/Panama,-300,UTC-05:00
PL,Gdynia,Gdynia,EPOK|QYD,54.5797,18.5172,Europe/Paris,120,UTC+02:00
PT,Funchal,Funchal,FNC|LPMA,32.697889,-16.774453,Atlantic/Madeira,60,UTC+01:00
GP,Basse Terre,Basse Terre,BBR|TFFB,16.0133,-61.7422,America/Guadeloupe,-240,UTC-04:00
AT,Woergl,Woergl,QXZ,0.0,0.0,Europe/Vienna,120,UTC+02:00
PA,Bocas Del Toro,Bocas Del Toro,BOC|MPBO,9.340853,-82.250842,America/Panama,-300,UTC-05:00
ET,Dembidollo,Dembidollo,DEM|HADD,8.554,34.858,Africa/Addis_Ababa,180,UTC+03:00
GB,Aberdeen,Aberdeen,ABZ|EGPD|ZXA,57.201944,-2.197778,Europe/London,60,UTC+01:00
US,"Rawlins, Wyoming","Rawlins, Wyoming",KFWL|RWL,41.8055975,-107.19994,America/Denver,-360,UTC-06:00
RU,Petrozavodsk,Petrozavodsk,PES|ULPB,61.8852,34.1547,Europe/Moscow,180,UTC+03:00
CA,Gillies Bay,Gillies Bay,CYGB|YGB,49.6942,-124.518,America/Vancouver,-420,UTC-07:00
AU,Maryborough,Maryborough,MBH|YMYB,-25.5133,152.715,Australia/Brisbane,600,UTC+10:00
CA,Swift Current,Swift Current,CYYN|YYN,50.291944,-107.690556,America/Regina,-360,UTC-06:00
MY,Malacca,Malacca,MKZ|WMKM,2.263361,102.251553,Asia/Kuala_Lumpur,480,UTC+08:00
NI,Puerto Cabezas,Puerto Cabezas,MNPC|PUZ,14.047194,-83.386722,America/Managua,-360,UTC-06:00
US,"Bradford, Pennsylvania","Bradford, Pennsylvania",BFD|KBFD,41.8031,-78.6401,America/New_York,-240,UTC-04:00
CH,Geneve,Geneve,GVA|LSGG|ZHT,46.238064,6.10895,Europe/Zurich,120,UTC+02:00
AF,Khost,Khost,KHT|OAKS,33.3334,69.952,Asia/Kabul,270,UTC+04:30
CA,Queen Charlotte Is,Queen Charlotte Is,ZQS,0.0,0.0,America/Vancouver,-420,UTC-07:00
CD,Kolwezi,Kolwezi,FZQM|KWZ,-10.765886,25.505714,Africa/Lubumbashi,120,UTC+02:00
PG,Tari,Tari,AYTA|TIZ,-5.845,142.948,Pacific/Port_Moresby,600,UTC+10:00
CN,Changde,Changde,CGD|ZGCD,28.9189,111.64,Asia/Shanghai,480,UTC+08:00
AF,Kandahar,Kandahar,KDH|OAKN,31.505756,65.847822,Asia/Kabul,270,UTC+04:30
GB,Benbecula,Benbecula,BEB|EGPL,57.481111,-7.362778,Europe/London,60,UTC+01:00
MG,Ankazoabo,Ankazoabo,WAK,0.0,0.0,Indian/Antananarivo,180,UTC+03:00
FR,Macon,Macon,LFLM|QNX,46.295103,4.795767,Europe/Paris,120,UTC+02:00
US,"Montgomery, New York","Montgomery, New York",KMGJ|MGJ,41.5099884,-74.2646444,America/New_York,-240,UTC-04:00
AU,Mcarthur River,Mcarthur River,MCV|YMHU,-16.4425,136.084,Australia/Darwin,570,UTC+09:30
ID,Kupang,Kupang,KOE|WATT,-10.171583,123.671136,Asia/Makassar,480,UTC+08:00
ES,Barcelona,Barcelona,BCN|LEBL|YJB|YJD,41.297078,2.078464,Europe/Madrid,120,UTC+02:00
CN,Hailar,Hailar,HLD|ZBLA,49.204997,119.825,Asia/Shanghai,480,UTC+08:00
US,"Greenwood, South Carolina","Greenwood, South Carolina",GRD,34.24957,-82.1579,America/New_York,-240,UTC-04:00
GB,Cardiff,Cardiff,CFW|CWL|EGFF,51.396667,-3.343333,Europe/London,60,UTC+01:00
PG,Wau,Wau,WUG,0.0,0.0,Pacific/Port_Moresby,600,UTC+10:00
BY,Mogilyov,Mogilyov,MVQ|UMOO,53.9549,30.0951,Europe/Minsk,180,UTC+03:00
GD,Carriacou Is,Carriacou Is,CRU,12.4761,-61.4728,America/Grenada,-240,UTC-04:00
TM,Turkmanbashi,Turkmanbashi,KRW|UTAK,40.063333,53.007222,Asia/Ashgabat,300,UTC+05:00
CA,Ilford,Ilford,CZBD|ILF,56.0614,-95.6139,America/Winnipeg,-300,UTC-05:00
MW,Mzuzu,Mzuzu,FWUU|ZZU,-11.44475,34.011776,Africa/Blantyre,120,UTC+02:00
GR,Kavala,Kavala,KVA|LGKV,40.913306,24.619223,Europe/Athens,180,UTC+03:00
NZ,Whakatane,Whakatane,NZWK|WHK,-37.920556,176.914167,Pacific/Auckland,720,UTC+12:00
US,"Macon, Georgia","Macon, Georgia",KMCN|MCN,32.69285,-83.649211,America/New_York,-240,UTC-04:00
ZA,Inyati,Inyati,INY,-24.815,31.42,Africa/Kigali,120,UTC+02:00
US,"Dublin, Virginia","Dublin, Virginia",PSK,37.13829,-80.68105,America/Havana,-240,UTC-04:00
AU,Orchid Beach,Orchid Beach,KOKB|OKB,-24.95841,153.3145,Asia/Vladivostok,600,UTC+10:00
US,"Charlottesville, Virginia","Charlottesville, Virginia",CHO|KCHO,38.138639,-78.452861,America/New_York,-240,UTC-04:00
CA,Cambridge Bay,Cambridge Bay,CYCB|YCB,69.108055,-105.138333,America/Cambridge_Bay,-360,UTC-06:00
US,"Lakeland, Florida","Lakeland, Florida",KLAL|LAL,27.9889167,-82.0185556,America/New_York,-240,UTC-04:00
ES,Murcia,Murcia,LELC|MJV|RMU|XUT,37.774972,-0.812389,Europe/Madrid,120,UTC+02:00
ET,Gambela,Gambela,GMB|HAGM,8.128764,34.563131,Africa/Addis_Ababa,180,UTC+03:00
CN,Jining,Jining,JNG,35.417,116.533,Asia/Shanghai,480,UTC+08:00
BR,Palmas,Palmas,PMW|SBPJ,-10.241667,-48.35278,America/Araguaina,-180,UTC-03:00
ID,Pendopo,Pendopo,PDO|WIPQ,-3.286069,103.8796,Asia/Jakarta,420,UTC+07:00
ID,Kelila,Kelila,LLN,-3.75,138.66667,Asia/Jayapura,540,UTC+09:00
GN,Fria,Fria,FIG|GUFA,10.350556,-13.569167,Africa/Conakry,0,UTC+00:00
VU,Paama,Paama,NVSI|PBJ,-16.439,168.257,Pacific/Efate,660,UTC+11:00
VN,Pleiku,Pleiku,PXU|VVPK,14.004522,108.017158,Asia/Ho_Chi_Minh,420,UTC+07:00
GB,Blackpool,Blackpool,BLK|EGNH,53.771667,-3.028611,Europe/London,60,UTC+01:00
ID,Wasior,Wasior,WSR,-2.73359,134.51801,Asia/Jayapura,540,UTC+09:00
US,"Saginaw, Michigan","Saginaw, Michigan",KMBS|MBS,43.532913,-84.079647,America/Detroit,-240,UTC-04:00
ID,Jambi,Jambi,DJB|WIPA,-1.638017,103.644378,Asia/Jakarta,420,UTC+07:00
RU,Vladikavkaz,Vladikavkaz,OGZ|URMO,43.2051,44.6066,Europe/Moscow,180,UTC+03:00
MY,Mulu,Mulu,MZV,4.048333,114.805,Asia/Kuching,480,UTC+08:00
NL,Amsterdam,Amsterdam,AMS|EHAM|ZYA,52.308613,4.763889,Europe/Amsterdam,120,UTC+02:00
ES,Gran Canaria,Gran Canaria,GCLP|LPA,27.931886,-15.386586,Atlantic/Canary,60,UTC+01:00
FJ,Rotuma Island,Rotuma Island,NFNR|RTA,-12.4825,177.071,Pacific/Fiji,720,UTC+12:00
BW,Kasane,Kasane,BBK|FBKE,-17.832875,25.1624,Africa/Gaborone,120,UTC+02:00
BS,Bimini,Bimini,BIM|MYBS|NSB,25.699881,-79.264656,America/Nassau,-240,UTC-04:00
NP,Kathmandu,Kathmandu,KTM|VNKT,27.696583,85.3591,Asia/Kathmandu,345,UTC+05:45
AU,Airlie Beach,Airlie Beach,WSY|YWHI,-20.276,148.755,Asia/Vladivostok,600,UTC+10:00
US,"Oscoda, Michigan","Oscoda, Michigan",KOSC|OSC,44.451558,-83.394053,America/Detroit,-240,UTC-04:00
IN,Vadodara,Vadodara,BDQ|VABO,22.336164,73.226289,Asia/Kolkata,330,UTC+05:30
CO,El Recreo,El Recreo,ELJ,0.0,0.0,America/Rio_Branco,-300,UTC-05:00
DE,Hanau,Hanau,ETID|ZNF,50.169189,8.961586,Europe/Berlin,120,UTC+02:00
CA,Thunder Bay,Thunder Bay,CYQT|YQT,48.371944,-89.323889,America/Thunder_Bay,-240,UTC-04:00
US,"Lemoore, California","Lemoore, California",KNLC|NLC,36.333012,-119.95208,America/Los_Angeles,-420,UTC-07:00
PL,Radom,Radom,RDO,51.39,21.21,Europe/Warsaw,120,UTC+02:00
TW,Pingtung,Pingtung,PIF|RCDC,22.672367,120.461728,Asia/Taipei,480,UTC+08:00
NZ,Fox Glacier,Fox Glacier,FGL,-43.4,170.033,Pacific/Auckland,720,UTC+12:00
BR,Chapeco,Chapeco,SBCH|XAP,-27.134219,-52.656553,America/Sao_Paulo,-180,UTC-03:00
PK,Sukkur,Sukkur,OPSK|SKZ,27.721989,68.791683,Asia/Karachi,300,UTC+05:00
US,"Belleville, Illinois","Belleville, Illinois",BLV|KBLV,38.545178,-89.835183,America/Chicago,-300,UTC-05:00
PG,Wewak,Wewak,AYWK|WWK,-3.583828,143.669186,Pacific/Port_Moresby,600,UTC+10:00
DE,Helgoland,Helgoland,EDXH|HGL,54.1853,7.91583,Europe/Berlin,120,UTC+02:00
TW,Taipei,Taipei,RCSS|RCTP|TPE|TSA,25.077731,121.232822,Asia/Taipei,480,UTC+08:00
SB,Bellona,Bellona,BNY,-11.302,159.8,Pacific/Guadalcanal,660,UTC+11:00
UG,Pakuba,Pakuba,HUPA|PAF,2.3275,31.5,Africa/Kampala,180,UTC+03:00
ES,Santiago,Santiago,LEST|SCQ,42.896333,-8.415144,Europe/Madrid,120,UTC+02:00
US,"Liberal, Kansas","Liberal, Kansas",KLBL|LBL,37.044222,-100.95986,Asia/Kuching,480,UTC+08:00
SO,Berbera,Berbera,BBO|HCMI,10.389167,44.941106,Africa/Mogadishu,180,UTC+03:00
CA,Iles De La Madele,Iles De La Madele,CYGR|YGR,47.424721,-61.778056,America/Halifax,-180,UTC-03:00
FI,Jyvaskyla,Jyvaskyla,EFJY|JYV,62.399453,25.678253,Europe/Helsinki,180,UTC+03:00
CN,Ling Ling,Ling Ling,LLF,26.345556,111.612222,Asia/Shanghai,480,UTC+08:00
CN,Qiqihar,Qiqihar,NDG|ZYQQ,47.239628,123.918131,Asia/Harbin,480,UTC+08:00
GB,Waddington,Waddington,EGXW|WTN,53.166167,-0.523811,Europe/London,60,UTC+01:00
TZ,Arusha,Arusha,ARK|HTAR,-3.367794,36.633333,Africa/Dar_es_Salaam,180,UTC+03:00
DZ,Djanet,Djanet,DAAJ|DJG,24.292767,9.452444,Africa/Algiers,60,UTC+01:00
US,"Tacoma, Washington","Tacoma, Washington",GRF|KGRF|KTCM|KTIW|TCM|TIW,47.267944,-122.57811,America/Vancouver,-420,UTC-07:00
US,"Tununak, Alaska","Tununak, Alaska",TNK,60.575556,-165.271667,America/Anchorage,-480,UTC-08:00
TR,Sanliurfa,Sanliurfa,GNY|LTCH|LTCS|SFQ,37.094261,38.847103,Europe/Istanbul,180,UTC+03:00
US,"Port Townsend, Washington","Port Townsend, Washington",TWD,48.0314,-122.4838,America/Los_Angeles,-420,UTC-07:00
RO,Craiova,Craiova,CRA|LRCV,44.318139,23.888611,Europe/Bucharest,180,UTC+03:00
CA,Igloolik,Igloolik,CYGT|YGT,69.3647,-81.8161,America/Iqaluit,-240,UTC-04:00
AU,Sue Island,Sue Island,SYU|YWBS,-10.2083,142.825,Australia/Brisbane,600,UTC+10:00
RU,Surgut,Surgut,SGC|USRR,61.340905,73.408628,Asia/Yekaterinburg,300,UTC+05:00
US,"Sleetmute, Alaska","Sleetmute, Alaska",PASL|SLQ,61.700566,-157.165833,America/Anchorage,-480,UTC-08:00
US,"Long Beach, California","Long Beach, California",KLGB|LGB,33.817722,-118.151611,America/Los_Angeles,-420,UTC-07:00
CA,Trenton,Trenton,CYTR|YTR,44.118889,-77.528056,America/Toronto,-240,UTC-04:00
MX,Cancun,Cancun,CUN|MMUN,21.036528,-86.877083,America/Cancun,-300,UTC-05:00
CA,Chilliwack,Chilliwack,CYCW|YCW,49.152779,-121.93889,America/Vancouver,-420,UTC-07:00
US,"Fort Leavenworth, Kansas","Fort Leavenworth, Kansas",FLV|KFLV,39.368332,-94.914686,America/Chicago,-300,UTC-05:00
MX,Leon,Leon,BJX|MMLO,20.993464,-101.480847,America/Mexico_City,-360,UTC-06:00
US,"Vernal, Utah","Vernal, Utah",KVEL|VEL,40.440833,-109.51,America/Denver,-360,UTC-06:00
NP,Jumla,Jumla,JUM|VNJL,29.274167,82.193333,Asia/Kathmandu,345,UTC+05:45
US,"Mackinac Island, Michigan","Mackinac Island, Michigan",MCD,45.8649344,-84.637344,America/Toronto,-240,UTC-04:00
SB,Barakoma,Barakoma,VEV,-7.91278,156.70599,Pacific/Guadalcanal,660,UTC+11:00
IN,Jodhpur,Jodhpur,JDH|VIJO,26.251092,73.048869,Asia/Kolkata,330,UTC+05:30
VE,San Fernando De Apure,San Fernando De Apure,SFD|SVSR,7.883317,-67.444025,America/Caracas,-240,UTC-04:00
US,"Havre, MO","Havre, MO",HVR|KHVR,48.542983,-109.762342,America/Denver,-360,UTC-06:00
PF,Ua Pou,Ua Pou,NTMP|UAP,-9.35167,-140.078,Pacific/Marquesas,-570,UTC-09:30
US,"Owensboro, KY","Owensboro, KY",KOWB|OWB,37.7401,-87.1668,America/Chicago,-300,UTC-05:00
TN,Tabarka,Tabarka,DTKA|TBJ,36.978333,8.876389,Africa/Tunis,60,UTC+01:00
CA,Tuktoyaktuk,Tuktoyaktuk,CYUB|YUB,69.433334,-133.026389,America/Yellowknife,-360,UTC-06:00
ZA,Alldays,Alldays,ADY|FAAL,-22.678889,29.055278,Africa/Johannesburg,120,UTC+02:00
NU,Niue Island,Niue Island,IUE|NIUE,-19.080028,-169.925639,Pacific/Niue,-660,UTC-11:00
US,"San Juan, Alaska","San Juan, Alaska",WSJ,57.730278,-153.320556,America/Anchorage,-480,UTC-08:00
LY,Benghazi,Benghazi,BEN|HLLB,32.096786,20.269472,Africa/Tripoli,120,UTC+02:00
CA,Alma,Alma,CYTF|YTF,48.508611,-71.641389,America/Montreal,-240,UTC-04:00
AR,Trelew,Trelew,REL|SAVT,-43.2105,-65.270319,America/Argentina/Catamarca,-180,UTC-03:00
CN,Harbin,Harbin,HRB|ZYHB,45.623403,126.250328,Asia/Harbin,480,UTC+08:00
TZ,Iringa,Iringa,HTIR|IRI,-7.668633,35.752114,Africa/Dar_es_Salaam,180,UTC+03:00
CA,Yellowknife,Yellowknife,CYZF|YZF,62.462778,-114.440278,America/Yellowknife,-360,UTC-06:00
PF,Anaa,Anaa,AAA|NTGA,-17.352606,-145.509956,Pacific/Tahiti,-600,UTC-10:00
PR,Fajardo,Fajardo,FAJ|NNJ|TJFA,18.308889,-65.661861,America/Puerto_Rico,-240,UTC-04:00
BR,Rio Grande,Rio Grande,RIG|SBRG,-32.082617,-52.166542,America/Sao_Paulo,-180,UTC-03:00
CA,Moose Jaw,Moose Jaw,CYMJ|YMJ,50.330278,-105.559167,America/Regina,-360,UTC-06:00
RU,Petropavlovsk Kamchatsky,Petropavlovsk Kamchatsky,PKC|UHPP,53.169342,158.425544,Asia/Kamchatka,720,UTC+12:00
GB,Westray,Westray,EGEW|WRY,59.3503,-2.95,Europe/London,60,UTC+01:00
US,"Escanaba, Michigan","Escanaba, Michigan",ESC|KESC,45.722778,-87.093611,America/Detroit,-240,UTC-04:00
VE,Porlamar,Porlamar,PMV|SVMG,10.912926,-63.967581,America/Caracas,-240,UTC-04:00
CO,Neiva,Neiva,NVA|SKNV,2.95015,-75.294,America/Bogota,-300,UTC-05:00
MY,Kota Kinabalu,Kota Kinabalu,BKI|WBKK,5.937208,116.051181,Asia/Kuching,480,UTC+08:00
BY,Brest,Brest,BQT|UMBB,52.06,23.53,Europe/Minsk,180,UTC+03:00
DZ,Ouargla,Ouargla,DAUU|OGX,31.917223,5.412778,Africa/Algiers,60,UTC+01:00
MX,Playa Del Carmen,Playa Del Carmen,PCM,20.6225,-87.082221,America/Vancouver,-420,UTC-07:00
PY,Ciudad Del Este,Ciudad Del Este,AGT|SGES,-25.4555,-54.843592,America/Asuncion,-180,UTC-03:00
US,"Sarasota, Florida","Sarasota, Florida",KSRQ|SRQ,27.395444,-82.554389,America/New_York,-240,UTC-04:00
IT,Padova,Padova,LIPU|QPA,45.395767,11.847903,Europe/Rome,120,UTC+02:00
GB,Liverpool,Liverpool,EGGP|LPL|LXC|LXL|QЛС,53.333611,-2.849722,Europe/London,60,UTC+01:00
US,"Angoon, Alaska","Angoon, Alaska",AGN|PAGN,57.503611,-134.585,America/Juneau,-480,UTC-08:00
US,"Redding, California","Redding, California",KRDD|RDD,40.509,-122.293389,America/Los_Angeles,-420,UTC-07:00
TD,Moundou,Moundou,FTTD|MQQ,8.624406,16.071419,Africa/Ndjamena,60,UTC+01:00
JP,Yoronjima,Yoronjima,RNJ|RORY,27.043964,128.401517,Asia/Tokyo,540,UTC+09:00
BR,Carauari,Carauari,CAF|SWCA,-4.871389,-66.8975,America/Manaus,-240,UTC-04:00
PG,Fulleborn,Fulleborn,FUB,0.0,0.0,Asia/Vladivostok,600,UTC+10:00
US,"Buckland, Alaska","Buckland, Alaska",BKC|PABL,65.981667,-161.149167,America/Anchorage,-480,UTC-08:00
US,"Morganton, North Carolina","Morganton, North Carolina",KMRN|MRN,35.8202336,-81.6115119,America/New_York,-240,UTC-04:00
ID,Matak,Matak,MWK|WIOM,3.348119,106.25805,Asia/Jakarta,420,UTC+07:00
US,"International Falls, MN","International Falls, MN",INL|KINL,48.566186,-93.403067,America/Chicago,-300,UTC-05:00
MH,Wotje Island,Wotje Island,N36|WTE,9.46667,170.233,Pacific/Wallis,720,UTC+12:00
US,"West Point, Alaska","West Point, Alaska",KWP,57.77,-153.548889,America/Anchorage,-480,UTC-08:00
US,"Livingston, Montana","Livingston, Montana",KLVM|LVM,45.6993889,-110.4483056,America/Denver,-360,UTC-06:00
ZA,Kleinzee,Kleinzee,FAKZ|KLZ,-29.688403,17.094006,Africa/Johannesburg,120,UTC+02:00
AU,Doomadgee,Doomadgee,DMD|YDMG,-17.9403,138.822,Australia/Brisbane,600,UTC+10:00
PG,Kaiapit,Kaiapit,KIA|PSKA,5.163333,-59.483333,America/Guyana,-240,UTC-04:00
KE,Mara Lodges,Mara Lodges,MRE,-1.406111,35.008056,Africa/Nairobi,180,UTC+03:00
NO,Mo I Rana,Mo I Rana,ENRA|MQN,66.3639,14.3014,Europe/Oslo,120,UTC+02:00
PT,Ponta Delgada Azores,Ponta Delgada Azores,LPPD|PDL,37.741184,-25.69787,Atlantic/Azores,0,UTC+00:00
CR,Liberia,Liberia,LIR|MRLB,10.593289,-85.544408,America/Costa_Rica,-360,UTC-06:00
US,"Eagle, Alaska","Eagle, Alaska",EAA|PAEG,64.778056,-141.149722,America/Anchorage,-480,UTC-08:00
CG,Nkayi,Nkayi,NKY,0.0,0.0,Africa/Brazzaville,60,UTC+01:00
EC,San Cristobal,San Cristobal,SCY|SEST,-0.910206,-89.61745,Pacific/Galapagos,-360,UTC-06:00
AM,Gyumri,Gyumri,LWN|UDSG,40.750369,43.859342,Asia/Yerevan,240,UTC+04:00
KZ,Shimkent,Shimkent,CIT|UAII,42.368454,69.482007,Asia/Qyzylorda,300,UTC+05:00
IT,Sigonella,Sigonella,LICZ|NSY,37.401664,14.922358,Europe/Rome,120,UTC+02:00
MN,Dalanzagdad,Dalanzagdad,DLZ|ZMDZ,43.5917,104.43,Asia/Ulaanbaatar,480,UTC+08:00
US,"Laconia, New Hampshire","Laconia, New Hampshire",LCI,43.57296,-71.41818,America/Iqaluit,-240,UTC-04:00
US,"Fort Eustis, Virginia","Fort Eustis, Virginia",FAF|KFAF,37.1325,-76.608841,America/New_York,-240,UTC-04:00
LA,Savannakhet,Savannakhet,VLSK|ZVK,16.556594,104.759531,Asia/Vientiane,420,UTC+07:00
MH,Enewetak Island,Enewetak Island,ENT|PKMA,11.34075,162.327861,Pacific/Majuro,720,UTC+12:00
CN,Shantou,Shantou,SWA|ZGOW,23.4,116.683,Asia/Shanghai,480,UTC+08:00
US,"Lewiston, Idaho","Lewiston, Idaho",KLWS|LWS,46.3745,-117.015389,America/Los_Angeles,-420,UTC-07:00
US,"Malad City, Idaho","Malad City, Idaho",KMLD|MLD,42.17,-112.289,America/Boise,-360,UTC-06:00
US,"Ardmore, Oklahoma","Ardmore, Oklahoma",ADM|KADM,34.300833,-97.008889,America/Chicago,-300,UTC-05:00
KZ,Kokshetau,Kokshetau,KOV|UACK,53.3291,69.5946,Asia/Qyzylorda,300,UTC+05:00
CA,Hall Beach,Hall Beach,CYUX|YUX,68.776111,-81.243611,America/Iqaluit,-240,UTC-04:00
US,"Plymouth, Massachusetts","Plymouth, Massachusetts",KPYM|PYM,41.9090278,-70.7287778,America/New_York,-240,UTC-04:00
AU,Mount Magnet,Mount Magnet,MMG|YMOG,-28.1161,117.842,Australia/Perth,480,UTC+08:00
KG,Osh,Osh,OSS|UAFO,40.608989,72.793269,Asia/Bishkek,360,UTC+06:00
US,"Gustavus, Alaska","Gustavus, Alaska",GST|PAGS,58.4253,-135.707,America/Juneau,-480,UTC-08:00
CN,Aksu,Aksu,AKU|ZWAK,41.2625,80.2917,Asia/Kashgar,360,UTC+06:00
EE,Tallinn,Tallinn,EETN|QUF|TLL,59.413317,24.832844,Europe/Tallinn,180,UTC+03:00
RU,Bryansk,Bryansk,BZK|UUBP,53.214194,34.176447,Europe/Moscow,180,UTC+03:00
ID,Sorong,Sorong,SOQ|WASS,-0.926358,131.121194,Asia/Jayapura,540,UTC+09:00
US,"Lake Tahoe South, California","Lake Tahoe South, California",KTVL|TVL,38.893889,-119.995278,America/Los_Angeles,-420,UTC-07:00
AO,Waco Kungo,Waco Kungo,CEO,0.0,0.0,Africa/Luanda,60,UTC+01:00
DE,Ulm,Ulm,QUL,0.0,0.0,Europe/Berlin,120,UTC+02:00
US,"Gainesville, Florida","Gainesville, Florida",GNV|KGNV,29.690056,-82.271778,America/New_York,-240,UTC-04:00
CO,Guerima,Guerima,GMC,0.0,0.0,America/Cayman,-300,UTC-05:00
IE,Shannon,Shannon,EINN|SNN,52.701978,-8.924817,Europe/Dublin,60,UTC+01:00
ET,Bahar Dar,Bahar Dar,BJR|HABD,11.608075,37.321644,Africa/Addis_Ababa,180,UTC+03:00
US,"Aleknagik, Alaska","Aleknagik, Alaska",5A8|WKK,59.2826,-158.618,America/Anchorage,-480,UTC-08:00
IN,Kota,Kota,KTU|VIKO,25.160219,75.845631,Asia/Kolkata,330,UTC+05:30
GB,Southend,Southend,EGMC|SEN,51.571389,0.695556,Europe/London,60,UTC+01:00
US,"Decatur Island, Washington","Decatur Island, Washington",DTR,0.0,0.0,America/Los_Angeles,-420,UTC-07:00
RU,Belgorod,Belgorod,EGO|UUOB,50.6438,36.5901,Europe/Moscow,180,UTC+03:00
CD,Kisangani,Kisangani,FKI|FZIA,0.5175,25.155014,Africa/Lubumbashi,120,UTC+02:00
MX,Ciudad Del Carmen,Ciudad Del Carmen,CME|MMCE,18.653739,-91.799017,America/Merida,-360,UTC-06:00
US,"Santa Monica, California","Santa Monica, California",KSMO|SMO,34.0158333,-118.4513056,America/Los_Angeles,-420,UTC-07:00
TO,Niuatoputapu,Niuatoputapu,NFTP|NTT,-15.9767,-173.755,Pacific/Tongatapu,780,UTC+13:00
US,"Mason City, Iowa","Mason City, Iowa",KMCW|MCW,43.2247,-93.4067,America/Chicago,-300,UTC-05:00
DE,Saarbruecken,Saarbruecken,EDDR|QFZ|SCN|ZQW,49.214553,7.109508,Europe/Berlin,120,UTC+02:00
AU,Dunk Island,Dunk Island,DKI|YDKI,-17.939722,146.141944,Australia/Brisbane,600,UTC+10:00
IN,Agra,Agra,AGR|VIAG,27.155831,77.960892,Asia/Kolkata,330,UTC+05:30
BR,Barbelos,Barbelos,BAZ|SWBC,-0.975,-62.923889,America/Manaus,-240,UTC-04:00
BR,Macae,Macae,MEA|SBME,-22.343,-41.766,America/Sao_Paulo,-180,UTC-03:00
CU,Camaguey,Camaguey,CMW|MUCM,21.420428,-77.847433,America/Havana,-240,UTC-04:00
DZ,Bejaia,Bejaia,BJA|DAAE,36.711997,5.069922,Africa/Algiers,60,UTC+01:00
US,"White Mountain, Alaska","White Mountain, Alaska",PAWM|WMO,64.689167,-163.412778,America/Nome,-480,UTC-08:00
NZ,Queenstown,Queenstown,NZQN|ZQN,-45.021111,168.739167,Pacific/Auckland,720,UTC+12:00
AU,Onslow,Onslow,ONS|YOLW,-21.667,115.116,Australia/Perth,480,UTC+08:00
US,"Santa Maria, California","Santa Maria, California",KSMX|SMX,34.8989,-120.457,America/Los_Angeles,-420,UTC-07:00
ID,Mindiptana,Mindiptana,MDP,-5.75,140.367,Asia/Jayapura,540,UTC+09:00
RU,Kostroma,Kostroma,KMW|UUBD,57.807752,41.013047,Europe/Moscow,180,UTC+03:00
BN,Bandar Seri Begaw,Bandar Seri Begaw,BWN|WBSB,4.9442,114.928353,Asia/Brunei,480,UTC+08:00
GA,Moanda,Moanda,MFF,-1.53333,13.26667,Africa/Libreville,60,UTC+01:00
BR,Itauba,Itauba,AUB|AUGS,48.3655,10.886,America/Sao_Paulo,-180,UTC-03:00
US,"Rifle, Colorado","Rifle, Colorado",KRIL|RIL,39.5263056,-107.7269444,America/Denver,-360,UTC-06:00
PF,Fakarava,Fakarava,FAV|NTGF,-16.05415,-145.656994,Pacific/Tahiti,-600,UTC-10:00
IN,Kandla,Kandla,IXY|VAKE,23.112719,70.100289,Asia/Kolkata,330,UTC+05:30
US,"Farmingdale, New York","Farmingdale, New York",FRG,40.72871,-73.4129,America/New_York,-240,UTC-04:00
IN,Allahabad,Allahabad,IXD|VIAL,25.440064,81.733872,Asia/Kolkata,330,UTC+05:30
US,"New Stuyahok, Alaska","New Stuyahok, Alaska",KNW|PANW,59.4499,-157.328,America/Anchorage,-480,UTC-08:00
PE,Rioja,Rioja,RIJ,-6.06786,-77.15998,America/Lima,-300,UTC-05:00
IN,Pondicherry,Pondicherry,PNY|VOPC,11.968722,79.810058,Asia/Kolkata,330,UTC+05:30
US,"Eugene, Oregon","Eugene, Oregon",EUG|KEUG,44.124583,-123.211972,America/Los_Angeles,-420,UTC-07:00
CA,Atikokan,Atikokan,CYIB|YIB,48.773888,-91.638611,America/Atikokan,-300,UTC-05:00
ML,Kayes,Kayes,GAKY|KYS,14.481233,-11.404397,Africa/Bamako,0,UTC+00:00
KE,Ukunda,Ukunda,HKUK|UKA,-4.29694,39.5714,Africa/Nairobi,180,UTC+03:00
SE,Linkoeping,Linkoeping,ESSL|LPI,58.40615,15.680508,Europe/Stockholm,120,UTC+02:00
TH,Narathiwat,Narathiwat,NAW|VTSC,6.519922,101.7434,Asia/Bangkok,420,UTC+07:00
IR,Bojnord,Bojnord,BJB|OIMN,37.492958,57.308219,Asia/Tehran,210,UTC+03:30
CA,Angling Lake,Angling Lake,CKB6|YAX,53.8492,-89.5794,America/Winnipeg,-300,UTC-05:00
NO,Harstad-Narvik,Harstad-Narvik,ENEV|EVE,68.4913,16.678108,Europe/Oslo,120,UTC+02:00
US,"Little Rock, Arkansas","Little Rock, Arkansas",KLIT|LIT,34.729444,-92.224306,America/Chicago,-300,UTC-05:00
US,"Wausau, Wisconsin","Wausau, Wisconsin",AUW|CWA|KCWA,44.9262845,-89.6270018,America/Chicago,-300,UTC-05:00
KH,Siem Reap,Siem Reap,REP|SAI|VDSR,13.410666,103.81284,Asia/Phnom_Penh,420,UTC+07:00
FR,La Roche,La Roche,EDM|LFRI,46.701944,-1.378625,Europe/Paris,120,UTC+02:00
NO,Stokmarknes,Stokmarknes,ENSK|SKN,68.580833,15.026111,Europe/Oslo,120,UTC+02:00
GA,Koulamoutou,Koulamoutou,FOGK|KOU,-1.18461,12.4413,Africa/Libreville,60,UTC+01:00
MZ,Beira,Beira,BEW|FQBR,-19.796419,34.907556,Africa/Maputo,120,UTC+02:00
TO,Eua,Eua,EUA|NFTE,-21.3783,-174.958,Pacific/Tongatapu,780,UTC+13:00
CO,Bucaramanga,Bucaramanga,BGA|SKBG,7.1265,-73.184778,America/Bogota,-300,UTC-05:00
FR,Cholet,Cholet,CET|LFOU,47.082136,-0.877064,Europe/Paris,120,UTC+02:00
SO,Galcaio,Galcaio,GLK|HCMR,6.78083,47.4547,Africa/Mogadishu,180,UTC+03:00
ID,Sintang,Sintang,SQG|WIOS,0.063619,111.473428,Asia/Pontianak,420,UTC+07:00
CR,Coto 47,Coto 47,MRCC|OTR,8.601556,-82.968614,America/Costa_Rica,-360,UTC-06:00
JP,Fukushima,Fukushima,FKS|RJSF,37.2274,140.431,Asia/Tokyo,540,UTC+09:00
NG,Maiduguri,Maiduguri,DNMA|MIU,11.855347,13.08095,Africa/Lagos,60,UTC+01:00
EC,Tarapoa,Tarapoa,SETR|TPC,-0.122956,-76.33775,America/Guayaquil,-300,UTC-05:00
US,"El Paso, Texas","El Paso, Texas",BIF|ELP|KBIF|KELP,31.80725,-106.377583,America/Denver,-360,UTC-06:00
MN,Tsetserleg,Tsetserleg,TCZ|ZUTC,24.938651,98.483591,Asia/Ulaanbaatar,480,UTC+08:00
NI,Corn Island,Corn Island,MNCI|RNI,12.168611,-83.0675,America/Managua,-360,UTC-06:00
BW,Orapa,Orapa,FBOR|ORP,-21.2667,25.3167,Africa/Gaborone,120,UTC+02:00
ID,Datadawai,Datadawai,DTD|WALJ,0.717,116.483,Asia/Makassar,480,UTC+08:00
US,"Saint Cloud, MN","Saint Cloud, MN",KSTC|STC,45.546556,-94.059889,America/Chicago,-300,UTC-05:00
US,"Rome, New York","Rome, New York",KRME|RME,43.2338,-75.407033,America/New_York,-240,UTC-04:00
ZA,Pietersburg,Pietersburg,FAPI|PTG,-23.926089,29.484422,Africa/Johannesburg,120,UTC+02:00
TH,Hat Yai,Hat Yai,HDY|VTSS,6.933206,100.392975,Asia/Bangkok,420,UTC+07:00
US,"Newport News Hamp, Virginia","Newport News Hamp, Virginia",KPHF|PHF,37.131894,-76.492989,America/New_York,-240,UTC-04:00
SA,Jeddah,Jeddah,JED|OEJN,21.679564,39.156536,Asia/Riyadh,180,UTC+03:00
GB,Southampton,Southampton,EGHI|SOU,50.950261,-1.356803,Europe/London,60,UTC+01:00
CU,Nueva Gerona,Nueva Gerona,GER|MUNG,21.834689,-82.783819,America/Havana,-240,UTC-04:00
ID,Pontianak,Pontianak,PNK|WIOO,-0.150711,109.403892,Asia/Pontianak,420,UTC+07:00
PG,Emirau,Emirau,EMI,0.0,0.0,Asia/Vladivostok,600,UTC+10:00
KG,Bishkek,Bishkek,FRU|UAFM,43.061306,74.477556,Asia/Bishkek,360,UTC+06:00
US,"Kirksville, Missouri","Kirksville, Missouri",IRK|KIRK,40.0935,-92.5449,America/Chicago,-300,UTC-05:00
MX,Campeche,Campeche,CPE|MMCP,19.816794,-90.500314,America/Merida,-360,UTC-06:00
ZM,Lusaka,Lusaka,FLLS|LUN,-15.330817,28.452628,Africa/Lusaka,120,UTC+02:00
US,"Mankato, MN","Mankato, MN",MKT,44.22164,-93.91874,America/Chicago,-300,UTC-05:00
VC,Union Island,Union Island,TVSU|UNI,12.583,-61.417,America/St_Vincent,-240,UTC-04:00
MH,Majkin,Majkin,MJE,7.833,168.167,Pacific/Wallis,720,UTC+12:00
US,"Sioux City, IA","Sioux City, IA",KSUX|SUX,42.402603,-96.384367,America/Chicago,-300,UTC-05:00
US,"Abilene, Texas","Abilene, Texas",ABI|DYS|KABI|KDYS,32.411319,-99.681897,America/Chicago,-300,UTC-05:00
TH,Phuket,Phuket,HKT|VTSP,8.1132,98.316872,Asia/Bangkok,420,UTC+07:00
DE,Villingen Schwenningen,Villingen Schwenningen,EDTD|ZQL,47.973331,8.522223,Europe/Monaco,120,UTC+02:00
SA,Gassim,Gassim,ELQ|OEGS,26.302822,43.773911,Asia/Riyadh,180,UTC+03:00
JP,Kushiro,Kushiro,KUH|RJCK,43.041,144.193,Asia/Tokyo,540,UTC+09:00
US,"Somerset, Kentucky","Somerset, Kentucky",KSME|SME,37.053611,-84.615556,America/New_York,-240,UTC-04:00
US,"Dillon, South Carolina","Dillon, South Carolina",DLL|KDLL,43.5217843,-89.7709266,America/New_York,-240,UTC-04:00
CA,La Tabatiere,La Tabatiere,CTU5|ZLT,50.8308,-58.9756,America/Blanc-Sablon,-240,UTC-04:00
PE,Anta,Anta,ATA|SPHZ,-9.347444,-77.598392,America/Lima,-300,UTC-05:00
CA,Kegaska,Kegaska,CTK6|ZKG,50.195833,-61.265833,America/Blanc-Sablon,-240,UTC-04:00
VE,San Antonio,San Antonio,SVSA|SVZ,7.840831,-72.439742,America/Caracas,-240,UTC-04:00
VN,Kontum,Kontum,KON,14.35,108.017,Asia/Vientiane,420,UTC+07:00
DM,Dominica,Dominica,DCF|DOM|TDCF|TDPD,15.547028,-61.3,America/Dominica,-240,UTC-04:00
IR,Bandar Lengeh,Bandar Lengeh,BDH|OIBL,26.532,54.824847,Asia/Tehran,210,UTC+03:30
US,"Pittsburgh, Pennsylvania","Pittsburgh, Pennsylvania",AGC|CVA|KAGC|KPIT|PIT,40.491467,-80.232872,America/New_York,-240,UTC-04:00
EC,Latacunga,Latacunga,LTX,-0.5425,-78.3657,America/Guayaquil,-300,UTC-05:00
CA,Ivujivik,Ivujivik,CYIK|YIK,62.4173,-77.9253,America/Montreal,-240,UTC-04:00
ET,Mizan Teferi,Mizan Teferi,HAMT|MTF,6.967,35.533,Africa/Addis_Ababa,180,UTC+03:00
JP,Kitakyushu,Kitakyushu,KKJ|RJFR,33.845942,131.034689,Asia/Tokyo,540,UTC+09:00
US,"Haines, Alaska","Haines, Alaska",HNS|PAHN,59.2438,-135.524,America/Juneau,-480,UTC-08:00
NP,Bhairawa,Bhairawa,BWA|VNBW,27.505703,83.41625,Asia/Kathmandu,345,UTC+05:45
IN,Chennai,Chennai,MAA|VOMM,12.994414,80.180517,Asia/Kolkata,330,UTC+05:30
CH,Saint Moritz,Saint Moritz,LSZS|SMV,46.534075,9.884106,Europe/Zurich,120,UTC+02:00
TN,Gabes,Gabes,DTTG|GAE,33.876919,10.103333,Africa/Tunis,60,UTC+01:00
MY,Long Seridan,Long Seridan,ODN|WBGI,3.967,115.05,Asia/Kuching,480,UTC+08:00
AU,American River,American River,RCN,0.0,0.0,Australia/Adelaide,570,UTC+09:30
US,"Syracuse, New York","Syracuse, New York",KSYR|SYR,43.111187,-76.106311,America/New_York,-240,UTC-04:00
CN,Mianyang,Mianyang,MIG|ZUMY,31.4281,104.741,Asia/Chongqing,480,UTC+08:00
CD,Kiri,Kiri,FZBT|KRZ,-1.435,19.024,Africa/Kinshasa,60,UTC+01:00
AU,Cairns,Cairns,CNS|YBCS,-16.885833,145.755278,Australia/Brisbane,600,UTC+10:00
MX,Ensenada,Ensenada,ESE|MMES,31.795281,-116.602772,America/Tijuana,-420,UTC-07:00
US,"Harrisburg, Pennsylvania","Harrisburg, Pennsylvania",HAR|KMDT|MDT,40.22056,-76.85354,America/New_York,-240,UTC-04:00
US,"New Bern, North Carolina","New Bern, North Carolina",EWN|KEWN,35.072972,-77.042944,America/New_York,-240,UTC-04:00
TH,Krabi,Krabi,KBV|VTSG,8.095969,98.988764,Asia/Bangkok,420,UTC+07:00
PY,Concepcion,Concepcion,CIO|LRT2,45.471009,21.111967,America/Asuncion,-180,UTC-03:00
CA,Lac Brochet,Lac Brochet,CZWH|XLB,58.614167,-101.468889,America/Winnipeg,-300,UTC-05:00
FR,Dijon,Dijon,DIJ|LFSD,47.26889,5.09,Europe/Paris,120,UTC+02:00
US,"Hilo, Hawaii","Hilo, Hawaii",ITO|PHTO,19.721375,-155.048469,Pacific/Honolulu,-600,UTC-10:00
PG,Suki,Suki,SKC,-8.033,141.717,Asia/Vladivostok,600,UTC+10:00
NE,Birni Nkoni,Birni Nkoni,BKN,39.481389,54.362778,Africa/Niamey,60,UTC+01:00
US,"De Ridder, Louisiana","De Ridder, Louisiana",DRI|KDRI,30.831722,-93.339917,America/Chicago,-300,UTC-05:00
BO,Cobija,Cobija,CIJ|SLCO,-11.040436,-68.782972,America/La_Paz,-240,UTC-04:00
AU,Singleton,Singleton,SIX,-32.6167,151.2,Australia/Sydney,600,UTC+10:00
PE,Cajamarca,Cajamarca,CJA|SPJR,-7.139183,-78.4894,America/Lima,-300,UTC-05:00
US,"Louisville, KY","Louisville, KY",KLOU|KSDF|LJC|LOU|SDF,38.1740858,-85.7364989,America/New_York,-240,UTC-04:00
RU,Turukhansk,Turukhansk,THX|UOTT,65.798132,87.934742,Asia/Krasnoyarsk,420,UTC+07:00
CA,Alert,Alert,CYLT|YLT,82.517778,-62.280556,America/Pangnirtung,-240,UTC-04:00
US,"Crescent City, California","Crescent City, California",CEC|KCEC,41.7802,-124.237,America/Los_Angeles,-420,UTC-07:00
SA,Al Baha,Al Baha,ABT|OEBA,20.296139,41.634277,Asia/Riyadh,180,UTC+03:00
MG,Sambava,Sambava,FMNS|SVB,-14.278611,50.174721,Indian/Antananarivo,180,UTC+03:00
RU,Ukhta,Ukhta,UCT,63.555363,53.80534,Europe/Moscow,180,UTC+03:00
US,"Patuxent River, Maryland","Patuxent River, Maryland",KNHK|NHK,38.285981,-76.411781,America/New_York,-240,UTC-04:00
US,"Havasupai, Arizona","Havasupai, Arizona",HAE,38.00543,125.77863,America/Phoenix,-420,UTC-07:00
GA,Ndende,Ndende,KDN,-2.4,11.367,Africa/Libreville,60,UTC+01:00
LY,Mitiga,Mitiga,HLLM|MJI,32.8941,13.276,Africa/Tripoli,120,UTC+02:00
BR,Belem,Belem,BEL|SBBE,-1.37925,-48.476292,America/Belem,-180,UTC-03:00
US,"Cincinnati, Ohio","Cincinnati, Ohio",CVG|KCVG|KLUK|LUK,39.048836,-84.667822,America/New_York,-240,UTC-04:00
US,"Pack Creek, Alaska","Pack Creek, Alaska",PBK,0.0,0.0,America/Anchorage,-480,UTC-08:00
ID,Bengkulu,Bengkulu,BKS|WIPL,-3.8637,102.339036,Asia/Jakarta,420,UTC+07:00
PH,Cauayan,Cauayan,CYZ|RPUY,16.929861,121.753036,Asia/Manila,480,UTC+08:00
NZ,Dunedin,Dunedin,DUD|NZDN,-45.928055,170.198333,Pacific/Auckland,720,UTC+12:00
BO,La Paz,La Paz,LPB|SLLP,-16.513339,-68.192256,America/La_Paz,-240,UTC-04:00
US,"Dillingham, Alaska","Dillingham, Alaska",DLG|PADL,59.044667,-158.5055,America/Anchorage,-480,UTC-08:00
AU,Bathurst,Bathurst,BHS|YBTH,-33.4094,149.652,Australia/Sydney,600,UTC+10:00
ID,Nabire,Nabire,NBX|WABI,-3.368183,135.496406,Asia/Jayapura,540,UTC+09:00
SD,Kassala,Kassala,HSKA|KSL,15.387494,36.328842,Africa/Khartoum,120,UTC+02:00
US,"Aberdeen, SD","Aberdeen, SD",ABR|KABR,45.4491,-98.4218,America/Chicago,-300,UTC-05:00
KE,Lamu,Lamu,HKLU|LAU,-2.252417,40.913097,Africa/Nairobi,180,UTC+03:00
CN,Changchun,Changchun,CGQ|VWB|ZYCC,43.5412,125.1201,Asia/Harbin,480,UTC+08:00
US,"Port Armstrong, Alaska","Port Armstrong, Alaska",PTL,0.0,0.0,America/Anchorage,-480,UTC-08:00
EG,Cairo,Cairo,CAI|HECA,30.121944,31.405556,Africa/Cairo,180,UTC+03:00
CA,Windsor,Windsor,CYQG|YQG,42.275556,-82.955556,America/Toronto,-240,UTC-04:00
TW,Tainan,Tainan,RCNN|TNN,22.950361,120.205778,Asia/Taipei,480,UTC+08:00
CL,Copiapo,Copiapo,CPO|SCHA,-27.0,-70.0,America/Santiago,-240,UTC-04:00
ID,Ende,Ende,ENE|WATE,-8.849294,121.660644,Asia/Makassar,480,UTC+08:00
GB,Manston,Manston,EGMH|MSE,51.342222,1.346111,Europe/London,60,UTC+01:00
US,"Oklahoma City, OK","Oklahoma City, OK",KOKC|KTIK|OKC|TIK,35.393089,-97.600733,America/Chicago,-300,UTC-05:00
US,"Inyokern, California","Inyokern, California",IYK|KIYK,35.658889,-117.829444,America/Los_Angeles,-420,UTC-07:00
CV,Sao Vicente,Sao Vicente,GVSV|VXE,16.833689,-25.054661,Atlantic/Cape_Verde,-60,UTC-01:00
SE,Oskarshamn,Oskarshamn,ESMO|OSK,57.350453,16.497972,Europe/Stockholm,120,UTC+02:00
CN,Wanxian,Wanxian,WXN|ZUWX,30.8361,108.406,Asia/Chongqing,480,UTC+08:00
CA,Montreal,Montreal,CYHU|CYMX|CYUL|XAX|YHU|YMX|YMY|YUL,45.681944,-74.005278,America/Montreal,-240,UTC-04:00
BR,Goiania,Goiania,GYN|SBGO,-16.632033,-49.220686,America/Sao_Paulo,-180,UTC-03:00
IN,Akola,Akola,AKD|VAAK,20.699006,77.058628,Asia/Kolkata,330,UTC+05:30
US,"Parkersburg, West Virginia","Parkersburg, West Virginia",KPKB|PKB,39.3451039,-81.4392031,America/New_York,-240,UTC-04:00
CU,Guantanamo,Guantanamo,GAO|MUGT,20.085419,-75.158328,America/Havana,-240,UTC-04:00
PH,Pagadian,Pagadian,PAG|RPMP,7.827197,123.458294,Asia/Manila,480,UTC+08:00
AU,Palm Island,Palm Island,PMK|YPAM,-18.7553,146.581,Australia/Brisbane,600,UTC+10:00
TR,Adiyaman,Adiyaman,ADF|LTCP,37.7314,38.4689,Europe/Istanbul,180,UTC+03:00
CU,Cayo Coco,Cayo Coco,CCC|MUOC,22.5132,-78.511,America/Havana,-240,UTC-04:00
MX,Culiacan,Culiacan,CUL|MMCL,24.764547,-107.474717,America/Mazatlan,-420,UTC-07:00
ID,Tanjung Pendan,Tanjung Pendan,TJQ|WIOD,-2.745722,107.754917,Asia/Jakarta,420,UTC+07:00
CU,Holguin,Holguin,HOG|MUHG,20.785589,-76.315108,America/Havana,-240,UTC-04:00
GR,Mytilene,Mytilene,LGMT|MJT,39.056667,26.598333,Europe/Athens,180,UTC+03:00
PG,Biniguni,Biniguni,XBN,0.0,0.0,Asia/Vladivostok,600,UTC+10:00
BR,Joao Pessoa,Joao Pessoa,JPA|SBJP,-7.148381,-34.950681,America/Fortaleza,-180,UTC-03:00
MY,Kota Bharu,Kota Bharu,KBR|WMKC,6.16685,102.293014,Asia/Kuala_Lumpur,480,UTC+08:00
GP,Pointe A Pitre,Pointe A Pitre,PTP|TFFR,16.265306,-61.531806,America/Guadeloupe,-240,UTC-04:00
VE,Guanare,Guanare,GUQ|SVGU,9.026944,-69.75515,America/Caracas,-240,UTC-04:00
SL,Freetown,Freetown,FNA|GFHA|GFLL|HGS,8.616444,-13.195489,Africa/Freetown,0,UTC+00:00
AU,Whyalla,Whyalla,WYA|YWHA,-33.0589,137.514,Australia/Adelaide,570,UTC+09:30
PE,Tingo Maria,Tingo Maria,TGI,-9.13333,-75.95,America/Lima,-300,UTC-05:00
CA,Port Hope Simpson,Port Hope Simpson,CCP4|YHA,52.5281,-56.2861,America/St_Johns,-150,UTC-02:30
SB,Sege,Sege,AGGS|EGM,-8.57889,157.876,Pacific/Guadalcanal,660,UTC+11:00
BR,Ponta Grossa,Ponta Grossa,PGZ,-25.1847,-50.1441,America/Sao_Paulo,-180,UTC-03:00
CA,Brochet,Brochet,CYBT|YBT,57.889444,-101.679167,America/Winnipeg,-300,UTC-05:00
BR,Teofilo Otoni,Teofilo Otoni,TFL,-17.8923,-41.5136,America/Sao_Paulo,-180,UTC-03:00
CF,Gounda,Gounda,GDA,9.272222,21.197222,Africa/Niamey,60,UTC+01:00
US,"Hancock, Michigan","Hancock, Michigan",CMX|KCMX,47.1684,-88.4891,America/Detroit,-240,UTC-04:00
US,"Frenchville, Maine","Frenchville, Maine",KFVE|WFK,47.285556,-68.312778,America/New_York,-240,UTC-04:00
FK,Mount Pleasant,Mount Pleasant,EGYP|MPN,-51.822777,-58.447222,Atlantic/Stanley,-180,UTC-03:00
US,"King Cove, Alaska","King Cove, Alaska",KVC|PAVC,55.1163,-162.266,America/Nome,-480,UTC-08:00
US,"Port Moller, Alaska","Port Moller, Alaska",PAAL|PML,56.006111,-160.560833,America/Anchorage,-480,UTC-08:00
BO,Rurrenabaque,Rurrenabaque,RBQ|SLRQ,-14.4275,-67.498056,America/La_Paz,-240,UTC-04:00
CU,Santa Clara,Santa Clara,MUSC|SNU,22.492192,-79.943611,America/Havana,-240,UTC-04:00
US,"Cody, WY","Cody, WY",COD|KCOD,44.520194,-109.023806,America/Denver,-360,UTC-06:00
BR,Vitoria,Vitoria,SBVT|VIX,-20.258056,-40.286389,America/Sao_Paulo,-180,UTC-03:00
RU,Salehard,Salehard,SLY|USDD,66.590753,66.611042,Asia/Yekaterinburg,300,UTC+05:00
KE,Nyeri,Nyeri,NYE,-0.5,36.96667,Africa/Nairobi,180,UTC+03:00
US,"Chattanooga, TN","Chattanooga, TN",CHA|KCHA,35.035278,-85.203808,America/New_York,-240,UTC-04:00
AO,Luanda,Luanda,FNLU|LAD|NBJ,-8.858375,13.231178,Africa/Luanda,60,UTC+01:00
CA,Thompson,Thompson,CYTH|YTH,55.801111,-97.864166,America/Winnipeg,-300,UTC-05:00
GB,Tiree,Tiree,EGPU|TRE,56.499167,-6.869167,Europe/London,60,UTC+01:00
IT,Forli,Forli,FRL|LIPK,44.194753,12.070094,Europe/Rome,120,UTC+02:00
IT,Comiso,Comiso,CIY|LICB,36.9984,14.6069,Europe/Rome,120,UTC+02:00
PA,Contadora,Contadora,OTD,8.62876,-79.0347,America/Panama,-300,UTC-05:00
EC,Manta,Manta,MEC|SEMT,-0.946078,-80.678808,America/Guayaquil,-300,UTC-05:00
CL,Calama,Calama,CJC|SCCF,-22.498175,-68.903575,America/Santiago,-240,UTC-04:00
NZ,Paraparaumu,Paraparaumu,NZPP|PPQ,-40.904722,174.989167,Pacific/Auckland,720,UTC+12:00
JP,Niigata,Niigata,KIJ|RJSN,37.5711,139.0646,Asia/Tokyo,540,UTC+09:00
US,"Myrtle Beach, South Carolina","Myrtle Beach, South Carolina",KMYR|MYR,33.67975,-78.928333,America/New_York,-240,UTC-04:00
SZ,Manzini,Manzini,FDMS|MTS|RKND|SHO,-26.529022,31.307519,Asia/Seoul,540,UTC+09:00
PG,Wakunai,Wakunai,WKN,0.0,0.0,Asia/Vladivostok,600,UTC+10:00
KE,Kilaguni,Kilaguni,HKKL|ILU,-2.9,38.073889,Africa/Nairobi,180,UTC+03:00
AU,Hughenden,Hughenden,HGD|YHUG,-20.815,144.225,Australia/Brisbane,600,UTC+10:00
US,"Lamar, Colorado","Lamar, Colorado",KLAA|LAA,38.069694,-102.6885,America/Denver,-360,UTC-06:00
MX,Chetumal,Chetumal,CTM|MMCM,18.504667,-88.326847,America/Cancun,-300,UTC-05:00
DE,Wyk Auf Foehr,Wyk Auf Foehr,OHR,54.411,8.3145,Europe/Berlin,120,UTC+02:00
HT,Port Au Prince,Port Au Prince,MTPP|PAP,18.58005,-72.292542,America/Port-au-Prince,-240,UTC-04:00
ID,Bade,Bade,BXD,-7.71463,139.575,Asia/Jayapura,540,UTC+09:00
FM,Pohnpei,Pohnpei,PNI|PTPN,6.9851,158.208989,Pacific/Pohnpei,660,UTC+11:00
IT,Salerno,Salerno,ISR|LIRI|QSR,40.6204,14.911294,Europe/Rome,120,UTC+02:00
CA,Gaspe,Gaspe,CYGP|YGP,48.775278,-64.478611,America/Montreal,-240,UTC-04:00
RU,Berezovo,Berezovo,EZV,63.921,65.0305,Asia/Yekaterinburg,300,UTC+05:00
CO,Caucasia,Caucasia,CAQ|SKCU,7.968333,-75.198333,America/Bogota,-300,UTC-05:00
AR,Bahia Blanca,Bahia Blanca,BHI|SAZB,-38.724967,-62.169317,America/Argentina/Buenos_Aires,-180,UTC-03:00
BA,Tuzla,Tuzla,TZL,44.45866,18.72478,Europe/Sarajevo,120,UTC+02:00
US,"Cabin Creek, Alaska","Cabin Creek, Alaska",CBZ,0.0,0.0,America/Anchorage,-480,UTC-08:00
BR,Barreiras,Barreiras,BRA|SNBR,-12.083333,-45.0,America/Bahia,-180,UTC-03:00
US,"Youngstown Warren, Ohio","Youngstown Warren, Ohio",KYNG|YNG,41.260736,-80.679097,America/New_York,-240,UTC-04:00
US,"Cotulla, Texas","Cotulla, Texas",COT|KCOT,28.456694,-99.220294,America/Chicago,-300,UTC-05:00
US,"Kasaan, Alaska","Kasaan, Alaska",KXA,55.53684,-132.39937,America/Anchorage,-480,UTC-08:00
US,"Wrangell, Alaska","Wrangell, Alaska",PAWG|WRG,56.4843,-132.37,America/Sitka,-480,UTC-08:00
IQ,Kirkuk,Kirkuk,KIK|ORKK,35.17,44.3483,Asia/Baghdad,180,UTC+03:00
US,"Alamogordo, New Mexico","Alamogordo, New Mexico",ALM|HMN|KALM|KHMN,32.8399,-105.991,America/Denver,-360,UTC-06:00
PG,Fane,Fane,FNE,-8.55,147.083,Asia/Vladivostok,600,UTC+10:00
CO,Puerto Inirida,Puerto Inirida,PDA|SKPD,3.85,-67.91,America/Bogota,-300,UTC-05:00
MC,Monte Carlo,Monte Carlo,MCM,43.73333333,7.41666666,Europe/Monaco,120,UTC+02:00
DZ,Timimoun,Timimoun,DAUT|TMX,29.237119,0.276033,Africa/Algiers,60,UTC+01:00
TZ,Mafia,Mafia,HTMA|MFA,-7.913889,39.665,Africa/Dar_es_Salaam,180,UTC+03:00
RU,Tiksi,Tiksi,IKS|UEST,71.6977,128.903,Asia/Yakutsk,540,UTC+09:00
US,"Oxford, Ohio","Oxford, Ohio",OXD,39.5022607,-84.7843814,America/Indiana/Indianapolis,-240,UTC-04:00
NO,Kristiansand,Kristiansand,ENCN|KRS,58.204214,8.085369,Europe/Oslo,120,UTC+02:00
AU,Victoria River Do,Victoria River Do,VCD|YVRD,-16.4033,131.002,Australia/Darwin,570,UTC+09:30
CN,Tonghua,Tonghua,TNH,42.253889,125.703889,Asia/Harbin,480,UTC+08:00
ZA,Pietermaritzburg,Pietermaritzburg,FAPM|PZB,-29.648975,30.398667,Africa/Johannesburg,120,UTC+02:00
US,"Anchorage, Alaska","Anchorage, Alaska",ANC|EDF|MRI|PAED|PAMR|PANC,61.174361,-149.996361,America/Anchorage,-480,UTC-08:00
CA,Charlo,Charlo,CYCL|YCL,47.990833,-66.330278,America/Moncton,-180,UTC-03:00
MX,Ciudad Juarez,Ciudad Juarez,CJS|MMCS,31.636133,-106.428667,America/Ojinaga,-300,UTC-05:00
AO,Lubango,Lubango,FNUB|SDD,-14.924733,13.575022,Africa/Luanda,60,UTC+01:00
BR,Uruguaiana,Uruguaiana,SBUG|URG,-29.782178,-57.038189,America/Sao_Paulo,-180,UTC-03:00
US,"Yakima, Washington","Yakima, Washington",KYKM|YKM,46.5682,-120.544,America/Los_Angeles,-420,UTC-07:00
BS,Cat Island,Cat Island,CAT|MYCB,24.315292,-75.452331,America/Cayman,-300,UTC-05:00
AU,Glen Innes,Glen Innes,GLI|YGLI,-29.675,151.69,Australia/Sydney,600,UTC+10:00
US,"Sparrevohn, Alaska","Sparrevohn, Alaska",PASV|SVW,61.097369,-155.574228,America/Anchorage,-480,UTC-08:00
FR,Nevers,Nevers,LFQG|NVS,47.002625,3.113333,Europe/Paris,120,UTC+02:00
KH,Koh Kong,Koh Kong,KKZ,11.6134,102.99708,Asia/Phnom_Penh,420,UTC+07:00
CN,Ulanhot,Ulanhot,HLH|ZBUL,46.083,122.017,Asia/Shanghai,480,UTC+08:00
CY,Ercan,Ercan,ECN|LCEN,35.1547,33.4961,Asia/Nicosia,180,UTC+03:00
EC,Quito,Quito,SEQU|UIO,-0.141144,-78.488214,America/Guayaquil,-300,UTC-05:00
TR,Mus,Mus,LTCK|MSR,38.747769,41.661236,Europe/Istanbul,180,UTC+03:00
AU,Newcastle,Newcastle,BEO|NTL|YPEC|YWLM,-32.78,151.83,Australia/Sydney,600,UTC+10:00
SE,Skovde,Skovde,ESGR|KVB,58.4564,13.972672,Europe/Stockholm,120,UTC+02:00
ET,Beica,Beica,BEI|HABE,9.38639,34.5219,Africa/Addis_Ababa,180,UTC+03:00
US,"Wales, Alaska","Wales, Alaska",PAIW|WAA,65.6225,-168.095,America/Nome,-480,UTC-08:00
US,"San Diego, California","San Diego, California",CLD|KCRQ|KNKX|KNZY|KSAN|KSDM|KSEE|MYF|NKX|NZY|SAN|SDM|SEE,32.733556,-117.189667,America/Los_Angeles,-420,UTC-07:00
DE,Frankfurt Oder,Frankfurt Oder,ZFR,52.336944,14.547222,Europe/Monaco,120,UTC+02:00
US,"Stuart Island, Washington","Stuart Island, Washington",SSW,0.0,0.0,America/Whitehorse,-420,UTC-07:00
US,"Cumberland, Maryland","Cumberland, Maryland",CBE|KCBE,39.615278,-78.760556,America/New_York,-240,UTC-04:00
EG,Santa Katarina,Santa Katarina,HESC|SKV,28.685278,34.0625,Africa/Cairo,180,UTC+03:00
CA,Campbell River,Campbell River,CYBL|YBL,49.950832,-125.270833,America/Vancouver,-420,UTC-07:00
ET,Lalibela,Lalibela,HALL|LLI,11.975014,38.979969,Africa/Addis_Ababa,180,UTC+03:00
AU,Newman,Newman,YNWN|ZNE,-23.4178,119.803,Australia/Perth,480,UTC+08:00
IR,Sanandaj,Sanandaj,OICS|SDG,35.245856,47.009247,Asia/Tehran,210,UTC+03:30
CA,Repulse Bay,Repulse Bay,CYUT|YUT,66.521389,-86.224722,America/Rankin_Inlet,-300,UTC-05:00
VE,Anaco,Anaco,AAO|SVAN,9.430225,-64.470725,America/Caracas,-240,UTC-04:00
MX,Tijuana,Tijuana,MMTJ|TIJ,32.541064,-116.970158,America/Tijuana,-420,UTC-07:00
US,"Baton Rouge, Louisiana","Baton Rouge, Louisiana",BTR|KBTR,30.533167,-91.149639,America/Chicago,-300,UTC-05:00
TD,Sarh,Sarh,FTTA|SRH,9.14444,18.3744,Africa/Ndjamena,60,UTC+01:00
AR,Villa Gesell,Villa Gesell,SAZV|VLG,-37.235408,-57.029239,America/Argentina/Buenos_Aires,-180,UTC-03:00
JM,Ocho Rios,Ocho Rios,MKBS|OCJ,18.404247,-76.969017,America/Jamaica,-300,UTC-05:00
MH,Ailuk Island,Ailuk Island,AIM,10.2168,169.983,Pacific/Wallis,720,UTC+12:00
TR,Bandirma,Bandirma,BDM|LTBG,40.317972,27.977694,Europe/Istanbul,180,UTC+03:00
CA,Goose Bay,Goose Bay,CYYR|YYR,53.319168,-60.425833,America/Goose_Bay,-180,UTC-03:00
BZ,Caye Caulker,Caye Caulker,CUK,17.7347,-88.0325,America/Costa_Rica,-360,UTC-06:00
CA,Watson Lake,Watson Lake,CYQH|YQH,60.116389,-128.8225,America/Whitehorse,-420,UTC-07:00
TH,Koh Samui,Koh Samui,USM|VTSM,9.547794,100.062272,Asia/Bangkok,420,UTC+07:00
ID,Jayapura,Jayapura,DJJ|WAJJ,-2.576953,140.516372,Asia/Jayapura,540,UTC+09:00
MG,Morondava,Morondava,FMMV|MOQ,-20.28475,44.317614,Indian/Antananarivo,180,UTC+03:00
VE,Barinas,Barinas,BNS|SVBI,8.619575,-70.220825,America/Caracas,-240,UTC-04:00
PH,Surigao,Surigao,RPMS|SUG,9.757567,125.479328,Asia/Manila,480,UTC+08:00
TH,Nan,Nan,NNT|VTCN,18.807914,100.783419,Asia/Bangkok,420,UTC+07:00
CH,Burgdorf,Burgdorf,ZDP,0.0,0.0,Europe/Monaco,120,UTC+02:00
AU,Olympic Dam,Olympic Dam,OLP|YOLD,-30.485,136.877,Australia/Adelaide,570,UTC+09:30
AU,Devonport,Devonport,DPO|YDPO,-41.1697,146.43,Australia/Hobart,600,UTC+10:00
IN,Bagdogra,Bagdogra,IXB|VEBD,26.681206,88.328567,Asia/Kolkata,330,UTC+05:30
RU,Chelyabinsk,Chelyabinsk,CEK|USCC,55.305836,61.503333,Asia/Yekaterinburg,300,UTC+05:00
VE,Las Piedras,Las Piedras,LSP|SVJC,11.780775,-70.151497,America/Caracas,-240,UTC-04:00
IR,Zahedan,Zahedan,OIZH|ZAH,29.475686,60.906189,Asia/Tehran,210,UTC+03:30
GB,Lyneham,Lyneham,EGDL|LYE,51.505144,-1.993428,Europe/London,60,UTC+01:00
CV,Mosteiros,Mosteiros,MTI,15.045,-24.3392,Atlantic/Cape_Verde,-60,UTC-01:00
GB,Kings Lynn,Kings Lynn,EGYM|KNF,52.648353,0.550692,Europe/London,60,UTC+01:00
BS,The Bight,The Bight,TBI,24.31425,-75.45882,America/Nassau,-240,UTC-04:00
DZ,Annaba,Annaba,AAE|DABB,36.822225,7.809167,Africa/Algiers,60,UTC+01:00
US,"Holy Cross, Alaska","Holy Cross, Alaska",HCR|PAHC,62.1883,-159.775,America/Anchorage,-480,UTC-08:00
US,"Portland, Maine","Portland, Maine",KPWM|PWM,43.646161,-70.309281,America/New_York,-240,UTC-04:00
GB,Colonsay Is,Colonsay Is,CSA|EGEY,56.0575,-6.243056,Europe/London,60,UTC+01:00
US,"Livengood, Alaska","Livengood, Alaska",LIV,65.531111,-148.541111,America/Anchorage,-480,UTC-08:00
OM,Masirah,Masirah,MSH|OOMA,20.675434,58.890467,Asia/Muscat,240,UTC+04:00
US,"West Palm Beach, Florida","West Palm Beach, Florida",KLNA|KPBI|LNA|PBI|WPT,26.683161,-80.095589,America/New_York,-240,UTC-04:00
TC,North Caicos,North Caicos,MBNC|NCA,21.917475,-71.939561,America/Grand_Turk,-240,UTC-04:00
MD,Chisinau,Chisinau,LUKK|RMO,46.927744,28.930978,Europe/Chisinau,180,UTC+03:00
US,"Poplar Bluff, Missouri","Poplar Bluff, Missouri",KPOF|POF,36.77394444,-90.3248611,America/Chicago,-300,UTC-05:00
NI,Waspam,Waspam,MNWP|WSP,14.737778,-83.975833,America/Managua,-360,UTC-06:00
US,"Beatrice, Nebraska","Beatrice, Nebraska",BIE|BIES,47.851,10.634,America/Chicago,-300,UTC-05:00
AU,Dubbo,Dubbo,DBO|YSDU,-32.216667,148.574722,Australia/Sydney,600,UTC+10:00
US,"Eau Claire, WI","Eau Claire, WI",EAU|KEAU,44.8658,-91.4843,America/Chicago,-300,UTC-05:00
BR,Brasilia,Brasilia,BSB|SBBR,-15.8711,-47.918625,America/Sao_Paulo,-180,UTC-03:00
US,"Wolf Point, Montana","Wolf Point, Montana",KOLF|OLF,48.094444,-105.575,America/Denver,-360,UTC-06:00
AU,Tamworth,Tamworth,TMW|YSTW,-31.083889,150.846667,Australia/Sydney,600,UTC+10:00
CA,Lynn Lake,Lynn Lake,CYYL|YYL,56.863888,-101.07611,America/Winnipeg,-300,UTC-05:00
CD,Kasongo Lunda,Kasongo Lunda,FZOK|KGN,-6.583333,16.816668,Africa/Lubumbashi,120,UTC+02:00
US,"Pelican, Alaska","Pelican, Alaska",PEC,57.955278,-136.236389,America/Anchorage,-480,UTC-08:00
PK,Muzaffarabad,Muzaffarabad,MFG|OPMF,34.339022,73.508639,Asia/Karachi,300,UTC+05:00
VN,Ca Mau,Ca Mau,CAH|VVCM,9.188049,105.174721,Asia/Ho_Chi_Minh,420,UTC+07:00
GB,Hendon,Hendon,EFHE|HEN,60.1478,24.9244,Europe/Jersey,60,UTC+01:00
AU,South Molle Islan,South Molle Islan,SOI,0.0,0.0,Australia/Brisbane,600,UTC+10:00
PA,El Porvenir,El Porvenir,PVE,9.559167,-78.971111,America/Panama,-300,UTC-05:00
JP,Komatsu,Komatsu,KMQ|RJNK,36.394611,136.406544,Asia/Tokyo,540,UTC+09:00
KE,Wajir,Wajir,HKWJ|WJR,1.733239,40.091606,Africa/Nairobi,180,UTC+03:00
US,"Sikeston, Missouri","Sikeston, Missouri",KSIK|SIK,36.8988889,-89.56175,America/Chicago,-300,UTC-05:00
US,"Islip, New York","Islip, New York",ISP|KISP,40.79525,-73.100222,America/New_York,-240,UTC-04:00
CO,Cucuta,Cucuta,CUC|SKCC,7.927567,-72.511547,America/Bogota,-300,UTC-05:00
US,"West Yellowstone, Montana","West Yellowstone, Montana",KWYS|WYS,44.688333,-111.1175,America/Denver,-360,UTC-06:00
BR,Marilia,Marilia,MII|SBML,-22.196892,-49.9264,America/Sao_Paulo,-180,UTC-03:00
US,"Flat, Alaska","Flat, Alaska",FLT,0.0,0.0,America/Anchorage,-480,UTC-08:00
CL,Temuco,Temuco,SCTC|ZCO,-38.766819,-72.637097,America/Santiago,-240,UTC-04:00
US,"Oxford, Connecticut","Oxford, Connecticut",KOXC|OXC,41.4785556,-73.13525,America/New_York,-240,UTC-04:00
MP,Tinian,Tinian,PGWT|TIQ,14.999203,145.61935,Pacific/Saipan,600,UTC+10:00
VU,Norsup,Norsup,NUS|NVSP,-16.0797,167.401,Pacific/Efate,660,UTC+11:00
US,"Crooked Creek, Alaska","Crooked Creek, Alaska",CKD,61.867778,-158.135,America/Anchorage,-480,UTC-08:00
US,"Muskegon, Michigan","Muskegon, Michigan",KMKG|MKG,43.1695,-86.2382,America/Detroit,-240,UTC-04:00
KZ,Petropavlovsk,Petropavlovsk,PPK|UACP,54.7747,69.1839,Asia/Qyzylorda,300,UTC+05:00
VN,Can Tho,Can Tho,VCA|VVCT,10.085119,105.711922,Asia/Ho_Chi_Minh,420,UTC+07:00
CO,Bahia Cupica,Bahia Cupica,BHF,52.51,13.434722,America/Cayman,-300,UTC-05:00
PT,Flores Island,Flores Island,FLW|LPFL,39.455272,-31.131361,Atlantic/Azores,0,UTC+00:00
CD,Gemena,Gemena,FZFK|GMA,3.235369,19.771258,Africa/Kinshasa,60,UTC+01:00
US,"Whidbey Island, Washington","Whidbey Island, Washington",KNUW|NUW,48.351803,-122.655906,America/Los_Angeles,-420,UTC-07:00
BG,Varna,Varna,LBWN|VAR,43.232072,27.825106,Europe/Sofia,180,UTC+03:00
SB,Parasi,Parasi,PRS,-9.64167,161.425,Pacific/Guadalcanal,660,UTC+11:00
TR,Dalaman,Dalaman,DLM|LTBS,36.713056,28.7925,Europe/Istanbul,180,UTC+03:00
AU,Charleville,Charleville,CTL|YBCV,-26.413334,146.2625,Australia/Brisbane,600,UTC+10:00
JP,Yonaguni Jima,Yonaguni Jima,OGN|ROYN,24.466944,122.977778,Asia/Tokyo,540,UTC+09:00
CO,Pitalito,Pitalito,PTX,1.85777,-76.0857,America/Bogota,-300,UTC-05:00
SN,Saint Louis,Saint Louis,GOSS|XLS,16.050761,-16.463172,Africa/Dakar,0,UTC+00:00
AZ,Gyandzha,Gyandzha,GNJ|UBBG,40.7377,46.3176,Asia/Baku,240,UTC+04:00
AU,Canberra,Canberra,CBR|YSCB,-35.306944,149.195,Australia/Sydney,600,UTC+10:00
GB,Lydd,Lydd,EGMD|LYX,50.956111,0.939167,Europe/London,60,UTC+01:00
LA,Oudomxay,Oudomxay,ODY|VLOS,20.6827,101.994,Asia/Vientiane,420,UTC+07:00
KZ,Aktobe,Aktobe,AKX|UATT,50.245833,57.206667,Asia/Qyzylorda,300,UTC+05:00
CA,Little Grand Rapids,Little Grand Rapids,CZGR|ZGR,52.045,-95.466111,America/Winnipeg,-300,UTC-05:00
JM,Montego Bay,Montego Bay,MBJ|MKJS,18.503717,-77.913358,America/Jamaica,-300,UTC-05:00
PG,Pimaga,Pimaga,KPMP|PMP,26.2471389,-80.1110556,Asia/Vladivostok,600,UTC+10:00
CU,Baracoa,Baracoa,BCA|MUBA,20.365317,-74.506206,America/Havana,-240,UTC-04:00
SA,Dhahran,Dhahran,DHA|OEDR,26.265417,50.152027,Asia/Riyadh,180,UTC+03:00
AU,Townsville,Townsville,TSV|YBTL,-19.2525,146.765278,Australia/Brisbane,600,UTC+10:00
US,"Oak Harbor, Washington","Oak Harbor, Washington",ODW,0.0,0.0,America/Los_Angeles,-420,UTC-07:00
GW,Bissau,Bissau,GGOV|OXB,11.89485,-15.653681,Africa/Bissau,0,UTC+00:00
SA,Tabuk,Tabuk,OETB|TUU,28.365417,36.618889,Asia/Riyadh,180,UTC+03:00
US,"Marysville, California","Marysville, California",BAB|KBAB|KMYV|MYV,39.0553,-121.3411,America/Los_Angeles,-420,UTC-07:00
ET,Jimma,Jimma,HAJM|JIM,7.666094,36.816639,Africa/Addis_Ababa,180,UTC+03:00
MG,Vatomandry,Vatomandry,VAT,-19.38333,48.95,Indian/Antananarivo,180,UTC+03:00
US,"Wainwright, Alaska","Wainwright, Alaska",AIN|K03|PAWI|PAWT,70.638056,-159.994722,America/Anchorage,-480,UTC-08:00
GB,Humberside,Humberside,EGNJ|HUY,53.574444,-0.350833,Europe/London,60,UTC+01:00
US,"Hyannis, Massachusetts","Hyannis, Massachusetts",HYA|KHYA,41.669336,-70.280356,America/New_York,-240,UTC-04:00
BS,San Salvador,San Salvador,MYSM|ZSA,24.063275,-74.523967,America/Nassau,-240,UTC-04:00
AR,Iguazu,Iguazu,IGR|SARI,-25.737281,-54.473444,America/Argentina/Cordoba,-180,UTC-03:00
TR,Gaziantep,Gaziantep,GZT|LTAJ,36.947183,37.478683,Europe/Istanbul,180,UTC+03:00
RU,Krasnodar,Krasnodar,KRR|URKK,45.034689,39.170539,Europe/Moscow,180,UTC+03:00
BD,Saidpur,Saidpur,SPD|VGSD,25.759228,88.908869,Asia/Dhaka,360,UTC+06:00
PG,Kandrian,Kandrian,KDR,-6.183,149.533,Asia/Vladivostok,600,UTC+10:00
AR,Rio Mayo,Rio Mayo,ROY,-45.7039,-70.2456,America/Argentina/Catamarca,-180,UTC-03:00
NP,Lamidanda,Lamidanda,LDN|VNLD,27.253117,86.670044,Asia/Kathmandu,345,UTC+05:45
US,"Plymouth, Indiana","Plymouth, Indiana",PLY,48.844722,2.373611,America/Havana,-240,UTC-04:00
US,"Mobile, Alabama","Mobile, Alabama",BFM|KBFM|KMOB|MOB,30.691231,-88.242814,America/Chicago,-300,UTC-05:00
ET,Axum,Axum,AXU|HAAX,14.14675,38.772833,Africa/Addis_Ababa,180,UTC+03:00
US,"Muskogee, Oklahoma","Muskogee, Oklahoma",KMKO|MKO,35.656489,-95.366656,America/Chicago,-300,UTC-05:00
PK,Sui,Sui,OPSU|SUL,28.645142,69.176917,Asia/Karachi,300,UTC+05:00
CA,Nemiscau,Nemiscau,CYHH|YNS,51.6911,-76.1356,America/Montreal,-240,UTC-04:00
CH,Grenchen,Grenchen,ZHI,47.188694,7.398389,Europe/Zurich,120,UTC+02:00
DO,La Romana,La Romana,LRM|MDLR,18.450711,-68.911833,America/Santo_Domingo,-240,UTC-04:00
BR,Coari,Coari,CIZ|SWKO,-4.085,-63.140833,America/Manaus,-240,UTC-04:00
MY,Bintulu,Bintulu,BTU|WBGB,3.12385,113.020472,Asia/Kuching,480,UTC+08:00
US,"Macomb, Illinois","Macomb, Illinois",MQB,40.5200833,-90.6523889,America/Merida,-360,UTC-06:00
CD,Nioki,Nioki,FZBI|NIO,-2.7175,17.6847,Africa/Kinshasa,60,UTC+01:00
MA,Meknes,Meknes,GMFM|MEK,33.879067,-5.515125,Africa/Casablanca,60,UTC+01:00
US,"Pullman, Washington","Pullman, Washington",KPUW|PUW,46.743861,-117.109583,America/Los_Angeles,-420,UTC-07:00
MU,Rodrigues Is,Rodrigues Is,FIMR|RRG,-19.757658,63.360983,Indian/Mauritius,240,UTC+04:00
HN,Tela,Tela,MHTE|TEA,15.775864,-87.475847,America/Tegucigalpa,-360,UTC-06:00
US,"Parks, Alaska","Parks, Alaska",KPK,0.0,0.0,America/Anchorage,-480,UTC-08:00
LA,Luang Prabang,Luang Prabang,LPQ|VLLB,19.897914,102.160764,Asia/Vientiane,420,UTC+07:00
US,"Minot, North Dakota","Minot, North Dakota",KMIB|KMOT|MIB|MOT,48.259378,-101.280333,America/Chicago,-300,UTC-05:00
NG,Yola,Yola,DNYO|YOL,9.257553,12.430422,Africa/Lagos,60,UTC+01:00
GB,Eday,Eday,EGED|EOI,59.1906,-2.77222,Europe/London,60,UTC+01:00
FM,Yap,Yap,PTYA|YAP,9.498911,138.082497,Pacific/Chuuk,600,UTC+10:00
CA,Cold Lake,Cold Lake,CYOD|YOD,54.404999,-110.279444,America/Edmonton,-360,UTC-06:00
US,"Beaufort, South Carolina","Beaufort, South Carolina",BFT|KARW,32.410935,-80.634499,America/New_York,-240,UTC-04:00
DE,Saint Peter,Saint Peter,EDXO|PSH,54.3089,8.68694,Europe/Berlin,120,UTC+02:00
AR,Gdor Gregores,Gdor Gregores,GGS|SAWR,-48.7831,-70.15,America/Argentina/Rio_Gallegos,-180,UTC-03:00
BR,Carajas,Carajas,CKS|SBCJ,-6.11781,-50.0035,America/Belem,-180,UTC-03:00
SE,Skelleftea,Skelleftea,ESNS|SFT,64.624772,21.076892,Europe/Stockholm,120,UTC+02:00
PE,Ayacucho,Ayacucho,AYP|SPHO,-13.154819,-74.204417,America/Lima,-300,UTC-05:00
SA,Sulayel,Sulayel,OESL|SLF,20.464744,45.619644,Asia/Riyadh,180,UTC+03:00
US,"Goodnews Bay, Alaska","Goodnews Bay, Alaska",GNU,59.1175,-161.5775,America/Anchorage,-480,UTC-08:00
FR,Toulouse,Toulouse,LFBO|TLS|XYT,43.629075,1.363819,Europe/Paris,120,UTC+02:00
RU,Velikiy Ustyug,Velikiy Ustyug,ULWU|VUS,60.788333,46.26,Europe/Moscow,180,UTC+03:00
BS,North Eleuthera,North Eleuthera,ELH|MYEH,25.474861,-76.683489,America/Nassau,-240,UTC-04:00
US,"Reading, Pennsylvania","Reading, Pennsylvania",KRDG|RDG,40.3785,-75.9652,America/New_York,-240,UTC-04:00
BS,Mangrove Cay,Mangrove Cay,MAY,0.0,0.0,America/Nassau,-240,UTC-04:00
CN,Jingdezhen,Jingdezhen,JDZ|ZSJD,29.3386,117.176,Asia/Shanghai,480,UTC+08:00
US,"Bozeman, Montana","Bozeman, Montana",BZN|KBZN,45.777643,-111.160151,America/Denver,-360,UTC-06:00
CN,Beijing,Beijing,BJS|NAY|PEK|PKX|ZBAA|ZBBB,39.904167,116.407222,Asia/Shanghai,480,UTC+08:00
RU,Lensk,Lensk,UERL|ULK,60.723,114.825,Asia/Yakutsk,540,UTC+09:00
BR,Cascavel,Cascavel,CAC|SBCA,-25.000339,-53.500764,America/Sao_Paulo,-180,UTC-03:00
MX,Matamoros,Matamoros,MAM|MMMA,25.769894,-97.525311,America/Matamoros,-300,UTC-05:00
CA,Puvimitug,Puvimitug,CYPX|YPX,60.0506,-77.2869,America/Montreal,-240,UTC-04:00
NP,Rumjatar,Rumjatar,RUM|VNRT,27.303509,86.55043,Asia/Kathmandu,345,UTC+05:45
TR,Canakkale,Canakkale,CKZ|LTBH,40.137722,26.426777,Europe/Istanbul,180,UTC+03:00
GR,Syros Island,Syros Island,JSY|LGSO,37.422792,24.950936,Europe/Athens,180,UTC+03:00
CA,Norway House,Norway House,CYNE|YNE,53.9583,-97.8442,America/Winnipeg,-300,UTC-05:00
IT,Naples,Naples,INP|LIRN|NAP|NHR|ZMI,40.886033,14.290781,Europe/Rome,120,UTC+02:00
CL,El Salvador,El Salvador,ESR|SCES,-26.3111,-69.7652,America/Santiago,-240,UTC-04:00
US,"Kissimmee, Florida","Kissimmee, Florida",ISM|KISM,28.289806,-81.437083,America/New_York,-240,UTC-04:00
GB,Northolt,Northolt,EGWU|NHT,51.553,-0.418167,Europe/London,60,UTC+01:00
KR,Mokpo,Mokpo,MPK|RKJM,34.758906,126.379872,Asia/Seoul,540,UTC+09:00
FR,Le Havre,Le Havre,LEH|LFOH,49.533889,0.088056,Europe/Paris,120,UTC+02:00
CL,Concepcion,Concepcion,CCP|SCIE,-36.77265,-73.063106,America/Santiago,-240,UTC-04:00
CI,Man,Man,DIMN|MJC,7.272069,-7.587364,Africa/Abidjan,0,UTC+00:00
IR,Khorramabad,Khorramabad,KHD|OICK,33.435378,48.282889,Asia/Tehran,210,UTC+03:30
JP,Kitadaito,Kitadaito,KTD|RORK,25.944722,131.326944,Asia/Tokyo,540,UTC+09:00
AR,Colonia Sarmiento,Colonia Sarmiento,OLN,-45.6,-69.083333,America/Maceio,-180,UTC-03:00
SE,Borlaenge,Borlaenge,BLE|ESSD,60.422017,15.515211,Europe/Stockholm,120,UTC+02:00
ZA,Queenstown,Queenstown,FAQT|UTW,-31.920197,26.882206,Africa/Johannesburg,120,UTC+02:00
NL,Rotterdam,Rotterdam,EHRD|QRH|RTM,51.956944,4.437222,Europe/Amsterdam,120,UTC+02:00
US,"Beverly, Massachusetts","Beverly, Massachusetts",BVY|KBVY,42.584141,-70.9161444,America/New_York,-240,UTC-04:00
MX,Puerto Penasco,Puerto Penasco,MMPE|PPE,31.351878,-113.525728,America/Hermosillo,-420,UTC-07:00
VE,El Vigia,El Vigia,SVVG|VIG,8.6241,-71.672819,America/Caracas,-240,UTC-04:00
US,"Providence, RI","Providence, RI",KPVD|PVD,41.732581,-71.420383,America/New_York,-240,UTC-04:00
BR,Recife,Recife,REC|SBRF,-8.126794,-34.923039,America/Recife,-180,UTC-03:00
CN,Hotan,Hotan,HTN|ZWTN,37.038522,79.864933,Asia/Kashgar,360,UTC+06:00
NG,Akure,Akure,AKR|DNAK,7.246739,5.301008,Africa/Lagos,60,UTC+01:00
AU,Welshpool,Welshpool,WHL,0.0,0.0,Australia/Perth,480,UTC+08:00
US,"Homer, Alaska","Homer, Alaska",HOM|PAHO,59.645556,-151.476583,America/Anchorage,-480,UTC-08:00
CN,Guangzhou,Guangzhou,CAN|PFT|ZGGG|ZTI,23.392436,113.298786,Asia/Shanghai,480,UTC+08:00
ID,Alor Island,Alor Island,ARD|WATM,-8.13234,124.597,Asia/Makassar,480,UTC+08:00
US,"Augusta, Maine","Augusta, Maine",AUG|KAUG,44.320647,-69.797317,America/New_York,-240,UTC-04:00
US,"Talkeetna, Alaska","Talkeetna, Alaska",PATK|TKA,62.3205,-150.093694,America/Anchorage,-480,UTC-08:00
GA,Lambarene,Lambarene,FOGR|LBQ,-0.704389,10.245722,Africa/Libreville,60,UTC+01:00
US,"Moab, Utah","Moab, Utah",CNY|KCNY,38.755,-109.754722,America/Denver,-360,UTC-06:00
ID,Inanwatan,Inanwatan,INX,-2.1281,132.161,Asia/Jayapura,540,UTC+09:00
US,"Dunkirk, New York","Dunkirk, New York",DKK|KDKK,42.4933353,-79.2720417,America/New_York,-240,UTC-04:00
RU,Komsomolsk Na Amure,Komsomolsk Na Amure,KXK|UHKK,50.4094,136.934,Asia/Vladivostok,600,UTC+10:00
US,"McAlester, OK","McAlester, OK",KMLC|MLC,34.882403,-95.783463,America/Chicago,-300,UTC-05:00
RU,Tambov,Tambov,TBW|UUOT,52.803787,41.491323,Europe/Moscow,180,UTC+03:00
US,"Boundary, Alaska","Boundary, Alaska",BYA,0.0,0.0,America/Anchorage,-480,UTC-08:00
RU,Igarka,Igarka,IAA|UOII,67.4372,86.6219,Asia/Krasnoyarsk,420,UTC+07:00
MN,Altai,Altai,LTI|ZMAT,46.3764,96.2211,Asia/Hovd,420,UTC+07:00
IR,Mashad,Mashad,MHD|OIMM,36.234,59.643,Asia/Tehran,210,UTC+03:30
AU,Bedourie,Bedourie,BEU|YBIE,-24.3461,139.46,Australia/Brisbane,600,UTC+10:00
CA,Gods River,Gods River,CZGI|ZGI,54.8397,-94.0786,America/Winnipeg,-300,UTC-05:00
IT,Caserta,Caserta,CTJ|KCTJ,33.6316964,-85.1522641,Europe/Monaco,120,UTC+02:00
US,"Red River, North Dakota","Red River, North Dakota",KRDR|RDR,47.961098,-97.401194,America/Chicago,-300,UTC-05:00
US,"Salt Lake City, Utah","Salt Lake City, Utah",KSLC|SLC,40.788389,-111.977772,America/Denver,-360,UTC-06:00
US,"Unalakleet, Alaska","Unalakleet, Alaska",PAUN|UNK,63.888333,-160.798889,America/Anchorage,-480,UTC-08:00
MX,Huatulco,Huatulco,HUX|MMBT,15.775317,-96.262572,America/Mexico_City,-360,UTC-06:00
US,"Easton, Maryland","Easton, Maryland",ESN|KESN,38.8041667,-76.069,America/New_York,-240,UTC-04:00
CD,Bunia,Bunia,BUX|FZKA,1.565719,30.220833,Africa/Lubumbashi,120,UTC+02:00
US,"Council, Alaska","Council, Alaska",CIL,64.897778,-163.703333,America/Anchorage,-480,UTC-08:00
CA,Kingfisher Lake,Kingfisher Lake,CNM5|KIF,53.0125,-89.8553,America/Winnipeg,-300,UTC-05:00
US,"Thief River Falls, MN","Thief River Falls, MN",KTVF|TVF,48.065556,-96.185,America/Chicago,-300,UTC-05:00
PK,Lahore,Lahore,LHE|OPLA,31.521564,74.403594,Asia/Karachi,300,UTC+05:00
FR,Meribel,Meribel,LFKX|MFX,45.4069,6.58056,Europe/Paris,120,UTC+02:00
PE,Chimbote,Chimbote,CHM|SPEO,-9.149614,-78.52385,America/Lima,-300,UTC-05:00
JP,Kumamoto,Kumamoto,KMJ|RJFT,32.837319,130.85505,Asia/Tokyo,540,UTC+09:00
KE,Lodwar,Lodwar,HKLO|LOK,3.121967,35.608692,Africa/Nairobi,180,UTC+03:00
US,"Rowan Bay, Alaska","Rowan Bay, Alaska",RWB,0.0,0.0,America/Anchorage,-480,UTC-08:00
PL,Poznan,Poznan,EPPO|POZ,52.421031,16.826325,Europe/Warsaw,120,UTC+02:00
ET,Asosa,Asosa,ASO|HASO,10.01855,34.586253,Africa/Addis_Ababa,180,UTC+03:00
US,"Kalaupapa, Hawaii","Kalaupapa, Hawaii",LUP|PHLU,21.211,-156.974,Pacific/Honolulu,-600,UTC-10:00
CA,Quaqtaq,Quaqtaq,CYHA|YQC,61.0464,-69.6178,America/Montreal,-240,UTC-04:00
RU,Orenburg,Orenburg,REN|UWOO,51.795786,55.456744,Asia/Yekaterinburg,300,UTC+05:00
CD,Moanda,Moanda,FZAG|MNB,-5.930858,12.351789,Africa/Kinshasa,60,UTC+01:00
US,"Wink, Texas","Wink, Texas",INK|KINK,31.779628,-103.201361,America/Chicago,-300,UTC-05:00
UY,Salto,Salto,STY|SUSO,-31.438481,-57.985294,America/Montevideo,-180,UTC-03:00
AU,Yorke Island,Yorke Island,OKR|YYKI,-9.75703,143.411,Australia/Brisbane,600,UTC+10:00
DE,Munich,Munich,AGB|EDDM|EDMA|MUC|ZMU,48.353783,11.786086,Europe/Berlin,120,UTC+02:00
KR,Yecheon,Yecheon,RKTY|YEC,36.631933,128.35485,Asia/Seoul,540,UTC+09:00
EE,Kardla,Kardla,EEKA|KDL,58.990756,22.830733,Europe/Tallinn,180,UTC+03:00
FR,Agen,Agen,AGF|LFBA,44.174721,0.590556,Europe/Paris,120,UTC+02:00
DZ,Bordj Badji Mokhtar,Bordj Badji Mokhtar,BMW|DATM,21.375,0.923889,Africa/Algiers,60,UTC+01:00
RU,Novosibirsk,Novosibirsk,OVB|UNNT,55.012622,82.650656,Asia/Novosibirsk,420,UTC+07:00
CA,Slave Lake,Slave Lake,CYZH|YZH,55.293056,-114.777222,America/Edmonton,-360,UTC-06:00
NP,Tumling Tar,Tumling Tar,TMI|VNTR,27.315,87.193333,Asia/Kathmandu,345,UTC+05:45
CV,Sao Filipe,Sao Filipe,GVSF|SFL,14.885,-24.48,Atlantic/Cape_Verde,-60,UTC-01:00
CN,Zhongshan,Zhongshan,ZGN,22.51666667,113.3666667,Asia/Shanghai,480,UTC+08:00
IN,Lilabari,Lilabari,IXI|VELR,27.295494,94.09765,Asia/Kolkata,330,UTC+05:30
CN,Heihe,Heihe,HEK|ZYHE,50.25,127.3,Asia/Harbin,480,UTC+08:00
PR,Aguadilla,Aguadilla,BQN|TJBQ,18.494861,-67.129444,America/Puerto_Rico,-240,UTC-04:00
UY,Montevideo,Montevideo,MVD|SUMU,-34.838417,-56.030806,America/Montevideo,-180,UTC-03:00
AU,Ayers Rock,Ayers Rock,AYQ|YAYE,-25.186111,130.975556,Australia/Darwin,570,UTC+09:30
NO,Bronnoysund,Bronnoysund,BNN|ENBN,65.461111,12.2175,Europe/Oslo,120,UTC+02:00
AR,Puerto Deseado,Puerto Deseado,PUD|SAWD,-47.735292,-65.904097,America/Argentina/Rio_Gallegos,-180,UTC-03:00
IL,Gush Katif,Gush Katif,GHK,0.0,0.0,Asia/Gaza,180,UTC+03:00
VE,Coro,Coro,CZE|SVCR,11.414867,-69.681656,America/Caracas,-240,UTC-04:00
MS,Montserrat,Montserrat,MNI|TRPG,16.791389,-62.193333,America/Montserrat,-240,UTC-04:00
AU,Southern Cross,Southern Cross,SQC,-31.24,119.36,Australia/Perth,480,UTC+08:00
ZA,Port Elizabeth,Port Elizabeth,FAPE|PLZ,-33.984919,25.617275,Africa/Johannesburg,120,UTC+02:00
CA,Coral Harbour,Coral Harbour,CYCZ|YZS,64.193333,-83.359444,America/Coral_Harbour,-300,UTC-05:00
PK,Islamabad,Islamabad,ISB|OPRN,33.616653,73.099233,Asia/Karachi,300,UTC+05:00
CO,Bahia Solano,Bahia Solano,BSC|SKBS,6.202917,-77.394675,America/Bogota,-300,UTC-05:00
AR,Resistencia,Resistencia,RES|SARE,-27.449986,-59.056125,America/Argentina/Cordoba,-180,UTC-03:00
US,"Karluk, Alaska","Karluk, Alaska",KYK|PAKY,57.566944,-154.450278,America/Anchorage,-480,UTC-08:00
US,"Jackson, Michigan","Jackson, Michigan",JXN|KJXN,42.260556,-84.460556,America/New_York,-240,UTC-04:00
US,"Pedro Bay, Alaska","Pedro Bay, Alaska",PDB,59.782222,-154.1325,America/Anchorage,-480,UTC-08:00
US,"Beaver, Alaska","Beaver, Alaska",PAWB|WBQ,66.362222,-147.406667,America/Anchorage,-480,UTC-08:00
CA,Belleville,Belleville,XVV,44.1793,-77.3747,America/Toronto,-240,UTC-04:00
US,"Galion, Ohio","Galion, Ohio",GQQ|KGQQ,40.7533889,-82.7238056,America/New_York,-240,UTC-04:00
VU,Aniwa,Aniwa,AWD|NVVB,-19.24,169.605,Pacific/Efate,660,UTC+11:00
BR,Conceicao Do Arag,Conceicao Do Arag,CDJ|SBAA,-8.348347,-49.301528,America/Belem,-180,UTC-03:00
US,"Port Alsworth, Alaska","Port Alsworth, Alaska",PTA,60.20305,-154.31866,America/Anchorage,-480,UTC-08:00
CI,Korhogo,Korhogo,DIKO|HGO,9.387183,-5.556664,Africa/Abidjan,0,UTC+00:00
IL,Masada,Masada,MTZ,31.3282,35.3886,Asia/Jerusalem,180,UTC+03:00
CK,Mitiaro Island,Mitiaro Island,MOI|NCMR,-19.8425,-157.703,Pacific/Rarotonga,-600,UTC-10:00
RU,Voronezh,Voronezh,UUOO|VOZ,51.812396,39.223984,Europe/Moscow,180,UTC+03:00
RU,Provideniya,Provideniya,PVS|UHMD,64.378139,-173.243306,Asia/Anadyr,720,UTC+12:00
PA,Garachine,Garachine,GHE,8.06,-78.36,America/Panama,-300,UTC-05:00
AR,Zapala,Zapala,APZ|SAHZ,-38.9755,-70.113581,America/Argentina/Salta,-180,UTC-03:00
FR,Nantes,Nantes,LFRS|NTE|QJZ,47.153189,-1.610725,Europe/Paris,120,UTC+02:00
ZA,Alexander Bay,Alexander Bay,ALJ|FAAB,-28.575001,16.533333,Africa/Johannesburg,120,UTC+02:00
US,"Center Island, Washington","Center Island, Washington",CWS,0.0,0.0,America/Los_Angeles,-420,UTC-07:00
RU,Okhotsk,Okhotsk,OHO|UHOO,59.4101,143.057,Asia/Vladivostok,600,UTC+10:00
RO,Caransebes,Caransebes,CSB|LRCS,45.42,22.253333,Europe/Bucharest,180,UTC+03:00
DE,Oberpfaffenhofen,Oberpfaffenhofen,EDMO|OBF,48.081364,11.283067,Europe/Berlin,120,UTC+02:00
CI,Bouake,Bouake,BYK|DIBK,7.7388,-5.073667,Africa/Abidjan,0,UTC+00:00
KH,Phnom Penh,Phnom Penh,PNH|VDPP,11.546556,104.844139,Asia/Phnom_Penh,420,UTC+07:00
PG,Tufi,Tufi,TFI,-9.07595,149.32,Asia/Vladivostok,600,UTC+10:00
RU,Krasnoyarsk,Krasnoyarsk,KCY|KJA|UNKL|UNKM,56.18,92.475,Asia/Krasnoyarsk,420,UTC+07:00
HU,Pecs,Pecs,LHPP|PEV,45.990928,18.240983,Europe/Monaco,120,UTC+02:00
FI,Kuorevesi,Kuorevesi,EFHA|KEV,61.85605,24.7866,Europe/Helsinki,180,UTC+03:00
PK,Saidu Sharif,Saidu Sharif,OPSS|SDT,34.813556,72.352814,Asia/Karachi,300,UTC+05:00
CN,Xilinhot,Xilinhot,XIL|ZBXH,43.9156,115.964,Asia/Shanghai,480,UTC+08:00
US,"Riverside, California","Riverside, California",KRAL|KRIV|RAL|RIV,33.951875,-117.445103,America/Los_Angeles,-420,UTC-07:00
NG,Kaduna,Kaduna,DNKA|KAD,10.696025,7.320114,Africa/Lagos,60,UTC+01:00
BR,Lencois,Lencois,LEC|SBLE,-12.4823,-41.277,America/Bahia,-180,UTC-03:00
US,"Goldsboro, North Carolina","Goldsboro, North Carolina",GSB|KGSB,35.339383,-77.960589,America/New_York,-240,UTC-04:00
US,"Fort Meade, Maryland","Fort Meade, Maryland",FME|KFME,39.085386,-76.759414,America/New_York,-240,UTC-04:00
CO,Monteria,Monteria,MTR|SKMR,8.823744,-75.825831,America/Bogota,-300,UTC-05:00
PK,Jacobabad,Jacobabad,JAG,28.28417,68.44971,Asia/Karachi,300,UTC+05:00
US,"Williamsport, Pennsylvania","Williamsport, Pennsylvania",IPT|KIPT,41.241836,-76.921094,America/New_York,-240,UTC-04:00
BF,Bobo Dioulasso,Bobo Dioulasso,BOY|DFOO,11.160056,-4.330969,Africa/Ouagadougou,0,UTC+00:00
PH,Dumaguete,Dumaguete,DGT|RPVD,9.333714,123.300472,Asia/Manila,480,UTC+08:00
PF,Tureira,Tureira,NTGY|ZTA,-20.7897,-138.57,Pacific/Tahiti,-600,UTC-10:00
AW,Aruba,Aruba,AUA|TNCA,12.501389,-70.015221,America/Aruba,-240,UTC-04:00
US,"Elizabeth City, North Carolina","Elizabeth City, North Carolina",ECG|KECG,36.260581,-76.174572,America/New_York,-240,UTC-04:00
US,"Iowa City, Iowa","Iowa City, Iowa",IOW|KIOW,41.639244,-91.546503,America/Chicago,-300,UTC-05:00
MZ,Bazaruto Island,Bazaruto Island,BZB,-21.542778,35.473056,Africa/Kigali,120,UTC+02:00
NG,Kano,Kano,DNKN|KAN,12.047589,8.524622,Africa/Lagos,60,UTC+01:00
US,"Moultrie, Georgia","Moultrie, Georgia",MGR,31.0849167,-83.80325,America/Havana,-240,UTC-04:00
BO,Potosi,Potosi,POI|SLPO,-19.543069,-65.723706,America/La_Paz,-240,UTC-04:00
GB,Manchester,Manchester,EGCC|MAN|QQM|ZMP,53.353744,-2.27495,Europe/London,60,UTC+01:00
US,"Wenatchee, Washington","Wenatchee, Washington",EAT|KEAT,47.398,-120.206,America/Los_Angeles,-420,UTC-07:00
US,"Lynchburg, Virginia","Lynchburg, Virginia",KLYH|LYH,37.3267,-79.2004,America/New_York,-240,UTC-04:00
US,"Zephyrhills, Florida","Zephyrhills, Florida",KZPH|ZPH,28.228056,-82.155833,America/New_York,-240,UTC-04:00
NZ,Palmerston North,Palmerston North,NZPM|PMR,-40.320556,175.616944,Pacific/Auckland,720,UTC+12:00
ZW,Masvingo,Masvingo,FVMV|MVZ,-20.055333,30.859111,Africa/Harare,120,UTC+02:00
CO,Arauca,Arauca,AUC|SKUC,7.068881,-70.736925,America/Bogota,-300,UTC-05:00
AE,Sharjah,Sharjah,OMSJ|SHJ,25.328575,55.51715,Asia/Dubai,240,UTC+04:00
US,"Bellingham, Washington","Bellingham, Washington",BLI|KBLI,48.792694,-122.537528,America/Los_Angeles,-420,UTC-07:00
KZ,Arkalyk,Arkalyk,AYK|UAUR,50.2395,66.941,Asia/Qyzylorda,300,UTC+05:00
CO,Cravo Norte,Cravo Norte,RAV,0.0,0.0,America/Bogota,-300,UTC-05:00
US,"Mount McKinley, Alaska","Mount McKinley, Alaska",MCL|PAIN,63.732757,-148.91129,America/Anchorage,-480,UTC-08:00
BO,Puerto Suarez,Puerto Suarez,PSZ|SLPS,-18.975281,-57.820586,America/La_Paz,-240,UTC-04:00
YE,Socotra,Socotra,OYSQ|SCT,12.630672,53.905778,Asia/Aden,180,UTC+03:00
VE,Santa Barbara Ed,Santa Barbara Ed,STB|SVSZ,8.974425,-71.943014,America/Caracas,-240,UTC-04:00
US,"Greensboro, North Carolina","Greensboro, North Carolina",GSO|KGSO,36.09775,-79.937306,America/New_York,-240,UTC-04:00
CA,Cat Lake,Cat Lake,CYAC|YAC,51.7272,-91.8244,America/Winnipeg,-300,UTC-05:00
RW,Kamembe,Kamembe,HRZA|KME,-2.462242,28.90795,Africa/Kigali,120,UTC+02:00
US,"Lander, Wyoming","Lander, Wyoming",LIND|LND,47.5489,9.688,America/Denver,-360,UTC-06:00
KM,Moheli,Moheli,FMCI|NWA,-12.298108,43.7664,Indian/Comoro,180,UTC+03:00
LA,Saravane,Saravane,VLSV|VNA,15.709444,106.411667,Asia/Vientiane,420,UTC+07:00
NC,Ile Des Pins,Ile Des Pins,ILP|NWWE,-22.5889,167.456,Pacific/Noumea,660,UTC+11:00
US,"Clarks Point, Alaska","Clarks Point, Alaska",CLP,58.83659,-158.52881,America/Anchorage,-480,UTC-08:00
PF,Huahine,Huahine,HUH|NTTH,-16.687242,-151.021667,Pacific/Tahiti,-600,UTC-10:00
IT,Tortoli,Tortoli,LIET|TTB,39.918761,9.682981,Europe/Rome,120,UTC+02:00
TT,Port Of Spain,Port Of Spain,POS|TTPP,10.595369,-61.337242,America/Port_of_Spain,-240,UTC-04:00
BZ,San Pedro,San Pedro,MZ10|SPR,17.913936,-87.971075,America/Belize,-360,UTC-06:00
DE,Oldenburg,Oldenburg,ZPD,0.0,0.0,Europe/Monaco,120,UTC+02:00
IN,Srinagar,Srinagar,SXR|VISR,33.987139,74.77425,Asia/Kolkata,330,UTC+05:30
EG,Shark Alowainat,Shark Alowainat,GSQ|HEOW,22.5806,28.7207,Africa/Cairo,180,UTC+03:00
BO,Reyes,Reyes,REY|SLRY,-14.3044,-67.3534,America/La_Paz,-240,UTC-04:00
US,"Athens, Georgia","Athens, Georgia",AHN|KAHN,33.9486,-83.3263,America/New_York,-240,UTC-04:00
AU,Rottnest Island,Rottnest Island,RTS,-32.0067,115.54,Australia/Perth,480,UTC+08:00
MX,San Felipe,San Felipe,SFH|SVSP,10.278728,-68.755211,America/Santa_Isabel,-420,UTC-07:00
RU,Yeysk,Yeysk,EIK,46.686747,38.210793,Europe/Moscow,180,UTC+03:00
IS,Raufarhofn,Raufarhofn,RFN,66.45,-15.95,Atlantic/Reykjavik,0,UTC+00:00
IN,Belgaum,Belgaum,IXG|VABM,15.859286,74.618292,Asia/Kolkata,330,UTC+05:30
AR,Oran,Oran,ORA|SASO,-23.152779,-64.32917,America/Argentina/Salta,-180,UTC-03:00
US,"Sault Ste Marie, Michigan","Sault Ste Marie, Michigan",CIU|KCIU,46.2508,-84.4724,America/Detroit,-240,UTC-04:00
AU,Woomera,Woomera,UMR|YPWR,-31.144167,136.816944,Australia/Adelaide,570,UTC+09:30
FR,Bourg En Bresse,Bourg En Bresse,LFHS|XBK,46.20089,5.292028,Europe/Paris,120,UTC+02:00
ML,Gao,Gao,GAGO|GAQ,16.248433,-0.005456,Africa/Bamako,0,UTC+00:00
GB,Alderney,Alderney,ACI|EGJA,49.706111,-2.214722,Europe/Guernsey,60,UTC+01:00
AT,Vienna,Vienna,LOWW|VIE|XWC|XWW,48.110278,16.569722,Europe/Vienna,120,UTC+02:00
TR,Eskisehir,Eskisehir,AOE|ESK|LTBI|LTBY,39.784138,30.582111,Europe/Istanbul,180,UTC+03:00
UZ,Navoi,Navoi,NVI|UTSA,40.1172,65.1708,Asia/Samarkand,300,UTC+05:00
CA,Gander,Gander,CYQX|YQX,48.936944,-54.568056,America/St_Johns,-150,UTC-02:30
EC,Tiputini,Tiputini,SETI|TPN,-0.766667,-75.53333,America/Guayaquil,-300,UTC-05:00
AU,Aurukun Mission,Aurukun Mission,AUU|YAUR,-13.3539,141.721,Australia/Brisbane,600,UTC+10:00
ES,Leon,Leon,EEU|LELN|LEN,42.589,-5.655556,Europe/Madrid,120,UTC+02:00
GA,Tchibanga,Tchibanga,FOOT|TCH,-2.85,11.017,Africa/Libreville,60,UTC+01:00
TZ,Mwanza,Mwanza,HTMW|MWZ,-2.444486,32.932667,Africa/Dar_es_Salaam,180,UTC+03:00
AU,Streaky Bay,Streaky Bay,KBY|UWWW,53.504858,50.164336,Australia/Adelaide,570,UTC+09:30
CA,Peterborough,Peterborough,CYPQ|YPQ,44.23,-78.363333,America/Toronto,-240,UTC-04:00
IT,Foggia,Foggia,FOG|FOI|LIBF,41.432917,15.535028,Europe/Rome,120,UTC+02:00
US,"Fresno, California","Fresno, California",FAT|KFAT,36.776194,-119.71814,America/Los_Angeles,-420,UTC-07:00
US,"Westerly, Rhode Island","Westerly, Rhode Island",KWST|WST,41.349722,-71.803333,America/New_York,-240,UTC-04:00
RU,Neryungri,Neryungri,NER,56.905457,124.899613,Asia/Yakutsk,540,UTC+09:00
UG,Gulu,Gulu,HUGU|ULU,2.805556,32.271792,Africa/Kampala,180,UTC+03:00
MX,Villahermosa,Villahermosa,MMVA|VSA,17.997,-92.817361,America/Mexico_City,-360,UTC-06:00
CA,Shawinigan,Shawinigan,KXFL|XFL,29.2821,-81.1212,America/Toronto,-240,UTC-04:00
US,"Saranac Lake, New York","Saranac Lake, New York",KSLK|SLK,44.3853,-74.2062,America/New_York,-240,UTC-04:00
US,"Norfolk, Nebraska","Norfolk, Nebraska",OFK,41.98528,-97.43533,America/Chicago,-300,UTC-05:00
CO,La Chorrera,La Chorrera,LCR,-0.733333,-73.016667,America/Cayman,-300,UTC-05:00
CA,Whale Cove,Whale Cove,CYXN|YXN,62.24,-92.5981,America/Rankin_Inlet,-300,UTC-05:00
BR,Santo Angelo,Santo Angelo,GEL|SBNM,-28.281683,-54.169139,America/Sao_Paulo,-180,UTC-03:00
US,"Marshall, Alaska","Marshall, Alaska",MLL|PADM,61.8646418,-162.026111,America/Anchorage,-480,UTC-08:00
VE,La Fria,La Fria,LFR|SVLF,8.239167,-72.271028,America/Caracas,-240,UTC-04:00
AR,San Julian,San Julian,SAWJ|ULA,-49.306775,-67.802589,America/Argentina/Rio_Gallegos,-180,UTC-03:00
GB,Foula,Foula,FOA,60.121,-2.052,Europe/Jersey,60,UTC+01:00
CA,Saskatoon,Saskatoon,CYXE|YXE,52.170834,-106.699722,America/Regina,-360,UTC-06:00
US,"Larsen Bay, Alaska","Larsen Bay, Alaska",KLN|PALB,57.535,-153.976667,America/Anchorage,-480,UTC-08:00
KR,Ulsan,Ulsan,RKPU|USN,35.593494,129.351722,Asia/Seoul,540,UTC+09:00
US,"Palmer, Alaska","Palmer, Alaska",PAAQ|PAQ,61.594914,-149.088711,America/Anchorage,-480,UTC-08:00
CA,Chisasibi,Chisasibi,CSU2|YKU,53.8056,-78.9169,America/Montreal,-240,UTC-04:00
DZ,Tindouf,Tindouf,DAOF|TIN,27.700372,-8.167103,Africa/Algiers,60,UTC+01:00
CU,Cienfuegos,Cienfuegos,CFG|MUCF,22.15,-80.414167,America/Havana,-240,UTC-04:00
MY,Tioman,Tioman,TOD|WMBT,2.818183,104.160019,Asia/Kuala_Lumpur,480,UTC+08:00
CO,Leticia,Leticia,LET|SKLT,-4.193549,-69.943163,America/Bogota,-300,UTC-05:00
SL,Bonthe,Bonthe,BTE|GFBN,7.53242,-12.5189,Africa/Freetown,0,UTC+00:00
US,"Blytheville, Arkansas","Blytheville, Arkansas",BYH|KBYH,35.964347,-89.943956,America/Chicago,-300,UTC-05:00
US,"Kenai, Alaska","Kenai, Alaska",ENA|PAEN,60.573111,-151.245,America/Anchorage,-480,UTC-08:00
TO,Vava U,Vava U,NFTV|VAV,-18.585336,-173.961717,Pacific/Tongatapu,780,UTC+13:00
ID,Ilu,Ilu,IUL,-3.73333,138.16667,Asia/Jayapura,540,UTC+09:00
US,"Roche Harbor, Washington","Roche Harbor, Washington",RCE,48.608056,-123.159722,America/Vancouver,-420,UTC-07:00
RU,Naryan Mar,Naryan Mar,NNM|ULAM,67.633284,53.085705,Europe/Moscow,180,UTC+03:00
PG,Port Moresby,Port Moresby,AYPY|POM,-9.443383,147.22005,Pacific/Port_Moresby,600,UTC+10:00
CN,Wuhan,Wuhan,WUH|ZHHH,30.783758,114.2081,Asia/Shanghai,480,UTC+08:00
CO,Riohacha,Riohacha,RCH|SKRH,11.526222,-72.925958,America/Bogota,-300,UTC-05:00
GB,Nuneaton,Nuneaton,XNV,0.0,0.0,Europe/Jersey,60,UTC+01:00
SD,Port Sudan,Port Sudan,HSPN|PZU,19.4336,37.2341,Africa/Khartoum,120,UTC+02:00
ZA,Ulundi,Ulundi,FAUL|ULD,-28.320586,31.416519,Africa/Johannesburg,120,UTC+02:00
US,"New Koliganek, Alaska","New Koliganek, Alaska",KGK|PAJZ,59.726667,-157.259444,America/Anchorage,-480,UTC-08:00
DE,Hanover Messe,Hanover Messe,ZVM,52.329035,9.822136,Europe/Monaco,120,UTC+02:00
ET,Gondar,Gondar,GDQ|HAGN,12.5199,37.434047,Africa/Addis_Ababa,180,UTC+03:00
BS,Congo Town,Congo Town,COX|MYAK,24.158933,-77.589758,America/Nassau,-240,UTC-04:00
AU,Borroloola,Borroloola,BOCH|BOX,51.478506,7.2222,Australia/Darwin,570,UTC+09:30
GB,Filton,Filton,EGTG|FZO,51.519444,-2.590833,Europe/London,60,UTC+01:00
PK,Hyderabad,Hyderabad,HDD|OPKD,25.3181,68.3661,Asia/Karachi,300,UTC+05:00
IT,Palermo,Palermo,LICJ|PMO,38.175958,13.091019,Europe/Rome,120,UTC+02:00
AZ,Baku,Baku,GYD|UBBB,40.4675,50.046667,Asia/Baku,240,UTC+04:00
CA,North Battleford,North Battleford,CYQW|YQW,52.769167,-108.24361,America/Regina,-360,UTC-06:00
AR,La Rioja,La Rioja,IRJ|SANL,-29.381636,-66.795839,America/Argentina/La_Rioja,-180,UTC-03:00
MG,Maroantsetra,Maroantsetra,FMNR|WMN,-15.436666,49.688332,Indian/Antananarivo,180,UTC+03:00
US,"New Philadelphia, Ohio","New Philadelphia, Ohio",KPHD|PHD,40.4701667,-81.4199444,America/New_York,-240,UTC-04:00
CA,Fort St John,Fort St John,CYXJ|YXJ,56.238056,-120.740278,America/Dawson_Creek,-420,UTC-07:00
RU,Zeya,Zeya,EYA,53.69224,127.09126,Asia/Yakutsk,540,UTC+09:00
US,"Utica, New York","Utica, New York",UCA,0.0,0.0,America/New_York,-240,UTC-04:00
AO,Catumbela,Catumbela,CBT|FNCT,-12.4792,13.4869,Africa/Luanda,60,UTC+01:00
GB,Saint Andrews,Saint Andrews,ADX|EGQL,56.372889,-2.868444,Europe/London,60,UTC+01:00
US,"Kenmore Air Harbo, Washington","Kenmore Air Harbo, Washington",KEH,47.7548,-122.259,America/Vancouver,-420,UTC-07:00
US,"Manokotak, Alaska","Manokotak, Alaska",KMO|PAMB,58.990278,-159.05,America/Anchorage,-480,UTC-08:00
PK,Skardu,Skardu,KDU|OPSD,35.335508,75.536047,Asia/Karachi,300,UTC+05:00
CN,Shenyang,Shenyang,SHE|ZYTX,41.635478,123.496056,Asia/Shanghai,480,UTC+08:00
US,"Atqasuk, Alaska","Atqasuk, Alaska",ATK|PATQ,70.4673,-157.436,America/Anchorage,-480,UTC-08:00
CA,Holman,Holman,CYHI|YHI,70.762778,-117.806111,America/Yellowknife,-360,UTC-06:00
US,"Kodiak, Alaska","Kodiak, Alaska",ADQ|PADQ,57.749967,-152.493856,America/Anchorage,-480,UTC-08:00
ID,Putussibau,Putussibau,PSU|WIOP,0.835578,112.937144,Asia/Pontianak,420,UTC+07:00
PF,Rurutu,Rurutu,NTAR|RUR,-22.434069,-151.360614,Pacific/Tahiti,-600,UTC-10:00
MW,Dwangwa,Dwangwa,DWA|KDWA,38.5793889,-121.8569444,Africa/Blantyre,120,UTC+02:00
DK,Copenhagen,Copenhagen,CPH|EKCH|EKRK|RKE|ZGH,55.617917,12.655972,Europe/Copenhagen,120,UTC+02:00
DE,Lahr,Lahr,EDTL|LHA,48.3693,7.82772,Europe/Berlin,120,UTC+02:00
FR,Lourdes Tarbes,Lourdes Tarbes,LDE|LFBT,43.178675,-0.006439,Europe/Paris,120,UTC+02:00
US,"Clearwater, FL","Clearwater, FL",CLW|KCLW,27.9764722,-82.7586667,America/New_York,-240,UTC-04:00
PA,Jaque,Jaque,JQE|MPJE,7.51778,-78.1572,America/Panama,-300,UTC-05:00
FJ,Ba,Ba,BFJ,27.253,105.426,Pacific/Fiji,720,UTC+12:00
US,"Visalia, California","Visalia, California",KVIS|VIS,36.318611,-119.392778,America/Los_Angeles,-420,UTC-07:00
BR,Parintins,Parintins,PIN|SWPI,-2.627778,-56.735833,America/Manaus,-240,UTC-04:00
MA,Laayoune,Laayoune,EUN|GMML,27.1517,-13.2192,Africa/El_Aaiun,60,UTC+01:00
US,"Key West, Florida","Key West, Florida",EYW|KEYW|KNQX|NQX,24.556111,-81.759556,America/New_York,-240,UTC-04:00
CA,Red Deer,Red Deer,CYQF|YQF,52.182222,-113.894444,America/Edmonton,-360,UTC-06:00
FI,Kajaani,Kajaani,EFKI|KAJ,64.285472,27.692414,Europe/Helsinki,180,UTC+03:00
CL,Valdivia,Valdivia,SCVD|ZAL,-39.649956,-73.086111,America/Santiago,-240,UTC-04:00
GN,Kissidougou,Kissidougou,GUKU|KSI,9.160556,-10.124443,Africa/Conakry,0,UTC+00:00
SE,Torsby,Torsby,ESST|TYF,60.157622,12.991269,Europe/Stockholm,120,UTC+02:00
SK,Zilina,Zilina,ILZ|LZZI,49.231528,18.6135,Europe/Bratislava,120,UTC+02:00
NG,Makurdi,Makurdi,DNMK|MDI,7.703883,8.613939,Africa/Lagos,60,UTC+01:00
US,"Saint Louis, MI","Saint Louis, MI",CPS|KSTL|KSUS|STL|SUS,38.748697,-90.370028,America/Chicago,-300,UTC-05:00
TM,Turkmenabad,Turkmenabad,CRZ,39.083333,63.602222,Asia/Ashgabat,300,UTC+05:00
AR,Comodoro Rivadavi,Comodoro Rivadavi,CRD|SAVC,-45.785347,-67.465508,America/Argentina/Catamarca,-180,UTC-03:00
MX,Zacatecas,Zacatecas,MMZC|ZCL,22.897112,-102.68689,America/Mexico_City,-360,UTC-06:00
SA,Sharurah,Sharurah,OESH|SHW,17.466875,47.121431,Asia/Riyadh,180,UTC+03:00
KZ,Kyzylorda,Kyzylorda,KZO|UAOO,44.709,65.591,Asia/Qyzylorda,300,UTC+05:00
RU,Kyzyl,Kyzyl,KYZ|UNKY,51.6694,94.4006,Asia/Krasnoyarsk,420,UTC+07:00
ID,Pondok Cabe,Pondok Cabe,PCB|WIHP,-6.336964,106.764561,Asia/Jakarta,420,UTC+07:00
PE,Juliaca,Juliaca,JUL|SPJL,-15.467103,-70.158169,America/Lima,-300,UTC-05:00
CD,Mbuji Mayi,Mbuji Mayi,FZWA|MJM,-6.121236,23.569008,Africa/Lubumbashi,120,UTC+02:00
US,"Great Bend, Kansas","Great Bend, Kansas",GBD|KGBD,38.344167,-98.859167,America/Chicago,-300,UTC-05:00
PH,Tablas,Tablas,RPVU|TBH,12.311,122.085,Asia/Manila,480,UTC+08:00
CA,Kelowna,Kelowna,CYLW|YLW,49.956112,-119.377778,America/Vancouver,-420,UTC-07:00
SA,Nejran,Nejran,EAM|OENG,17.611436,44.419169,Asia/Riyadh,180,UTC+03:00
ID,Cilacap,Cilacap,CXP|WIHL,-7.645056,109.033911,Asia/Jakarta,420,UTC+07:00
US,"Eastsound, Washington","Eastsound, Washington",ESD|KORS,48.708056,-122.910556,America/Los_Angeles,-420,UTC-07:00
AU,Gunnedah,Gunnedah,GUH,-30.9611,150.25101,Australia/Sydney,600,UTC+10:00
GR,Paros,Paros,LGPA|PAS,37.010278,25.127778,Europe/Athens,180,UTC+03:00
US,"Ogden, UT","Ogden, UT",HIF|KHIF,41.123939,-111.973039,America/Denver,-360,UTC-06:00
AU,Flinders Island,Flinders Island,FLS|YFLI,-40.0917,147.993,Australia/Hobart,600,UTC+10:00
UM,Midway Island,Midway Island,MDY|PMDY,28.201725,-177.380636,Pacific/Midway,-660,UTC-11:00
TH,Chumphon,Chumphon,CJM|VTSE,10.7112,99.361706,Asia/Bangkok,420,UTC+07:00
SL,Kenema,Kenema,GFKE|KEN,7.89129,-11.1766,Africa/Freetown,0,UTC+00:00
CA,Grise Fiord,Grise Fiord,CYGZ|YGZ,76.4261,-82.9092,America/Iqaluit,-240,UTC-04:00
CO,Rondon,Rondon,RON,0.0,0.0,America/Cayman,-300,UTC-05:00
US,"Victoria, Texas","Victoria, Texas",KVCT|VCT,28.8526,-96.9185,America/Chicago,-300,UTC-05:00
CA,Aklavik,Aklavik,CYKD|LAK,68.223333,-135.005833,America/Yellowknife,-360,UTC-06:00
PG,Kokoda,Kokoda,KKD,-8.88468,147.731,Asia/Vladivostok,600,UTC+10:00
PG,Hoskins,Hoskins,AYHK|HKN,-5.46217,150.405,Pacific/Port_Moresby,600,UTC+10:00
CN,Wuzhou,Wuzhou,WUZ|ZGWZ,23.4567,111.248,Asia/Chongqing,480,UTC+08:00
AU,Laverton,Laverton,LVO|YLTN,-28.6136,122.424,Australia/Perth,480,UTC+08:00
PK,Gilgit,Gilgit,GIL|OPGT,35.918786,74.333644,Asia/Karachi,300,UTC+05:00
US,"Circle Hot Spring, Alaska","Circle Hot Spring, Alaska",CHP,65.48547,-144.61078,America/Anchorage,-480,UTC-08:00
US,"Boston, Massachusetts","Boston, Massachusetts",BOS|KBOS|KPSM|PSM,42.364347,-71.005181,America/New_York,-240,UTC-04:00
BS,Stella Maris,Stella Maris,MYLS|SML,23.581444,-75.270475,America/Nassau,-240,UTC-04:00
BD,Coxs Bazar,Coxs Bazar,CXB|VGCB,21.452194,91.963889,Asia/Dhaka,360,UTC+06:00
KI,Arorae Island,Arorae Island,AIS|NGTR,-2.633333,179.816667,Pacific/Tarawa,720,UTC+12:00
US,"Tenakee Springs, Alaska","Tenakee Springs, Alaska",TKE,57.779722,-135.218333,Asia/Vladivostok,600,UTC+10:00
HN,Palacios,Palacios,PCH,0.0,0.0,America/Tegucigalpa,-360,UTC-06:00
AO,Ongiva,Ongiva,FNGI|VPE,-17.043464,15.683822,Africa/Bangui,60,UTC+01:00
ID,Sawu,Sawu,SAU,0.0,0.0,Asia/Makassar,480,UTC+08:00
US,"Hobart, Oklahoma","Hobart, Oklahoma",HBR|KHBR,34.991308,-99.051353,America/Chicago,-300,UTC-05:00
CA,Cross Lake,Cross Lake,CYCR|YCR,54.610833,-97.760278,America/Winnipeg,-300,UTC-05:00
CA,Big Trout,Big Trout,CYTL|YTL,53.8178,-89.8969,America/Winnipeg,-300,UTC-05:00
NO,Lakselv,Lakselv,ENNA|LKL,70.068814,24.973489,Europe/Oslo,120,UTC+02:00
AU,Badu Island,Badu Island,BDD|YBAU,-10.15,141.175,Australia/Brisbane,600,UTC+10:00
PG,Mapua,Mapua,MPU,9.186667,-77.984167,Asia/Vladivostok,600,UTC+10:00
IS,Hornafjordur,Hornafjordur,BIHN|HFN,64.295556,-15.227222,Atlantic/Reykjavik,0,UTC+00:00
US,"Georgetown, Delaware","Georgetown, Delaware",GED|KGED,38.689194,-75.358889,America/New_York,-240,UTC-04:00
NL,Eindhoven,Eindhoven,EHEH|EIN,51.450139,5.374528,Europe/Amsterdam,120,UTC+02:00
CN,Luxi,Luxi,LUM|ZPLX,24.4011,98.5317,Asia/Chongqing,480,UTC+08:00
CM,Garoua,Garoua,FKKR|GOU,9.335892,13.370103,Africa/Douala,60,UTC+01:00
AU,Broken Hill,Broken Hill,BHQ|YBHI,-32.0014,141.472,Australia/Broken_Hill,570,UTC+09:30
NG,Minna,Minna,DNMN|MXJ,9.652172,6.462256,Africa/Lagos,60,UTC+01:00
GB,Swansea,Swansea,EGFH|SWS,51.605333,-4.067833,Europe/London,60,UTC+01:00
MP,Saipan,Saipan,PGSN|SPN,15.119003,145.729356,Pacific/Saipan,600,UTC+10:00
CH,Vevey,Vevey,ZKZ,0.0,0.0,Europe/Monaco,120,UTC+02:00
RU,Norilsk,Norilsk,NSK|UOOO,69.311053,87.332183,Asia/Krasnoyarsk,420,UTC+07:00
CA,Kangiqsualujjuaq,Kangiqsualujjuaq,CYLU|XGR,58.7114,-65.9928,America/Montreal,-240,UTC-04:00
US,"Anderson, South Carolina","Anderson, South Carolina",AND|KAND,34.494583,-82.709389,America/New_York,-240,UTC-04:00
GB,London,London,BQH|EGGW|EGKB|EGKK|EGLC|EGLL|EGSS|LCY|LGW|LHR|LTN|QQK|QQP|QQS|QQU|STN|XQE|ZEP|ZLS,51.330833,0.0325,Europe/London,60,UTC+01:00
PG,Amazon Bay,Amazon Bay,AZB,0.0,0.0,Asia/Vladivostok,600,UTC+10:00
NO,Bardufoss,Bardufoss,BDU|ENDU,69.055758,18.540356,Europe/Oslo,120,UTC+02:00
ML,Bamako,Bamako,BKO|GABS,12.533544,-7.949944,Africa/Bamako,0,UTC+00:00
GB,Jersey,Jersey,EGJJ|JER,49.207947,-2.195508,Europe/Jersey,60,UTC+01:00
AG,Antigua,Antigua,ANU|TAPA,17.136749,-61.792667,America/Antigua,-240,UTC-04:00
CA,Schefferville,Schefferville,CYKL|YKL,54.805278,-66.805278,America/Montreal,-240,UTC-04:00
GR,Patras,Patras,GPA|LGRX,38.151111,21.425556,Europe/Athens,180,UTC+03:00
BR,Portos Dos Gauchos,Portos Dos Gauchos,PAPB|PBV,56.578344,-169.661611,America/Cuiaba,-240,UTC-04:00
ID,Semarang,Semarang,SRG|WARS,-6.971447,110.374122,Asia/Jakarta,420,UTC+07:00
IN,Bhubaneswar,Bhubaneswar,BBI|VEBS,20.244364,85.817781,Asia/Kolkata,330,UTC+05:30
MG,Sainte Marie,Sainte Marie,FMMS|SMS,-17.093889,49.815834,Indian/Antananarivo,180,UTC+03:00
GN,Conakry,Conakry,CKY|GUCY,9.576889,-13.611961,Africa/Conakry,0,UTC+00:00
AR,San Carlos De Bariloche,San Carlos De Bariloche,BRC|SAZS,-41.151172,-71.157542,America/Argentina/Salta,-180,UTC-03:00
PE,Bellavista,Bellavista,BLP,-7.06056,-76.5822,America/Lima,-300,UTC-05:00
GR,Kastelorizo,Kastelorizo,KZS|LGKJ,36.127777,29.566656,Europe/Athens,180,UTC+03:00
ES,Vigo,Vigo,LEVX|VGO,42.2318,-8.626775,Europe/Madrid,120,UTC+02:00
CN,Guang Yuan,Guang Yuan,GYS|ZUGU,32.3911,105.702,Asia/Chongqing,480,UTC+08:00
MV,Kaadedhdhoo,Kaadedhdhoo,KDM,0.4880555,72.995556,Indian/Maldives,300,UTC+05:00
BR,Confreza,Confreza,CFO|SJHG,-10.633611,-51.567222,America/Cuiaba,-240,UTC-04:00
AU,Barrow Island,Barrow Island,BWB|YBWX,-20.798,115.406,Australia/Perth,480,UTC+08:00
MZ,Inhambane,Inhambane,FQIN|INH,-23.876431,35.408544,Africa/Maputo,120,UTC+02:00
CA,Pukatawagan,Pukatawagan,XPK,0.0,0.0,America/Winnipeg,-300,UTC-05:00
US,"Point Lay, Alaska","Point Lay, Alaska",PIZ|PPIZ,69.732875,-163.005342,America/Nome,-480,UTC-08:00
CA,Churchill Falls,Churchill Falls,CZUM|ZUM,53.5619,-64.1064,America/Goose_Bay,-180,UTC-03:00
HN,La Ceiba,La Ceiba,LCE|MHLC,15.742481,-86.853036,America/Tegucigalpa,-360,UTC-06:00
ES,Jerez De La Frontera,Jerez De La Frontera,LEJR|XRY|YJW,36.744622,-6.060111,Europe/Madrid,120,UTC+02:00
FR,Rochefort,Rochefort,LFDN|RCO,45.887779,-0.983056,Europe/Paris,120,UTC+02:00
US,"Catalina Island, California","Catalina Island, California",AVX|KAVX,33.405,-118.415833,America/Los_Angeles,-420,UTC-07:00
CO,Corozal,Corozal,CZU|SKCZ,9.332742,-75.285594,America/Bogota,-300,UTC-05:00
RU,Belokurikha,Belokurikha,,51.99482,84.99356,Asia/Krasnoyarsk,420,UTC+07:00
RU,Orsk,Orsk,OSW|UWOR,51.0725,58.5956,Asia/Yekaterinburg,300,UTC+05:00
DE,Friedrichshafen,Friedrichshafen,EDNY|FDH,47.671317,9.511486,Europe/Berlin,120,UTC+02:00
TR,Antalya,Antalya,AYT|LTAI,36.898731,30.800461,Europe/Istanbul,180,UTC+03:00
US,"Sand Point, Alaska","Sand Point, Alaska",PASD|SDP,55.315,-160.523,America/Anchorage,-480,UTC-08:00
ES,Zaragoza,Zaragoza,LEZG|RZG|XZZ|ZAZ,41.666242,-1.041553,Europe/Madrid,120,UTC+02:00
EG,ALEJANDRIA,ALEJANDRIA,ALY|HBE|HEAX|HEBA,31.183903,29.948889,Africa/Cairo,180,UTC+03:00
DE,Wuerzburg,Wuerzburg,QWU,49.801389,9.935556,Europe/Berlin,120,UTC+02:00
CA,Revelstoke,Revelstoke,CYRV|YRV,50.9667,-118.183,America/Vancouver,-420,UTC-07:00
KZ,Kostanay,Kostanay,KSN|UAUU,53.206944,63.550278,Asia/Qyzylorda,300,UTC+05:00
MA,Dakhla,Dakhla,GMMH|VIL,23.7183,-15.932,Africa/El_Aaiun,60,UTC+01:00
CA,Ottawa,Ottawa,CYND|CYOW|XDS|YND|YOW|YRO,45.3225,-75.669167,America/Montreal,-240,UTC-04:00
CN,Kuqa,Kuqa,KCA|ZWKC,41.7181,82.9869,Asia/Urumqi,360,UTC+06:00
IE,Donegal,Donegal,CFN|EIDL,55.044192,-8.341,Europe/Dublin,60,UTC+01:00
ES,Puente Genil,Puente Genil,GEN,60.1939,11.1004,Africa/Ceuta,120,UTC+02:00
CN,Wenzhou,Wenzhou,WNZ|ZSWZ,27.9122,120.852,Asia/Shanghai,480,UTC+08:00
PK,Quetta,Quetta,OPQT|UET,30.251369,66.937764,Asia/Karachi,300,UTC+05:00
GA,Mayoumba,Mayoumba,FOOY|MYB,-3.416667,10.65,Africa/Libreville,60,UTC+01:00
GB,Lasham,Lasham,EGHL|QLA,51.187167,-1.0335,Europe/London,60,UTC+01:00
US,"Fishers Island, New York","Fishers Island, New York",FID,41.25382,-72.02977,America/New_York,-240,UTC-04:00
IT,Bologna,Bologna,BLQ|IBT|LIPE,44.535444,11.288667,Europe/Rome,120,UTC+02:00
DE,Norden,Norden,EDWS|NOD,53.632221,7.191389,Europe/Berlin,120,UTC+02:00
CK,Aitutaki,Aitutaki,AIT|NCAI,-18.830922,-159.764233,Pacific/Rarotonga,-600,UTC-10:00
US,"Hot Springs, Arkansas","Hot Springs, Arkansas",HOT|KHOT,34.478,-93.0962,America/Chicago,-300,UTC-05:00
NL,Leiden,Leiden,EHVB|LID,52.166139,4.417944,Europe/Amsterdam,120,UTC+02:00
CA,Teslin,Teslin,CYZW|YZW,60.172779,-132.742778,America/Whitehorse,-420,UTC-07:00
TR,Nevsehir,Nevsehir,LTAZ|NAV,38.771867,34.53455,Europe/Istanbul,180,UTC+03:00
JP,Izumo,Izumo,IZO|RJOC,35.413611,132.89,Asia/Tokyo,540,UTC+09:00
ZA,Margate,Margate,FAMG|MGH,-30.857408,30.343019,Africa/Johannesburg,120,UTC+02:00
GB,Enniskillen,Enniskillen,EGAB|ENK,54.398889,-7.651667,Europe/London,60,UTC+01:00
GR,Agrinion,Agrinion,AGQ|LGAG,38.602022,21.351208,Europe/Athens,180,UTC+03:00
RU,Tobolsk,Tobolsk,RMZ|TOX,58.1358,68.2319,Asia/Yekaterinburg,300,UTC+05:00
AO,Kuito,Kuito,FNKU|SVP,-12.404633,16.947414,Africa/Luanda,60,UTC+01:00
PL,Krakow,Krakow,EPKK|KRK,50.077731,19.784836,Europe/Warsaw,120,UTC+02:00
RU,Amderma,Amderma,AMV|ULDD,69.7633,61.5564,Europe/Moscow,180,UTC+03:00
PH,Ozamis City,Ozamis City,OZC|RPMO,8.178508,123.841731,Asia/Manila,480,UTC+08:00
US,"Saint Marys, Alaska","Saint Marys, Alaska",KSM|PASM,62.0605,-163.302,America/Nome,-480,UTC-08:00
TH,Phetchabun,Phetchabun,PHY|VTPB,16.676028,101.195108,Asia/Bangkok,420,UTC+07:00
FR,Aix En Provence,Aix En Provence,LFMA|QXB,43.505554,5.367778,Europe/Paris,120,UTC+02:00
US,"Salina, Utah","Salina, Utah",KSBO|SBO,32.609139,-82.369944,America/Denver,-360,UTC-06:00
US,"Mount Vernon, Illinois","Mount Vernon, Illinois",MVN,0.0,0.0,America/Winnipeg,-300,UTC-05:00
JP,Obihiro,Obihiro,OBO|RJCB,42.733333,143.217222,Asia/Tokyo,540,UTC+09:00
ZA,Sabi Sabi,Sabi Sabi,GSS,-24.9415,31.4446,Africa/Johannesburg,120,UTC+02:00
US,"Gulfport, Mississipi","Gulfport, Mississipi",GPT|KGPT,30.407278,-89.070111,America/Chicago,-300,UTC-05:00
PR,Vieques,Vieques,TJCG|VQS,18.1158,-65.4227,America/Puerto_Rico,-240,UTC-04:00
GY,Kamarang,Kamarang,KAR|SYKM,5.865278,-60.614167,America/Guyana,-240,UTC-04:00
TH,Nakhon Ratchasima,Nakhon Ratchasima,NAK|VTUQ,14.949497,102.312736,Asia/Bangkok,420,UTC+07:00
PR,Arecibo,Arecibo,ARE|TJAB,18.451111,-66.675556,America/Puerto_Rico,-240,UTC-04:00
US,"Portland, Oregon","Portland, Oregon",KPDX|PDX,45.588722,-122.5975,America/Los_Angeles,-420,UTC-07:00
US,"Bloomington, Illinois","Bloomington, Illinois",BMI|KBMI,40.477111,-88.915917,America/Chicago,-300,UTC-05:00
AR,San Juan,San Juan,SANU|UAQ,-31.571472,-68.418194,America/Argentina/San_Juan,-180,UTC-03:00
MZ,Maputo,Maputo,FQMA|MPM,-25.920836,32.572606,Africa/Maputo,120,UTC+02:00
ID,Medan,Medan,KNO|MES|WIMM,3.558056,98.671722,Asia/Jakarta,420,UTC+07:00
BR,Mucuri,Mucuri,MVS|SNMU,-18.0489,-39.8642,America/Bahia,-180,UTC-03:00
RU,Omsk,Omsk,OMS|UNOO,54.967042,73.310514,Asia/Omsk,360,UTC+06:00
US,"Shishmaref, Alaska","Shishmaref, Alaska",PASH|SHH,66.2496,-166.089,America/Nome,-480,UTC-08:00
DK,Aarhus,Aarhus,AAR|EKAH,56.300017,10.619008,Europe/Copenhagen,120,UTC+02:00
US,"Tuscaloosa, Alabama","Tuscaloosa, Alabama",KTCL|TCL,33.220627,-87.611403,America/Chicago,-300,UTC-05:00
US,"Chincoteague, Virginia","Chincoteague, Virginia",KWAL|WAL,37.940194,-75.466389,America/New_York,-240,UTC-04:00
SB,Ringi Cove,Ringi Cove,AGRC|RIN,-8.12639,157.143,Pacific/Guadalcanal,660,UTC+11:00
ET,Harar,Harar,HAHM|QHR,8.7163,39.0059,Asia/Qatar,180,UTC+03:00
US,"Harlingen, Texas","Harlingen, Texas",HRL|KHRL,26.2285,-97.654389,America/Chicago,-300,UTC-05:00
IN,Raipur,Raipur,RPR|VARP,21.180406,81.738753,Asia/Kolkata,330,UTC+05:30
AR,Rio Turbio,Rio Turbio,RYO,-51.533333,-72.3,America/Argentina/Rio_Gallegos,-180,UTC-03:00
BW,Tuli Lodge,Tuli Lodge,FBTL|TLD,-22.1892,29.1269,Africa/Gaborone,120,UTC+02:00
PH,Manila,Manila,MNL|RPLL|SGL,14.508647,121.019581,Asia/Manila,480,UTC+08:00
ZW,Victoria Falls,Victoria Falls,FVFA|VFA,-18.095881,25.839006,Africa/Harare,120,UTC+02:00
US,"Saint George Island, Alaska","Saint George Island, Alaska",STG,56.577222,-169.663611,America/Anchorage,-480,UTC-08:00
RO,Sibiu,Sibiu,LRSB|SBZ,45.785597,24.091342,Europe/Bucharest,180,UTC+03:00
SN,Tambacounda,Tambacounda,GOTT|TUD,13.736817,-13.653122,Africa/Dakar,0,UTC+00:00
MX,Puerto Vallarta,Puerto Vallarta,MMPR|PVR,20.680083,-105.254167,America/Mexico_City,-360,UTC-06:00
MX,Monterrey,Monterrey,MMAN|MMMY|MTY|NTR,25.778489,-100.106878,America/Monterrey,-360,UTC-06:00
FR,Vichy,Vichy,LFLV|VHY,46.169689,3.403736,Europe/Paris,120,UTC+02:00
PG,Wipim,Wipim,WPM,-8.78822,142.882,Asia/Vladivostok,600,UTC+10:00
BR,Cuiaba,Cuiaba,CGB|SBCY,-15.652931,-56.116719,America/Cuiaba,-240,UTC-04:00
US,"Emporia, Kansas","Emporia, Kansas",EMP,38.3321,-96.1912,America/Chicago,-300,UTC-05:00
EC,Esmeraldas,Esmeraldas,ESM|SETN,0.978519,-79.6266,America/Guayaquil,-300,UTC-05:00
PK,Dera Ghazi Khan,Dera Ghazi Khan,DEA|OPDG,29.961011,70.485925,Asia/Karachi,300,UTC+05:00
TN,Monastir,Monastir,DTMB|MIR,35.758056,10.754722,Africa/Tunis,60,UTC+01:00
YE,Beihan,Beihan,BHN|OYBN,14.781972,45.720083,Asia/Aden,180,UTC+03:00
CO,Villavicencio,Villavicencio,SKVV|VVC,4.167875,-73.613761,America/Bogota,-300,UTC-05:00
RO,Bacau,Bacau,BCM|LRBC,46.521946,26.910278,Europe/Bucharest,180,UTC+03:00
CA,Sachigo Lake,Sachigo Lake,CZPB|ZPB,53.8911,-92.1964,America/Winnipeg,-300,UTC-05:00
CA,Quesnel,Quesnel,CYQZ|YQZ,53.026112,-122.510278,America/Vancouver,-420,UTC-07:00
ID,Ambon,Ambon,AMQ|WAPP,-3.710264,128.089136,Asia/Jayapura,540,UTC+09:00
CZ,Pardubice,Pardubice,LKPD|PED,50.013419,15.738647,Europe/Prague,120,UTC+02:00
KI,Aranuka,Aranuka,AAK|NGUK,0.185278,173.636389,Pacific/Tarawa,720,UTC+12:00
GH,Sunyani,Sunyani,DGSN|NYI,7.361828,-2.328756,Africa/Accra,0,UTC+00:00
JP,Hachijo Jima,Hachijo Jima,HAC|RJTH,33.115,139.785833,Asia/Tokyo,540,UTC+09:00
PK,Bhurban,Bhurban,BHC,0.0,0.0,Asia/Oral,300,UTC+05:00
FM,Kosrae,Kosrae,KSA|PTSA,5.356975,162.958386,Pacific/Kosrae,660,UTC+11:00
CA,Fort Frances,Fort Frances,CYAG|YAG,48.6542,-93.4397,America/Winnipeg,-300,UTC-05:00
US,"Marietta, GA","Marietta, GA",KMGE|MGE,33.915382,-84.516319,America/New_York,-240,UTC-04:00
US,"Milwaukee, WI","Milwaukee, WI",KMKE|KMWC|MKE|MWC,42.947222,-87.896583,America/Chicago,-300,UTC-05:00
TR,Rize,Rize,RZV,41.1736,40.845,Europe/Istanbul,180,UTC+03:00
KR,Ankokoambo,Ankokoambo,MWX|RKJB,34.991389,126.382778,Asia/Seoul,540,UTC+09:00
CA,Havre St Pierre,Havre St Pierre,CYGV|YGV,50.281944,-63.611389,America/Montreal,-240,UTC-04:00
BR,Iguassu Falls,Iguassu Falls,IGU|SBFI,-25.59615,-54.487206,America/Sao_Paulo,-180,UTC-03:00
TR,Malatya,Malatya,LTAT|MLX,38.435347,38.091006,Europe/Istanbul,180,UTC+03:00
CD,Tshikapa,Tshikapa,FZUK|TSH,-6.43833,20.7947,Africa/Lubumbashi,120,UTC+02:00
MY,Kerteh,Kerteh,KTE|WMKE,4.537222,103.426756,Asia/Kuala_Lumpur,480,UTC+08:00
PH,General Santos,General Santos,GES|RPMB,6.106439,125.2353,Asia/Manila,480,UTC+08:00
US,"Chevak, Alaska","Chevak, Alaska",PAVA|VAK,61.5338,-165.584,America/Nome,-480,UTC-08:00
CN,Ankang,Ankang,AKA|ZLAK,32.7081,108.931,Asia/Chongqing,480,UTC+08:00
US,"McCook, Nebraska","McCook, Nebraska",KMCK|MCK,40.206389,-100.592222,America/Chicago,-300,UTC-05:00
FJ,Koro Island,Koro Island,KXF|NFNO,-17.3458,179.422,Pacific/Fiji,720,UTC+12:00
CR,Puerto Jimenez,Puerto Jimenez,MRPJ|PJM,8.53333,-83.3,America/Costa_Rica,-360,UTC-06:00
CA,Wawa,Wawa,CYXZ|YXZ,47.966944,-84.786389,America/Toronto,-240,UTC-04:00
CO,Paz De Ariporo,Paz De Ariporo,PZA,0.0,0.0,America/Bogota,-300,UTC-05:00
HR,Dubrovnik,Dubrovnik,DBV|LDDU,42.561353,18.268244,Europe/Zagreb,120,UTC+02:00
SB,Munda,Munda,AGGM|MUA,-8.32797,157.263,Pacific/Guadalcanal,660,UTC+11:00
US,"Pierre, South Dakota","Pierre, South Dakota",KPIR|PIR,44.3827,-100.286,America/Chicago,-300,UTC-05:00
AO,Negage,Negage,FNNG|GXG,-7.754506,15.287728,Africa/Luanda,60,UTC+01:00
CA,Tete A La Baleine,Tete A La Baleine,CTB6|ZTB,50.6744,-59.3836,America/Blanc-Sablon,-240,UTC-04:00
BR,Erechim,Erechim,ERM|SSER,-27.6619,-52.2683,America/Sao_Paulo,-180,UTC-03:00
US,"Wahiawa, Hawaii","Wahiawa, Hawaii",HHI|PHHI,21.4835,-158.039667,Pacific/Honolulu,-600,UTC-10:00
PK,Chitral,Chitral,CJL|OPCH,35.886592,71.800578,Asia/Karachi,300,UTC+05:00
US,"Igiugig, Alaska","Igiugig, Alaska",IGG|PAIG,59.324,-155.902,America/Anchorage,-480,UTC-08:00
US,"Greenville, South Carolina","Greenville, South Carolina",GSP|KGSP,34.895556,-82.218889,America/New_York,-240,UTC-04:00
EC,Loja,Loja,LOH|SETM,-3.99589,-79.3719,America/Guayaquil,-300,UTC-05:00
US,"Galena, Alaska","Galena, Alaska",GAL|PAGA,64.736178,-156.937417,America/Anchorage,-480,UTC-08:00
UG,Entebbe,Entebbe,EBB|HUEN,0.042386,32.443503,Africa/Kampala,180,UTC+03:00
US,"Kuparuk, Alaska","Kuparuk, Alaska",PAKU|UUK,70.330833,-149.5975,America/Anchorage,-480,UTC-08:00
RU,Tyumen,Tyumen,TJM|USTR,57.189567,65.3243,Asia/Yekaterinburg,300,UTC+05:00
PT,Santa Maria,Santa Maria,LPAZ|SMA,36.97139,-25.170639,Atlantic/Azores,0,UTC+00:00
FR,Megeve,Megeve,LFHM|MVV,45.8208,6.65222,Europe/Paris,120,UTC+02:00
ID,Palangkaraya,Palangkaraya,PKY|WAOP,-2.225128,113.942661,Asia/Pontianak,420,UTC+07:00
US,"Gainesville, Georgia","Gainesville, Georgia",GVL|KGVL,34.272627,-83.8302233,America/New_York,-240,UTC-04:00
PH,Cotabato,Cotabato,CBO|RPMC,7.165242,124.209619,Asia/Manila,480,UTC+08:00
US,"Port Hueneme, California","Port Hueneme, California",KNTD|NTD,34.120285,-119.12094,America/Los_Angeles,-420,UTC-07:00
IT,Reggio di Calabria,Reggio di Calabria,LICR|RCC|REG,38.071206,15.651556,Europe/Rome,120,UTC+02:00
AU,Coen,Coen,CUQ|YCOE,-13.7608,143.114,Australia/Brisbane,600,UTC+10:00
US,"Upolu Point, Hawaii","Upolu Point, Hawaii",PHUP|UPP,20.265256,-155.859989,Pacific/Honolulu,-600,UTC-10:00
CO,Armenia,Armenia,AXM|SKAR,4.452775,-75.766447,America/Bogota,-300,UTC-05:00
US,"Kingman, Arizona","Kingman, Arizona",IGM,35.2595,-113.938,America/Phoenix,-420,UTC-07:00
DE,Mannheim,Mannheim,EDFM|MHG|MHJ,49.472706,8.514264,Europe/Berlin,120,UTC+02:00
BW,Khwai River Lodge,Khwai River Lodge,FBKR|KHW,-19.149166,23.7875,Africa/Gaborone,120,UTC+02:00
TZ,Seronera,Seronera,HTSN|SEU,-2.458056,34.8225,Africa/Dar_es_Salaam,180,UTC+03:00
MY,Sandakan,Sandakan,SDK|WBKS,5.900897,118.059486,Asia/Kuching,480,UTC+08:00
BO,Trinidad,Trinidad,SLTR|TDD,-14.818739,-64.918019,America/La_Paz,-240,UTC-04:00
CA,Whitehorse,Whitehorse,CYXY|YXY,60.709553,-135.067269,America/Whitehorse,-420,UTC-07:00
US,"Springfield, Vermont","Springfield, Vermont",VSF,43.343333,-72.517222,America/New_York,-240,UTC-04:00
US,"Redmond, Oregon","Redmond, Oregon",KRDM|RDM,44.254066,-121.149964,America/Los_Angeles,-420,UTC-07:00
TD,Abecher,Abecher,AEH|FTTC,13.847,20.844333,Africa/Ndjamena,60,UTC+01:00
CA,Leaf Rapids,Leaf Rapids,YLR,56.5133,-99.9853,America/Winnipeg,-300,UTC-05:00
PA,Tubala,Tubala,TUW,9.52,-79.03,America/Panama,-300,UTC-05:00
US,"Dubois, Pennsylvania","Dubois, Pennsylvania",DUJ|KDUJ,41.1783,-78.8987,America/New_York,-240,UTC-04:00
CN,Baoshan,Baoshan,BSD|ZPBS,25.053333,99.168333,Asia/Chongqing,480,UTC+08:00
SE,Lycksele,Lycksele,ESNL|LYC,64.548322,18.716219,Europe/Stockholm,120,UTC+02:00
KE,Eldoret,Eldoret,EDL|HKEL,0.404458,35.238928,Africa/Nairobi,180,UTC+03:00
FR,Colmar,Colmar,CMR|LFGA,48.109853,7.359011,Europe/Paris,120,UTC+02:00
LB,Beirut,Beirut,BEY|OLBA,33.820931,35.488389,Asia/Beirut,180,UTC+03:00
US,"Norfolk, Virginia","Norfolk, Virginia",KNGU|KORF|NGU|ORF,36.894611,-76.201222,America/New_York,-240,UTC-04:00
PH,Davao,Davao,DVO|RPMD,7.125522,125.645778,Asia/Manila,480,UTC+08:00
GR,Alexandroupolis,Alexandroupolis,AXD|LGAL,40.855869,25.956264,Europe/Athens,180,UTC+03:00
BR,Nova Iguacu,Nova Iguacu,QNV|SDNY,-22.7453,-43.4603,America/Sao_Paulo,-180,UTC-03:00
RU,Simferopol,Simferopol,SIP|UKFF,45.052222,33.975139,Europe/Simferopol,180,UTC+03:00
ID,Long Bawan,Long Bawan,LBW|WRLB,3.867,115.683,Asia/Makassar,480,UTC+08:00
ZA,Nelspruit,Nelspruit,FAKN|FANS|MQP|NLP,-25.5,30.9138,Africa/Johannesburg,120,UTC+02:00
US,"New Chenega, Alaska","New Chenega, Alaska",NCN|PFCB,60.077222,-147.991944,America/Anchorage,-480,UTC-08:00
RU,Magdagachi,Magdagachi,GDG,53.4733,125.795,Asia/Yakutsk,540,UTC+09:00
CO,Tolu,Tolu,SKTL|TLU,9.511944,-75.586389,America/Bogota,-300,UTC-05:00
CA,Saint Johns,Saint Johns,CYYT|YYT,47.61861,-52.751945,America/St_Johns,-150,UTC-02:30
JP,Rishiri,Rishiri,RIS|RJER,45.242006,141.186431,Asia/Tokyo,540,UTC+09:00
CH,Basel,Basel,ZBA,47.568056,7.606389,Europe/Paris,120,UTC+02:00
US,"Lanai City, Hawaii","Lanai City, Hawaii",LNY|PHNY,20.785611,-156.951419,Pacific/Honolulu,-600,UTC-10:00
ID,Kimam,Kimam,KMM,0.0,0.0,Asia/Jayapura,540,UTC+09:00
CN,Manzhouli,Manzhouli,NZH,49.566667,117.329444,Asia/Shanghai,480,UTC+08:00
TZ,Dodoma,Dodoma,DOD|HTDO,-6.170436,35.752578,Africa/Dar_es_Salaam,180,UTC+03:00
CA,Rimouski,Rimouski,CYXK|YXK,48.478056,-68.496944,America/Montreal,-240,UTC-04:00
US,"Tatalina, Alaska","Tatalina, Alaska",PATL|TLJ,62.894369,-155.976525,America/Anchorage,-480,UTC-08:00
CA,Bedwell Harbor,Bedwell Harbor,CYBW|YBW,51.1031,-114.374,America/Vancouver,-420,UTC-07:00
GB,Durham Tees Valley,Durham Tees Valley,EGNV|MME,54.509189,-1.429406,Europe/London,60,UTC+01:00
ZA,Richards Bay,Richards Bay,FARB|RCB,-28.741039,32.092111,Africa/Johannesburg,120,UTC+02:00
GB,Yeovilton,Yeovilton,EGDY|YEO,51.009358,-2.638819,Europe/London,60,UTC+01:00
PA,Bahia Pinas,Bahia Pinas,BFQ,7.583,-78.2,America/Panama,-300,UTC-05:00
CO,Puerto Berrio,Puerto Berrio,PBE,6.46034,-74.4105,America/Bogota,-300,UTC-05:00
BR,Cacador,Cacador,CFC|SBCD,-26.788333,-50.939722,America/Sao_Paulo,-180,UTC-03:00
AR,Puerto Madryn,Puerto Madryn,PMY|SAVY,-42.759161,-65.102725,America/Argentina/Catamarca,-180,UTC-03:00
BR,Alta Floresta,Alta Floresta,AFL|SBAT,-9.866092,-56.106206,America/Cuiaba,-240,UTC-04:00
JO,Mafraq,Mafraq,OJMF|OMF,32.356353,36.259181,Asia/Amman,180,UTC+03:00
US,"La Grange, Georgia","La Grange, Georgia",KLGC|LGC,33.0088611,-85.0726111,America/New_York,-240,UTC-04:00
BR,Sao Paulo,Sao Paulo,CGH|GRU|SBGR|SBKP|SBSP|VCP,-23.626692,-46.655375,America/Sao_Paulo,-180,UTC-03:00
MY,Bario,Bario,BBN|WBGZ,3.73389,115.479,Asia/Kuching,480,UTC+08:00
KI,Onotoa,Onotoa,OOT,0.0,0.0,Pacific/Tarawa,720,UTC+12:00
ID,Bokondini,Bokondini,BUI|WAJB,-3.58365,138.533,Asia/Jayapura,540,UTC+09:00
GR,Kalamata,Kalamata,KLX|LGKL,37.068319,22.025525,Europe/Athens,180,UTC+03:00
PG,Kieta,Kieta,KIE,57.45000001,42.15000001,Asia/Vladivostok,600,UTC+10:00
CN,Chifeng,Chifeng,CIF|ZBCF,42.235,118.908,Asia/Shanghai,480,UTC+08:00
IS,Thorshofn,Thorshofn,BITN|THO,66.2185,-15.3356,Atlantic/Reykjavik,0,UTC+00:00
GH,Takoradi,Takoradi,DGTK|TKD,4.896056,-1.774756,Africa/Accra,0,UTC+00:00
FR,Ajaccio,Ajaccio,AJA|LFKJ,41.923637,8.802917,Europe/Paris,120,UTC+02:00
JP,Memanbetsu,Memanbetsu,MMB|RJCM,43.880606,144.164053,Asia/Tokyo,540,UTC+09:00
GB,Kirkwall,Kirkwall,EGPA|KOI,58.957778,-2.905,Europe/London,60,UTC+01:00
AU,Groote Eylandt,Groote Eylandt,GTE|YGTE,-13.975,136.46,Australia/Darwin,570,UTC+09:30
CA,Points North Land,Points North Land,CYNL|YNL,58.2767,-104.082,America/Regina,-360,UTC-06:00
TZ,Dar Es Salaam,Dar Es Salaam,DAR|HTDA,-6.878111,39.202625,Africa/Dar_es_Salaam,180,UTC+03:00
US,"Chefornak, Alaska","Chefornak, Alaska",CYF|PACK,60.149167,-164.285556,America/Nome,-480,UTC-08:00
AU,Leinster,Leinster,LER|YLST,-27.8433,120.703,Australia/Perth,480,UTC+08:00
US,"Togiak Fish, Alaska","Togiak Fish, Alaska",GFB,0.0,0.0,America/Anchorage,-480,UTC-08:00
CM,Tiko,Tiko,FKKC|TKC,4.089192,9.360528,Africa/Douala,60,UTC+01:00
BR,Bauru,Bauru,BAU|JTC|SBBU|SJTC,-22.157778,-49.068333,America/Sao_Paulo,-180,UTC-03:00
PH,Sanga Sanga,Sanga Sanga,RPMN|SGS,5.04699,119.743,Asia/Macau,480,UTC+08:00
CL,Balmaceda,Balmaceda,BBA|SCBA,-45.916058,-71.689475,America/Santiago,-240,UTC-04:00
AT,Innsbruck,Innsbruck,INN|IOB|LOWI,47.260219,11.343964,Europe/Vienna,120,UTC+02:00
HN,Puerto Lempira,Puerto Lempira,MHPL|PEU,15.2622,-83.7812,America/Tegucigalpa,-360,UTC-06:00
GB,Shoreham By Sea,Shoreham By Sea,EGKA|ESH,50.835556,-0.297222,Europe/London,60,UTC+01:00
CR,San Jose,San Jose,MROC|MRPV|SJO|SYQ,9.993861,-84.208806,America/Costa_Rica,-360,UTC-06:00
GB,Leeds,Leeds,EGNM|LBA,53.865897,-1.660569,Europe/London,60,UTC+01:00
PG,Moro,Moro,AYMR|MXH,-6.36333,143.238,Pacific/Port_Moresby,600,UTC+10:00
CN,Lianyungang,Lianyungang,LYG|ZSLG,34.55,119.25,Asia/Shanghai,480,UTC+08:00
US,"Naukiti, Alaska","Naukiti, Alaska",NKI,0.0,0.0,America/Anchorage,-480,UTC-08:00
ID,Pangkalanbuun,Pangkalanbuun,PKN|WAOI,-2.705197,111.673208,Asia/Pontianak,420,UTC+07:00
AU,Nyngan,Nyngan,NYN,58.9,17.95,Australia/Sydney,600,UTC+10:00
JP,Fukue,Fukue,FUJ|RJFE,32.666269,128.832808,Asia/Tokyo,540,UTC+09:00
US,"Washington, DC","Washington, DC",BOF|BWI|BZS|DCA|GBO|IAD|JPN|KBWI|KDCA|KIAD|MTN|ZBP|ZWU,39.175361,-76.668333,America/New_York,-240,UTC-04:00
US,"Minchumina, Alaska","Minchumina, Alaska",MHM|PAMH,63.886111,-152.301944,America/Anchorage,-480,UTC-08:00
ES,Santander,Santander,DHS|LEXJ|SDR|YJL,43.427064,-3.820006,Europe/Madrid,120,UTC+02:00
US,"Laredo, Texas","Laredo, Texas",KLRD|LRD,27.54375,-99.461556,America/Chicago,-300,UTC-05:00
RU,Saratov,Saratov,GSV|RTW|UWSS,51.717988,46.170097,Europe/Saratov,240,UTC+04:00
ZW,Kariba,Kariba,FVKB|KAB,-16.519761,28.884981,Africa/Harare,120,UTC+02:00
US,"Port Heiden, Alaska","Port Heiden, Alaska",PAPH|PTH,56.9591,-158.633,America/Anchorage,-480,UTC-08:00
US,"Muscle Shoals, Alabama","Muscle Shoals, Alabama",KMSL|MSL,34.7453,-87.6102,America/Chicago,-300,UTC-05:00
BA,Sarajevo,Sarajevo,LQSA|SJJ,43.824583,18.331467,Europe/Sarajevo,120,UTC+02:00
IN,Porbandar,Porbandar,PBD|VAPR,21.648675,69.657219,Asia/Kolkata,330,UTC+05:30
FR,Albi,Albi,LBI|LFCI,43.913887,2.113056,Europe/Paris,120,UTC+02:00
CA,Chesterfield Inle,Chesterfield Inle,CYCS|YCS,63.3469,-90.7311,America/Rankin_Inlet,-300,UTC-05:00
AU,Port Hedland,Port Hedland,PHE|YPPD,-20.377778,118.626389,Australia/Perth,480,UTC+08:00
IN,Jaisalmer,Jaisalmer,JSA|VIJR,26.888653,70.864967,Asia/Kolkata,330,UTC+05:30
VN,Hanoi,Hanoi,HAN|VVNB,21.221192,105.807178,Asia/Ho_Chi_Minh,420,UTC+07:00
US,"Bishop, California","Bishop, California",BIH|KBIH,37.36983,-118.36622,America/Los_Angeles,-420,UTC-07:00
US,"Grand Forks, ND","Grand Forks, ND",GFK|KGFK,47.949256,-97.176111,America/Chicago,-300,UTC-05:00
TR,Mersin,Mersin,COV,36.899408,35.064701,Europe/Istanbul,180,UTC+03:00
CN,Shanghai,Shanghai,PVG|SHA|ZSPD|ZSSS,31.190476,121.33653,Asia/Shanghai,480,UTC+08:00
DE,Guettin,Guettin,EDCG|GTI,54.383333,13.325278,Europe/Berlin,120,UTC+02:00
PA,David,David,DAV|MPDA,8.391003,-82.434992,America/Panama,-300,UTC-05:00
DZ,El Oued,El Oued,DAUO|ELU,33.5114,6.77679,Africa/Algiers,60,UTC+01:00
BR,Braganca Paulista,Braganca Paulista,BJP|SBBP,-22.979167,-46.5375,America/Sao_Paulo,-180,UTC-03:00
CL,Coyhaique,Coyhaique,GXQ|SCCY,-45.594211,-72.106133,America/Santiago,-240,UTC-04:00
AF,Tirinkot,Tirinkot,OATN|TII,32.605278,65.864167,Asia/Kabul,270,UTC+04:30
US,"Kahului, Hawaii","Kahului, Hawaii",OGG|PHOG,20.89865,-156.430458,Pacific/Honolulu,-600,UTC-10:00
US,"Old Harbor, Alaska","Old Harbor, Alaska",OLH,57.218056,-153.269722,America/Anchorage,-480,UTC-08:00
US,"Melbourne, Florida","Melbourne, Florida",KMLB|MLB,28.102753,-80.645258,America/New_York,-240,UTC-04:00
CL,Punta Arenas,Punta Arenas,PUQ|SCCI,-53.002642,-70.854586,America/Santiago,-240,UTC-04:00
PA,La Palma,La Palma,MPLP|PLP,8.40667,-78.1417,America/Panama,-300,UTC-05:00
CR,Golfito,Golfito,GLF|MRGF,8.653775,-83.180544,America/Costa_Rica,-360,UTC-06:00
CN,Daxian,Daxian,DAX|ZUDX,31.3,107.5,Asia/Chongqing,480,UTC+08:00
IN,Bhuj,Bhuj,BHJ|VABJ,23.287828,69.670147,Asia/Kolkata,330,UTC+05:30
MR,Atar,Atar,ATR|GQPA,20.506828,-13.043194,Africa/Nouakchott,0,UTC+00:00
AU,Moranbah,Moranbah,MOV|YMRB,-22.0578,148.077,Australia/Brisbane,600,UTC+10:00
LA,Attopeu,Attopeu,AOU,14.8,106.83333,Asia/Vientiane,420,UTC+07:00
US,"Concord, New Hampshire","Concord, New Hampshire",CON,43.20267,-71.50233,America/New_York,-240,UTC-04:00
CO,Candilejas,Candilejas,CJD,0.0,0.0,America/Cayman,-300,UTC-05:00
CN,Jinzhou,Jinzhou,JNZ|ZYJZ,41.1014,121.062,Asia/Shanghai,480,UTC+08:00
AU,Coonamble,Coonamble,CNB|YCNM,-30.9833,148.376,Australia/Sydney,600,UTC+10:00
US,"San Carlos, California","San Carlos, California",KSQL|SQL,37.511944,-122.249444,America/Los_Angeles,-420,UTC-07:00
CN,Simao,Simao,SYM|ZPSM,22.7933,100.959,Asia/Chongqing,480,UTC+08:00
IR,Urmieh,Urmieh,OITR|OMH,37.6681,45.0687,Asia/Tehran,210,UTC+03:30
VE,Carupano,Carupano,CUP|SVCP,10.660014,-63.261681,America/Caracas,-240,UTC-04:00
MX,Guaymas,Guaymas,GYM|MMGM,27.968983,-110.925169,America/Hermosillo,-420,UTC-07:00
US,"Hays, Kansas","Hays, Kansas",HYS|KHYS,38.8422,-99.2732,America/Chicago,-300,UTC-05:00
BZ,Dangriga,Dangriga,DGA,16.966667,-88.216667,America/Costa_Rica,-360,UTC-06:00
US,"Fort Yukon, Alaska","Fort Yukon, Alaska",FYU|PFYU,66.571492,-145.250417,America/Anchorage,-480,UTC-08:00
CA,Hay River,Hay River,CYHY|YHY,60.839722,-115.782778,America/Yellowknife,-360,UTC-06:00
UM,Wake Island,Wake Island,AWK|PWAK,19.282067,166.636444,Pacific/Wake,720,UTC+12:00
NO,Hamar,Hamar,ENHA|HMR,60.8181,11.068,Europe/Oslo,120,UTC+02:00
US,"Jacksonville, Arkansas","Jacksonville, Arkansas",KLRF|LRF,34.916944,-92.149722,America/Chicago,-300,UTC-05:00
MX,Tepic,Tepic,MMEP|TPQ,21.419453,-104.842581,America/Mazatlan,-420,UTC-07:00
MX,Reynosa,Reynosa,MMRX|REX,26.008908,-98.228513,America/Matamoros,-300,UTC-05:00
CA,Black Tickle,Black Tickle,CCE4|YBI,53.47,-55.7875,America/St_Johns,-150,UTC-02:30
US,"Northway, Alaska","Northway, Alaska",ORT|PAOR,62.961334,-141.929136,America/Anchorage,-480,UTC-08:00
RU,Kerch,Kerch,KHC|UKFK,45.372869,36.402761,Europe/Simferopol,180,UTC+03:00
SE,Vaexjoe,Vaexjoe,ESMX|VXO,56.929144,14.727994,Europe/Stockholm,120,UTC+02:00
US,"Akiachak, Alaska","Akiachak, Alaska",KKI,60.9079,-161.43512,America/Anchorage,-480,UTC-08:00
NO,Bodo,Bodo,BOO|ENBO,67.269167,14.365278,Europe/Oslo,120,UTC+02:00
SE,Kalmar,Kalmar,ESMQ|KLR,56.685531,16.287578,Europe/Stockholm,120,UTC+02:00
NR,Nauru Island,Nauru Island,ANYN|INU,-0.547458,166.9191,Pacific/Nauru,720,UTC+12:00
CL,Easter Island,Easter Island,IPC|SCIP,-27.164792,-109.421831,Pacific/Easter,-360,UTC-06:00
BR,Cruzeiro Do Sul,Cruzeiro Do Sul,CZS|SBCZ,-7.599906,-72.769489,America/Rio_Branco,-300,UTC-05:00
US,"San Luis Obispo, California","San Luis Obispo, California",CSL|KSBP|SBP,22.9477,-109.937,America/Los_Angeles,-420,UTC-07:00
BR,Sinop,Sinop,OPS|SWSI,-11.885,-55.586,America/Cuiaba,-240,UTC-04:00
US,"Garden City, Kansas","Garden City, Kansas",GCK|KGCK,37.927528,-100.724417,America/Chicago,-300,UTC-05:00
CM,Bafoussam,Bafoussam,BFX|FKKU,5.536919,10.354583,Africa/Douala,60,UTC+01:00
US,"Teller Mission, Alaska","Teller Mission, Alaska",KTS|PFKT,65.331389,-166.465833,America/Nome,-480,UTC-08:00
FR,Beziers,Beziers,BZR|LFMU,43.323522,3.353903,Europe/Paris,120,UTC+02:00
BS,Nassau,Nassau,MYNN|MYPI|NAS|PID,25.038958,-77.466231,America/Nassau,-240,UTC-04:00
MY,Kuala Lumpur,Kuala Lumpur,KUL|SZB|WMKK|WMSA|XKL,2.745578,101.709917,Asia/Kuala_Lumpur,480,UTC+08:00
US,"Coeur D Alene, Idaho","Coeur D Alene, Idaho",COE,47.77407,-116.81936,America/Los_Angeles,-420,UTC-07:00
AR,Ras An Naqb,Ras An Naqb,RAF,-31.282072,-61.501594,America/Maceio,-180,UTC-03:00
ID,Batom,Batom,BXM,-4.16667,140.85001,Asia/Jakarta,420,UTC+07:00
GQ,Bata,Bata,BSG|FGBT,1.905469,9.805681,Africa/Malabo,60,UTC+01:00
PG,Aiome,Aiome,AIE,-5.8,144.44,Pacific/Port_Moresby,600,UTC+10:00
US,"New Iberia, Louisiana","New Iberia, Louisiana",ARA|KARA,30.037758,-91.883896,America/Chicago,-300,UTC-05:00
BW,Gaborone,Gaborone,FBSK|GBE,-24.555225,25.918208,Africa/Gaborone,120,UTC+02:00
BR,Caxias Do Sul,Caxias Do Sul,CXJ|SBCX,-29.197064,-51.187536,America/Sao_Paulo,-180,UTC-03:00
US,"Alexander City, Alabama","Alexander City, Alabama",ALX|ALX_,38.806346,-77.0621,America/Chicago,-300,UTC-05:00
ID,Waingapu,Waingapu,WADW|WGP,-9.669217,120.302006,Asia/Makassar,480,UTC+08:00
NZ,Kerikeri,Kerikeri,KKE|NZKK,-35.262779,173.911944,Pacific/Auckland,720,UTC+12:00
GR,Larissa,Larissa,LGLR|LRA,39.650253,22.4655,Europe/Athens,180,UTC+03:00
US,"Noorvik, Alaska","Noorvik, Alaska",ORV|PFNO,66.8175,-161.022222,America/Anchorage,-480,UTC-08:00
PH,Dipolog,Dipolog,DPL|RPMG,8.601261,123.334481,Asia/Manila,480,UTC+08:00
SN,Dakar,Dakar,DKR|DSS|GOOY,14.739708,-17.490225,Africa/Dakar,0,UTC+00:00
PF,Ahe,Ahe,AHE|NTHE,-14.4281,-146.257,Pacific/Tahiti,-600,UTC-10:00
TJ,Khujand,Khujand,LBD|UTDL,40.2154,69.6947,Asia/Dushanbe,300,UTC+05:00
MH,Jabot,Jabot,JAT,7.45235,168.552,Pacific/Wallis,720,UTC+12:00
FR,Bergerac,Bergerac,EGC|LFBE,44.825279,0.518611,Europe/Paris,120,UTC+02:00
US,"Twin Hills, Alaska","Twin Hills, Alaska",TWA,59.074444,-160.275,America/Anchorage,-480,UTC-08:00
MH,Lae Island,Lae Island,LML,8.921667,166.265556,Pacific/Wallis,720,UTC+12:00
BR,Uberaba,Uberaba,SBUR|UBA,-19.765,-47.964778,America/Sao_Paulo,-180,UTC-03:00
SE,Umea,Umea,ESNU|UME,63.791828,20.282758,Europe/Stockholm,120,UTC+02:00
ID,Amahai,Amahai,AHI,-3.35,128.88333,Asia/Jayapura,540,UTC+09:00
BD,Jessore,Jessore,JSR|VGJR,23.1838,89.160833,Asia/Dhaka,360,UTC+06:00
NZ,Napier,Napier,NPE|NZNR,-39.465833,176.87,Pacific/Auckland,720,UTC+12:00
ZA,Robertson,Robertson,ROD,54.5667,11.2833,Africa/Johannesburg,120,UTC+02:00
ES,Valencia,Valencia,LEVC|VLC|YJV,39.489314,-0.481625,Europe/Madrid,120,UTC+02:00
BR,Maraba,Maraba,MAB|SBMA,-5.368589,-49.138025,America/Belem,-180,UTC-03:00
RU,Kirov (Kirov Oblast),Kirov (Kirov Oblast),KVX|USKK,58.5033,49.3483,Europe/Volgograd,180,UTC+03:00
US,"Elkins, West Virginia","Elkins, West Virginia",EKN|KEKN,38.889444,-79.857139,America/New_York,-240,UTC-04:00
MY,Kuantan,Kuantan,KUA|WMKD,3.775389,103.209056,Asia/Kuala_Lumpur,480,UTC+08:00
IN,Kolhapur,Kolhapur,KLH|VAKP,16.664658,74.289353,Asia/Kolkata,330,UTC+05:30
CN,Ganzhou,Ganzhou,KOW|ZSGZ,25.8258,114.912,Asia/Shanghai,480,UTC+08:00
CN,Altay,Altay,AAT|ZWAT,47.866667,88.116667,Asia/Urumqi,360,UTC+06:00
US,"Concord, CA","Concord, CA",CCR|KCCR,37.9896667,-122.0568889,America/Los_Angeles,-420,UTC-07:00
CG,Owando,Owando,FCOO|FTX,-0.53135,15.950094,Africa/Brazzaville,60,UTC+01:00
AU,Gold Coast,Gold Coast,OOL|YBCG,-28.164444,153.504722,Australia/Brisbane,600,UTC+10:00
CU,Havana,Havana,HAV|MUHA,22.989153,-82.409086,America/Havana,-240,UTC-04:00
US,"Point Hope, Alaska","Point Hope, Alaska",PHO|PPHO,68.3488,-166.799,America/Nome,-480,UTC-08:00
PR,San Juan,San Juan,SIG|SJU|TJIG|TJSJ,18.439417,-66.001833,America/Puerto_Rico,-240,UTC-04:00
VN,Phan Rang,Phan Rang,PHA|VVPR,11.6335,108.952,Asia/Ho_Chi_Minh,420,UTC+07:00
KY,Grand Cayman Is,Grand Cayman Is,GCM|MWCR,19.292778,-81.35775,America/Cayman,-300,UTC-05:00
ES,Cadiz,Cadiz,CDZ,36.5279,-6.2868,Europe/Madrid,120,UTC+02:00
CA,Pembroke,Pembroke,CYTA|YTA,45.864399,-77.251701,America/Toronto,-240,UTC-04:00
SO,Alula,Alula,ALU|HCMA,11.95,50.733,Africa/Mogadishu,180,UTC+03:00
RU,Tula,Tula,TYA,54.142208,37.355619,Europe/Moscow,180,UTC+03:00
CA,Poplar Hill,Poplar Hill,CPV7|YHP,52.1133,-94.2556,America/Winnipeg,-300,UTC-05:00
IT,Vicenza,Vicenza,LIPT|VIC|VNZ,45.573411,11.52955,Europe/Rome,120,UTC+02:00
IN,Nanded,Nanded,NDC|VAND,19.1833,77.3167,Asia/Kolkata,330,UTC+05:30
TZ,Pemba,Pemba,HTPE|PMA,-5.257264,39.811417,Africa/Dar_es_Salaam,180,UTC+03:00
CO,Lamacarena,Lamacarena,LMC,2.179167,-73.7875,America/Cayman,-300,UTC-05:00
MG,Beroroha,Beroroha,WBO,-21.6,45.133,Indian/Antananarivo,180,UTC+03:00
ID,Wamena,Wamena,WAJW|WMX,-4.102511,138.957372,Asia/Jayapura,540,UTC+09:00
ZA,Hoedspruit,Hoedspruit,FAHS|HDS,-24.368642,31.048744,Africa/Johannesburg,120,UTC+02:00
US,"Olga Bay, Alaska","Olga Bay, Alaska",KOY,57.161389,-154.229722,America/Anchorage,-480,UTC-08:00
US,"Uvalde, Texas","Uvalde, Texas",KUVA|UVA,29.215429,-99.748962,America/Chicago,-300,UTC-05:00
PL,Czestochowa,Czestochowa,CZW|EPRU,50.884722,19.202222,Europe/Warsaw,120,UTC+02:00
SE,Visby,Visby,ESSV|VBY,57.662797,18.346211,Europe/Stockholm,120,UTC+02:00
RU,Strezhevoy,Strezhevoy,SWT|UNSS,60.716667,77.65,Asia/Novosibirsk,420,UTC+07:00
SE,Kristianstad,Kristianstad,ESMK|KID,55.921686,14.085536,Europe/Stockholm,120,UTC+02:00
AU,Forbes,Forbes,FRB,-33.3636,147.935,Australia/Sydney,600,UTC+10:00
CF,Berberati,Berberati,BBT|FEFT,4.221583,15.786369,Africa/Bangui,60,UTC+01:00
US,"Peru, Indiana","Peru, Indiana",GUS|KGUS,40.648094,-86.152119,America/Indiana/Indianapolis,-240,UTC-04:00
ID,Senggeh,Senggeh,SEH|WAJS,-3.43333,140.817,Asia/Jayapura,540,UTC+09:00
MX,Morelia,Morelia,MLM|MMMM,19.849944,-101.0255,America/Mexico_City,-360,UTC-06:00
US,"Rapid City, SD","Rapid City, SD",KRAP|KRCA|RAP|RCA,44.045278,-103.057222,America/Denver,-360,UTC-06:00
GB,Stevenage,Stevenage,XVJ,51.902,0.207,Europe/Jersey,60,UTC+01:00
LT,Klaipeda,Klaipeda,KLJ,55.71667,21.25,Europe/Vilnius,180,UTC+03:00
US,"Amchitka, Alaska","Amchitka, Alaska",AHT,0.0,0.0,America/Anchorage,-480,UTC-08:00
FR,Chalon Sur Saone,Chalon Sur Saone,LFLH|XCD,46.826108,4.817633,Europe/Paris,120,UTC+02:00
KH,Sihanoukville,Sihanoukville,KOS|VDSV,10.579686,103.636828,Asia/Phnom_Penh,420,UTC+07:00
PH,Caticlan,Caticlan,MPH|RPXE,11.9214999,121.953,Asia/Manila,480,UTC+08:00
AU,Mount Keith,Mount Keith,WME|YMNE,-27.286389,120.554722,Australia/Perth,480,UTC+08:00
US,"Albuquerque, New Mexico","Albuquerque, New Mexico",ABQ|KABQ,35.0402222,-106.6091944,America/Denver,-360,UTC-06:00
GF,Saint Laurent Du Mar,Saint Laurent Du Mar,LDX|SOOM,5.483056,-54.034444,America/Cayenne,-180,UTC-03:00
AU,Walgett,Walgett,WGE|YWLG,-30.0318,148.1222,Australia/Sydney,600,UTC+10:00
CN,Dongsheng,Dongsheng,DSN|ZBDS,39.85,110.033,Asia/Chongqing,480,UTC+08:00
BS,Arthurs Town,Arthurs Town,ATC|MYCA,24.629417,-75.673775,America/Nassau,-240,UTC-04:00
CM,Koutaba,Koutaba,KOB,0.0,0.0,Africa/Niamey,60,UTC+01:00
GA,Oyem,Oyem,FOGO|OYE,1.543108,11.581361,Africa/Libreville,60,UTC+01:00
US,"Roanoke, Virginia","Roanoke, Virginia",KROA|ROA,37.325472,-79.975417,America/New_York,-240,UTC-04:00
ES,Cordoba,Cordoba,LEBA|ODB|XOJ,37.842006,-4.848878,Europe/Madrid,120,UTC+02:00
US,"Icy Bay, Alaska","Icy Bay, Alaska",ICY,59.968889,-141.661667,America/Anchorage,-480,UTC-08:00
SB,Arona,Arona,AGAR|RNA,-9.854722,161.979167,Pacific/Guadalcanal,660,UTC+11:00
US,"Platinum, Alaska","Platinum, Alaska",PAPM|PTU,59.011356,-161.819664,America/Anchorage,-480,UTC-08:00
ZA,Durban,Durban,DUR|FADN|FAVG|VIR,-29.970089,30.950519,Africa/Johannesburg,120,UTC+02:00
DE,Wilhelmshaven,Wilhelmshaven,EDWI|WVN,53.504833,8.053333,Europe/Berlin,120,UTC+02:00
BR,Oriximina,Oriximina,ORX|SNOX,-1.714167,-55.836111,America/Santarem,-180,UTC-03:00
VU,Emae,Emae,EAE|NVSE,-17.0903,168.343,Pacific/Efate,660,UTC+11:00
US,"Tyler, Texas","Tyler, Texas",KTYR|TYR,32.354139,-95.402386,America/Chicago,-300,UTC-05:00
US,"New York, New York","New York, New York",EWR|FLU|JFK|JRB|KEWR|KJFK|KJRB|KLGA|LGA|NBP|NES|NONE|NWS|NYS|QNY|TSS|ZRP|ZYP,0.0,0.0,America/New_York,-240,UTC-04:00
CA,Norman Wells,Norman Wells,CYVQ|YVQ,65.281617,-126.798219,America/Yellowknife,-360,UTC-06:00
NL,Groningen,Groningen,EHGG|GRQ,53.11972,6.579444,Europe/Amsterdam,120,UTC+02:00
BO,Oruro,Oruro,ORU,-17.962601,-67.076202,America/La_Paz,-240,UTC-04:00
TG,Lama Kara,Lama Kara,DXNG|LRL,9.767333,1.09125,Africa/Lome,0,UTC+00:00
LY,Ghat,Ghat,GHT|HLGT,25.145564,10.142647,Africa/Tripoli,120,UTC+02:00
BZ,Placencia,Placencia,PLJ,16.536944,-88.361667,America/Costa_Rica,-360,UTC-06:00
PL,Bydgoszcz,Bydgoszcz,BZG|EPBY,53.0968,17.9777,Europe/Warsaw,120,UTC+02:00
US,"Cleveland, Ohio","Cleveland, Ohio",BKL|CGF|CLE|KBKL|KCGF|KCLE,41.411689,-81.849794,America/New_York,-240,UTC-04:00
RU,Novy Urengoy,Novy Urengoy,NUX|USMU,66.07335,76.522835,Asia/Yekaterinburg,300,UTC+05:00
AU,Thursday Island,Thursday Island,TIS,0.0,0.0,Australia/Brisbane,600,UTC+10:00
CO,La Pedrera,La Pedrera,LPD|SKLP,-1.33,-69.58,America/Bogota,-300,UTC-05:00
NO,Aalesund,Aalesund,AES|ENAL,62.560372,6.110164,Europe/Oslo,120,UTC+02:00
DK,Karup,Karup,EKKA|KRP,56.297458,9.124628,Europe/Copenhagen,120,UTC+02:00
DE,Speyer,Speyer,EDRY|ZQC,49.302776,8.451195,Europe/Monaco,120,UTC+02:00
CN,Taiyuan,Taiyuan,TYN|ZBYN,37.746897,112.628428,Asia/Shanghai,480,UTC+08:00
US,"Chatham, Alaska","Chatham, Alaska",CYM,57.515,-134.946111,America/Anchorage,-480,UTC-08:00
DE,Puttgarden,Puttgarden,QUA,54.5,11.2167,Europe/Monaco,120,UTC+02:00
IT,Reggio Nell Emilia,Reggio Nell Emilia,ZRO,0.0,0.0,Europe/Rome,120,UTC+02:00
IS,Breiddalsvik,Breiddalsvik,BXV,64.79,-14.0228,Atlantic/Reykjavik,0,UTC+00:00
AU,Burnie,Burnie,BWT|YWYY,-40.9989,145.731,Australia/Hobart,600,UTC+10:00
CN,Datong,Datong,DAT|ZBDT,40.0603,113.482,Asia/Shanghai,480,UTC+08:00
CN,Tongliao,Tongliao,TGO|ZBTL,43.5567,122.2,Asia/Shanghai,480,UTC+08:00
NP,Dolpa,Dolpa,DOP|VNDP,28.985718,82.819145,Asia/Kathmandu,345,UTC+05:45
BR,Altamira,Altamira,ATM|SBHT,-3.253906,-52.253978,America/Santarem,-180,UTC-03:00
DE,Mainz,Mainz,QMZ,50.00829,8.27356,Europe/Monaco,120,UTC+02:00
NE,Niamey,Niamey,DRRN|NIM,13.481547,2.183614,Africa/Niamey,60,UTC+01:00
DZ,Djelfa,Djelfa,DAFI|QDJ,34.6657,3.351,Africa/Niamey,60,UTC+01:00
FI,Pori,Pori,EFPO|POR,61.461686,21.799983,Europe/Helsinki,180,UTC+03:00
NG,Zaria,Zaria,DNZA|ZAR,11.130192,7.685806,Africa/Lagos,60,UTC+01:00
GF,Regina,Regina,KREI|REI,34.08525,-117.146388,America/Cayenne,-180,UTC-03:00
RU,Arkhangelsk,Arkhangelsk,ARH|ULAA|ULAH|VKV,64.598445,40.713625,Europe/Moscow,180,UTC+03:00
AR,Esquel,Esquel,EQS|SAVE,-42.90795,-71.139472,America/Argentina/Catamarca,-180,UTC-03:00
US,"Barrow, Alaska","Barrow, Alaska",BRW|PABR,71.285446,-156.766003,America/Anchorage,-480,UTC-08:00
RU,Penza,Penza,PEZ|UWPP,53.1106,45.0211,Europe/Moscow,180,UTC+03:00
US,"Clarksville, TN","Clarksville, TN",CKV|KCKV,36.621944,-87.415,America/Chicago,-300,UTC-05:00
BR,Salvador,Salvador,SBSV|SSA,-12.910994,-38.331044,America/Bahia,-180,UTC-03:00
TR,Mardin,Mardin,LTCR|MQM,37.2233,40.6317,Europe/Istanbul,180,UTC+03:00
KR,Cheongju,Cheongju,CJJ|RKTU,36.7166,127.499119,Asia/Seoul,540,UTC+09:00
CA,Fort Mcmurray,Fort Mcmurray,CYMM|YMM,56.653333,-111.221944,America/Edmonton,-360,UTC-06:00
WF,Wallis Island,Wallis Island,NLWW|WLS,-13.238281,-176.199228,Pacific/Wallis,720,UTC+12:00
BQ,Saint Eustatius,Saint Eustatius,EUX|TNCE,17.496492,-62.979439,America/Kralendijk,-240,UTC-04:00
MA,Tangier,Tangier,GMTT|TNG,35.726917,-5.916889,Africa/Casablanca,60,UTC+01:00
ID,Mulia,Mulia,LII,-3.70947,137.976,Asia/Jayapura,540,UTC+09:00
IT,Latina,Latina,LIRL|QLT,41.542436,12.909019,Europe/Rome,120,UTC+02:00
US,"Devils Lake, North Dakota","Devils Lake, North Dakota",DVL|KDVL,48.114444,-98.908611,America/Chicago,-300,UTC-05:00
US,"Flint, Michigan","Flint, Michigan",FNT|KFNT,42.965424,-83.743629,America/Detroit,-240,UTC-04:00
IR,Masjed Soleyman,Masjed Soleyman,OIAI|QMJ,32.002372,49.270364,Asia/Tehran,210,UTC+03:30
TC,Providenciales,Providenciales,MBPV|PLS,21.773625,-72.265886,America/Grand_Turk,-240,UTC-04:00
US,"Brunswick, Georgia","Brunswick, Georgia",BQK|KBQK|KSSI|SSI,31.1519722,-81.3910556,America/New_York,-240,UTC-04:00
CA,Colville Lake,Colville Lake,CEB3|YCK,67.0333,-126.083,America/Yellowknife,-360,UTC-06:00
MX,Nuevo Laredo,Nuevo Laredo,MMNL|NLD,27.443918,-99.57046,America/Matamoros,-300,UTC-05:00
NO,Berlevag,Berlevag,BVG|ENBV,70.866667,29.0,Europe/Oslo,120,UTC+02:00
JP,Wakkanai,Wakkanai,RJCW|WKJ,45.404167,141.800833,Asia/Tokyo,540,UTC+09:00
GR,Kos,Kos,KGS|LGKO,36.793335,27.091667,Europe/Athens,180,UTC+03:00
AU,Edward River,Edward River,EDR|YPMP,-14.8967,141.609,Australia/Brisbane,600,UTC+10:00
US,"Metlakatla, Alaska","Metlakatla, Alaska",MTM|PAMM,55.131111,-131.578056,America/Anchorage,-480,UTC-08:00
US,"Wildwood, New Jersey","Wildwood, New Jersey",KWWD|WWD,39.008507,-74.908275,America/New_York,-240,UTC-04:00
DE,Celle,Celle,ETHC|ZCN,52.5912,10.022133,Europe/Berlin,120,UTC+02:00
NO,Roervik,Roervik,ENRM|RVK,64.8383,11.1461,Europe/Oslo,120,UTC+02:00
BS,Deadmans Cay,Deadmans Cay,LGI|MYLD,23.179014,-75.093597,America/Nassau,-240,UTC-04:00
VE,San Tome,San Tome,SOM|SVST,8.945147,-64.151083,America/Caracas,-240,UTC-04:00
MX,Acapulco,Acapulco,ACA|MMAA,16.757061,-99.753953,America/Mexico_City,-360,UTC-06:00
CO,El Bagre,El Bagre,EBG|SKEB,7.596389,-74.808889,America/Bogota,-300,UTC-05:00
PH,Butuan,Butuan,BXU|RPME,8.951322,125.477972,Asia/Manila,480,UTC+08:00
PF,Manihi,Manihi,NTGI|XMH,-14.436764,-146.070056,Pacific/Tahiti,-600,UTC-10:00
CN,Tunxi,Tunxi,TXN|ZSTX,29.7333,118.256,Asia/Shanghai,480,UTC+08:00
BO,Santa Cruz,Santa Cruz,SLVR|SRZ|VVI,-17.8,-63.166667,America/La_Paz,-240,UTC-04:00
BR,Ipatinga,Ipatinga,IPN|SBIP,-19.470722,-42.487583,America/Sao_Paulo,-180,UTC-03:00
ID,Yogyakarta,Yogyakarta,JOG|WARJ|YIA,-7.788181,110.431758,Asia/Jakarta,420,UTC+07:00
IR,Kish Island,Kish Island,KIH|OIBK,26.526156,53.980211,Asia/Tehran,210,UTC+03:30
US,"Mineral Wells, Texas","Mineral Wells, Texas",KMWL|MWL,32.781606,-98.060175,America/Chicago,-300,UTC-05:00
DE,Hannover,Hannover,EDDV|HAJ|ZVR,52.461056,9.685078,Europe/Berlin,120,UTC+02:00
MA,Nador,Nador,GMMW|NDR,34.9888,-3.02821,Africa/Casablanca,60,UTC+01:00
MX,Colima,Colima,CLQ|MMIA,19.277011,-103.577397,America/Mexico_City,-360,UTC-06:00
VU,Ulei,Ulei,NVSU|ULB,-16.333,168.283,Pacific/Efate,660,UTC+11:00
US,"Hot Springs, Virginia","Hot Springs, Virginia",HSP,0.0,0.0,America/Iqaluit,-240,UTC-04:00
VC,Canouan Island,Canouan Island,CIW|TVSC,12.699042,-61.342431,America/St_Vincent,-240,UTC-04:00
AU,Mornington,Mornington,ONG|YMTI,-16.6625,139.178,Australia/Brisbane,600,UTC+10:00
US,"Jonesboro, Arkansas","Jonesboro, Arkansas",JBR|KJBR,35.831708,-90.646417,America/Chicago,-300,UTC-05:00
US,"Fort Indiantown, Pennsylvania","Fort Indiantown, Pennsylvania",KMUI|MUI,40.434811,-76.569411,America/New_York,-240,UTC-04:00
WS,Asau,Asau,AAU,-13.505,-172.627778,Pacific/Apia,780,UTC+13:00
BR,Borba,Borba,RBB|SWBR,-4.387778,-59.593889,America/Manaus,-240,UTC-04:00
US,"Hayward, California","Hayward, California",HWD|KHWD,37.65888889,-122.1216667,America/Los_Angeles,-420,UTC-07:00
US,"Atmautluak, Alaska","Atmautluak, Alaska",ATT|KATT,30.31666,-97.7666,America/Anchorage,-480,UTC-08:00
EC,Lago Agrio,Lago Agrio,LGQ|SELA,0.093056,-76.8675,America/Guayaquil,-300,UTC-05:00
BY,Grodno,Grodno,GNA|UMMG,53.602,24.0538,Europe/Minsk,180,UTC+03:00
CA,Toronto,Toronto,CYHM|CYKZ|CYTZ|CYYZ|CYZD|YBZ|YHM|YKZ|YTZ|YYZ|YZD,43.677223,-79.630556,America/Toronto,-240,UTC-04:00
VU,Lonorore,Lonorore,LNE|NVSO,-15.8656,168.172,Pacific/Efate,660,UTC+11:00
TH,Phitsanulok,Phitsanulok,PHS|VTPP,16.782939,100.279122,Asia/Bangkok,420,UTC+07:00
US,"Miami, Florida","Miami, Florida",EKW|KMIA|KOPF|KTMB|KTNT|MIA|MPB|OPF|TMB|TNT,25.79325,-80.290556,America/New_York,-240,UTC-04:00
GR,Kefallinia,Kefallinia,EFL|LGKF,38.120069,20.500481,Europe/Athens,180,UTC+03:00
AT,Linz,Linz,LNZ|LOWL|LZS,48.233219,14.187511,Europe/Vienna,120,UTC+02:00
US,"Galesburg, Illinois","Galesburg, Illinois",GBG,40.94303,-90.43107,America/Chicago,-300,UTC-05:00
FR,Le Puy en Velay,Le Puy en Velay,LFHP|LPY,45.080689,3.762889,Europe/Paris,120,UTC+02:00
MH,Airok,Airok,AIC,7.1,171.233333,Pacific/Wallis,720,UTC+12:00
IR,Ardabil,Ardabil,ADU|OITL,38.325678,48.424356,Asia/Tehran,210,UTC+03:30
EC,Cuenca,Cuenca,CUE|SECU,-2.889467,-78.984397,America/Guayaquil,-300,UTC-05:00
CR,Punta Islita,Punta Islita,MRIA|PBP,9.85611,-85.3708,America/Costa_Rica,-360,UTC-06:00
MH,Utirik Island,Utirik Island,03N|UTK,11.222,169.852,Pacific/Wallis,720,UTC+12:00
AU,Broome,Broome,BME|YPBR,-17.8,122.2,Australia/Perth,480,UTC+08:00
US,"Casa Grande, Arizona","Casa Grande, Arizona",CGZ|KCGZ,32.954889,-111.766832,America/Phoenix,-420,UTC-07:00
CA,Sandspit,Sandspit,CYZP|YZP,53.254333,-131.813833,America/Vancouver,-420,UTC-07:00
GR,Ikaria Island,Ikaria Island,JIK|LGIK,37.682717,26.347061,Europe/Athens,180,UTC+03:00
PT,Sao Jorge Island,Sao Jorge Island,LPSJ|SJZ,38.6655,-28.175817,Atlantic/Azores,0,UTC+00:00
BR,Passo Fundo,Passo Fundo,PFB|SBPF,-28.243989,-52.326558,America/Sao_Paulo,-180,UTC-03:00
DZ,Boufarik,Boufarik,DAAK|QFD,36.545834,2.876111,Africa/Niamey,60,UTC+01:00
ZA,Oudtshoorn,Oudtshoorn,FAOH|OUH,-33.606967,22.188978,Africa/Johannesburg,120,UTC+02:00
BD,Chittagong,Chittagong,CGP|VGEG,22.249611,91.813286,Asia/Dhaka,360,UTC+06:00
AE,Al Fujairah,Al Fujairah,FJR|OMFJ,25.112225,56.323964,Asia/Dubai,240,UTC+04:00
GB,Londonderry,Londonderry,EGAE|LDY,55.042778,-7.161111,Europe/London,60,UTC+01:00
US,"Poughkeepsie, New York","Poughkeepsie, New York",POU,41.62448,-73.88258,America/New_York,-240,UTC-04:00
NP,Bhojpur,Bhojpur,BHP|VNBJ,27.14743,87.050819,Asia/Kathmandu,345,UTC+05:45
IN,Ludhiana,Ludhiana,LUH|VILD,30.854681,75.952592,Asia/Kolkata,330,UTC+05:30
US,"Atlantic City, NJ","Atlantic City, NJ",ACY|KACY,39.457583,-74.577167,America/New_York,-240,UTC-04:00
CA,Edmunston,Edmunston,YSL,47.1575,-67.83472,America/Moncton,-180,UTC-03:00
US,"Morristown, NJ","Morristown, NJ",KMMU|MMU,40.79935,-74.4148747,America/New_York,-240,UTC-04:00
US,"Rockland, Maine","Rockland, Maine",KRKD|RKD,44.0601111,-69.0992303,America/New_York,-240,UTC-04:00
US,"Nulato, Alaska","Nulato, Alaska",NUL|PANU,64.729444,-158.074167,America/Anchorage,-480,UTC-08:00
ZA,Welkom,Welkom,FAWM|WEL,-27.998,26.669586,Africa/Johannesburg,120,UTC+02:00
DE,Stendal,Stendal,EDOV|ZSN,52.627778,11.818333,Europe/Monaco,120,UTC+02:00
RO,Suceava,Suceava,LRSV|SCV,47.6875,26.354056,Europe/Bucharest,180,UTC+03:00
UZ,Samarkand,Samarkand,SKD|UTSS,39.700547,66.983829,Asia/Samarkand,300,UTC+05:00
SY,Deirezzor,Deirezzor,DEZ|OSDZ,35.285374,40.175961,Asia/Damascus,180,UTC+03:00
AR,Necochea,Necochea,NEC|SAZO,-38.483056,-58.817222,America/Argentina/Buenos_Aires,-180,UTC-03:00
LK,Trincomalee,Trincomalee,TRR|VCCT,8.538514,81.181853,Asia/Colombo,330,UTC+05:30
CA,Sarnia,Sarnia,CYZR|YZR,42.999444,-82.308889,America/Toronto,-240,UTC-04:00
ID,Kendari,Kendari,KDI|WAWW,-4.081608,122.418231,Asia/Makassar,480,UTC+08:00
NZ,Motueka,Motueka,MZP|NZMK,-41.123299,172.988998,Pacific/Auckland,720,UTC+12:00
US,"Port Huron, Michigan","Port Huron, Michigan",KPHN|PHN,42.910957,-82.528862,America/Detroit,-240,UTC-04:00
GA,Omboue,Omboue,FOOH|OMB,-1.574733,9.262694,Africa/Libreville,60,UTC+01:00
MH,Mili Atoll,Mili Atoll,EJT,6.040278,171.984444,Pacific/Wallis,720,UTC+12:00
GA,Mitzic,Mitzic,MZC,0.78333,11.53333,Africa/Libreville,60,UTC+01:00
US,"Huntsville, Alabama","Huntsville, Alabama",HSV|HUA|KHSV|KHUA,34.6371944,-86.7750556,America/Chicago,-300,UTC-05:00
US,"Nightmute, Alaska","Nightmute, Alaska",NME|PAGT,60.471111,-164.700833,America/Nome,-480,UTC-08:00
CN,Golmud,Golmud,GOQ|ZLGM,34.633,98.867,Asia/Urumqi,360,UTC+06:00
VG,Virgin Gorda,Virgin Gorda,TUPW|VIJ,18.4464,-64.4275,America/Tortola,-240,UTC-04:00
US,"Westhampton, New York","Westhampton, New York",FOK|KFOK,40.843656,-72.631789,America/New_York,-240,UTC-04:00
CN,Nantong,Nantong,NTG,32.0708,120.976,Asia/Shanghai,480,UTC+08:00
US,"Decatur, Alabama","Decatur, Alabama",DCU,34.65405,-86.94536,America/Chicago,-300,UTC-05:00
US,"Clarksburg, West Virginia","Clarksburg, West Virginia",CKB|KCKB,39.2966,-80.2281,America/New_York,-240,UTC-04:00
NP,Jomsom,Jomsom,JMO|VNJS,28.782222,83.7225,Asia/Kathmandu,345,UTC+05:45
US,"Smith Cove, Alaska","Smith Cove, Alaska",SCJ,0.0,0.0,America/Anchorage,-480,UTC-08:00
DZ,Tamanrasset,Tamanrasset,DAAT|TMR,22.811461,5.451075,Africa/Algiers,60,UTC+01:00
PG,Mal,Mal,KMMV|MMV,45.194444,-123.135944,America/Los_Angeles,-420,UTC-07:00
NZ,Westport,Westport,NZWS|WSZ,-41.738056,171.580833,Pacific/Auckland,720,UTC+12:00
KE,Kiwayu,Kiwayu,KWY,-1.96056,41.2975,Africa/Juba,120,UTC+02:00
ZM,Mfuwe,Mfuwe,FLMF|MFU,-13.258878,31.936581,Africa/Lusaka,120,UTC+02:00
SA,Rafha,Rafha,OERF|RAH,29.626419,43.490614,Asia/Riyadh,180,UTC+03:00
CM,Ngaoundere,Ngaoundere,FKKN|NGE,7.357011,13.559242,Africa/Douala,60,UTC+01:00
CN,Nanjing,Nanjing,NKG|NKJ|ZSNJ,31.742042,118.862025,Asia/Shanghai,480,UTC+08:00
PG,Lihir Island,Lihir Island,LNV,-3.04361,152.629,Pacific/Port_Moresby,600,UTC+10:00
RU,Nefteyugansk,Nefteyugansk,NFG|USRN,61.1083,72.65,Asia/Yekaterinburg,300,UTC+05:00
US,"Texarkana, Arkansas","Texarkana, Arkansas",KTXK|TXK,33.453722,-93.991028,America/Chicago,-300,UTC-05:00
UG,Soroti,Soroti,HUSO|SRT,1.727578,33.622861,Africa/Kampala,180,UTC+03:00
US,"Valparaiso, Florida","Valparaiso, Florida",DSI|KDTS|KVPS|VPS,30.4000611,-86.4714772,America/Chicago,-300,UTC-05:00
CN,Lhasa,Lhasa,LXA|ZULS,29.297778,90.911944,Asia/Urumqi,360,UTC+06:00
US,"Winslow, Arizona","Winslow, Arizona",INW|KINW,35.0219167,-110.7225278,America/Phoenix,-420,UTC-07:00
IE,Inishmaan,Inishmaan,EIMN|IIA,53.091944,-9.57,Europe/Dublin,60,UTC+01:00
US,"Tokeen, Alaska","Tokeen, Alaska",KTKI|TKI,33.1779444,-96.5905278,America/Anchorage,-480,UTC-08:00
GT,Guatemala,Guatemala,GUA|MGGT,14.583272,-90.527475,America/Guatemala,-360,UTC-06:00
CN,Jiayuguan,Jiayuguan,JGN|ZLJQ,39.8569,98.3414,Asia/Chongqing,480,UTC+08:00
US,"Thorne Bay, Alaska","Thorne Bay, Alaska",KTB,55.688056,-132.536667,America/Anchorage,-480,UTC-08:00
RU,Irkutsk,Irkutsk,IKT|UIII,52.268028,104.388975,Asia/Irkutsk,480,UTC+08:00
CO,Florencia,Florencia,FLA|SKFL,1.589189,-75.564372,America/Bogota,-300,UTC-05:00
RU,Volgodonsk,Volgodonsk,VLK,47.6821,42.0728,Europe/Moscow,180,UTC+03:00
MX,Oaxaca,Oaxaca,MMOX|OAX,16.999906,-96.726639,America/Mexico_City,-360,UTC-06:00
EC,Pastaza,Pastaza,PTZ|SESM,-2.0,-77.0,America/Guayaquil,-300,UTC-05:00
BR,Sao Luiz,Sao Luiz,SBSL|SLZ,-2.585361,-44.234139,America/Fortaleza,-180,UTC-03:00
US,"Mountain Village, Alaska","Mountain Village, Alaska",MOU|PAMO,62.0954,-163.682,America/Nome,-480,UTC-08:00
RU,Cheboksary,Cheboksary,CSY|UWKS,56.0903,47.3473,Europe/Moscow,180,UTC+03:00
US,"Annapolis, Maryland","Annapolis, Maryland",ANP|KANP,38.942778,-76.568333,America/New_York,-240,UTC-04:00
US,"Sidney, Montana","Sidney, Montana",KSDY|SDY,47.706944,-104.1925,America/Denver,-360,UTC-06:00
CA,Peawanuck,Peawanuck,CYPO|YPO,54.9881,-85.4433,America/Toronto,-240,UTC-04:00
TN,Gafsa,Gafsa,DTTF|GAF,34.422022,8.822503,Africa/Tunis,60,UTC+01:00
US,"Indian Springs, Nevada","Indian Springs, Nevada",INS|KINS,36.587183,-115.673353,America/Los_Angeles,-420,UTC-07:00
CV,Maio,Maio,GVMA|MMO,15.155928,-23.213703,Atlantic/Cape_Verde,-60,UTC-01:00
NO,Mosjoen,Mosjoen,ENMS|MJF,65.783997,13.214914,Europe/Oslo,120,UTC+02:00
GB,North Ronaldsay,North Ronaldsay,EGEN|NRL,59.3675,-2.43444,Europe/London,60,UTC+01:00
US,"Juneau, Alaska","Juneau, Alaska",JNU|PAJN,58.354972,-134.576278,America/Juneau,-480,UTC-08:00
US,"Funter Bay, Alaska","Funter Bay, Alaska",FNR|PANR,58.254444,-134.897778,America/Juneau,-480,UTC-08:00
AR,San Rafael,San Rafael,AFA|SAMR,-34.588314,-68.403854,America/Argentina/Mendoza,-180,UTC-03:00
DE,Ingolstadt,Ingolstadt,IGS|INGS,48.7777,11.422,Europe/Monaco,120,UTC+02:00
CV,Boa Vista,Boa Vista,BVC|GVBA,16.136531,-22.888897,Atlantic/Cape_Verde,-60,UTC-01:00
US,"Seal Bay, Alaska","Seal Bay, Alaska",LBH|SYB,58.166667,-152.5,America/Anchorage,-480,UTC-08:00
US,"Johnstown, Pennsylvania","Johnstown, Pennsylvania",JST|KJST,40.316111,-78.833889,America/New_York,-240,UTC-04:00
AU,Katherine,Katherine,KTR|YPTN,-14.5211,132.378,Australia/Darwin,570,UTC+09:30
KE,Lokichoggio,Lokichoggio,HKLK|LKG,4.204117,34.348186,Africa/Nairobi,180,UTC+03:00
MA,Ouarzazate,Ouarzazate,GMMZ|OZZ,30.939053,-6.909431,Africa/Casablanca,60,UTC+01:00
FM,Truk,Truk,PTKK|TKK,7.461869,151.843006,Pacific/Chuuk,600,UTC+10:00
GB,Bristol,Bristol,BRS|EGGD|QРС|TPB,51.382669,-2.719089,Europe/London,60,UTC+01:00
SE,Gaevle,Gaevle,ESSK|GVX|QYU,60.593333,16.951389,Europe/Stockholm,120,UTC+02:00
CR,Quepos,Quepos,MRQP|XQP,9.443164,-84.129772,America/Costa_Rica,-360,UTC-06:00
DK,Soenderborg,Soenderborg,EKSB|SGD,54.964367,9.791731,Europe/Copenhagen,120,UTC+02:00
RU,Yoshkar Ola,Yoshkar Ola,JOK|UWKJ,56.7006,47.9047,Europe/Moscow,180,UTC+03:00
BR,Sao Felix Do Xing,Sao Felix Do Xing,SNFX|SXX,-6.641389,-51.952222,America/Belem,-180,UTC-03:00
ZA,Tshipise,Tshipise,TSD,0.0,0.0,Africa/Johannesburg,120,UTC+02:00
CN,Beihai,Beihai,BHY|ZGBH,21.5394,109.294,Asia/Chongqing,480,UTC+08:00
ID,Tanjung Warukin,Tanjung Warukin,TJG|WAON,-2.21656,115.436,Asia/Makassar,480,UTC+08:00
US,"New Orleans, Louisiana","New Orleans, Louisiana",KMSY|KNBG|MSY|NBG|NEW,29.993389,-90.258028,America/Chicago,-300,UTC-05:00
AU,Heron Island,Heron Island,HRN,-23.441667,151.911389,Australia/Brisbane,600,UTC+10:00
OM,Salalah,Salalah,OOSA|SLL,17.038719,54.091297,Asia/Muscat,240,UTC+04:00
US,"South Bend, Indiana","South Bend, Indiana",KSBN|SBN,41.708661,-86.31725,America/Indiana/Indianapolis,-240,UTC-04:00
SA,Hail,Hail,HAS|OEHL,27.437917,41.686292,Asia/Riyadh,180,UTC+03:00
PT,Graciosa Island,Graciosa Island,GRW|LPGR,39.092169,-28.029847,Atlantic/Azores,0,UTC+00:00
TH,Buri Ram,Buri Ram,BFV|VTUO,15.229539,103.253231,Asia/Bangkok,420,UTC+07:00
AU,Cobar,Cobar,CAZ|YCBA,-31.5383,145.794,Australia/Sydney,600,UTC+10:00
US,"Mattoon, Illinois","Mattoon, Illinois",MTO,39.48114,-88.28044,America/Chicago,-300,UTC-05:00
US,"Sterling Rockfls, Illinois","Sterling Rockfls, Illinois",SQI,0.0,0.0,America/Chicago,-300,UTC-05:00
ID,Berau,Berau,BEJ|WALK,2.155497,117.432256,Asia/Makassar,480,UTC+08:00
CA,Val D Or,Val D Or,CYVO|YVO,48.053333,-77.782778,America/Montreal,-240,UTC-04:00
AM,Yerevan,Yerevan,EVN|UDYZ,40.147275,44.395881,Asia/Yerevan,240,UTC+04:00
KI,Tamana Island,Tamana Island,NGTM|TMN,-2.5,175.983333,Pacific/Tarawa,720,UTC+12:00
SE,Vastervik,Vastervik,VVK,0.0,0.0,Europe/Stockholm,120,UTC+02:00
CA,Fond Du Lac,Fond Du Lac,CZFD|ZFD,59.3344,-107.182,America/Regina,-360,UTC-06:00
AU,Parndana,Parndana,PDN,0.0,0.0,Australia/Adelaide,570,UTC+09:30
HR,Osijek,Osijek,LDOS|OSI,45.462667,18.810156,Europe/Zagreb,120,UTC+02:00
AU,Norseman,Norseman,NSM,-32.21,121.755,Australia/Perth,480,UTC+08:00
AU,Geraldton,Geraldton,GET|YGEL,-28.7961,114.707,Australia/Perth,480,UTC+08:00
PG,Gonalia,Gonalia,GOE,0.0,0.0,Asia/Vladivostok,600,UTC+10:00
BZ,Belmopan,Belmopan,BCV,17.269444,-88.776111,America/Costa_Rica,-360,UTC-06:00
TH,Phrae,Phrae,PRH|VTCP,18.132169,100.164664,Asia/Bangkok,420,UTC+07:00
IN,Jamnagar,Jamnagar,JGA|VAJM,22.465522,70.012556,Asia/Kolkata,330,UTC+05:30
AU,Hayman Island,Hayman Island,HIS|YHYN,-20.066668,148.86667,Australia/Lindeman,600,UTC+10:00
AU,Windorah,Windorah,WNR|YWDH,-25.4131,142.667,Australia/Brisbane,600,UTC+10:00
US,"Port Williams, Alaska","Port Williams, Alaska",KPR,58.49,-152.582222,America/Anchorage,-480,UTC-08:00
TR,Kayseri,Kayseri,ASR|LTAU,38.770386,35.495428,Europe/Istanbul,180,UTC+03:00
CN,Shenzhen,Shenzhen,FYG|HNZ|SZX|ZGSZ|ZYK,22.639258,113.810664,Asia/Shanghai,480,UTC+08:00
US,San Antonio (Texas),San Antonio (Texas),KRND|KSAT|KSKF|MDA|RND|SAT|SKF|SSF,29.533694,-98.469778,America/Chicago,-300,UTC-05:00
RU,Tver,Tver,KLD|UUEM,56.824736,35.757678,Europe/Moscow,180,UTC+03:00
RO,Timisoara,Timisoara,LRTR|TSR,45.809861,21.337861,Europe/Bucharest,180,UTC+03:00
CN,Lijiang City,Lijiang City,LJG|ZPLJ,26.883333,100.23333,Asia/Chongqing,480,UTC+08:00
JP,Tokushima,Tokushima,RJOS|TKS,34.132808,134.606639,Asia/Tokyo,540,UTC+09:00
ID,Lhoksumawe,Lhoksumawe,LSW|WITM,5.226681,96.950342,Asia/Jakarta,420,UTC+07:00
US,"Houston, Texas","Houston, Texas",AAP|DWH|EFD|HOU|IAH|IWS|KDWH|KEFD|KHOU|KIAH|KIWS|SPX,29.645419,-95.278889,America/Chicago,-300,UTC-05:00
US,"Provo, Utah","Provo, Utah",KPVU|PVU,40.21805555,-111.7222222,America/Denver,-360,UTC-06:00
RU,Achinsk,Achinsk,ACS,56.2683,90.5708,Asia/Krasnoyarsk,420,UTC+07:00
AU,Derby,Derby,DRB|YDBY,-17.39,123.68,Australia/Perth,480,UTC+08:00
US,"Laurel, Mississipi","Laurel, Mississipi",KPIB|LUL|PIB,31.66644,-89.16966,America/Chicago,-300,UTC-05:00
RU,Zhukovsky,Zhukovsky,РНЦ,55.553333,38.151667,Europe/Moscow,180,UTC+03:00
BR,Natal,Natal,NAT|SBNT,-5.911417,-35.247717,America/Fortaleza,-180,UTC-03:00
SD,El Obeid,El Obeid,EBD|HSOB,13.153219,30.232675,Africa/Khartoum,120,UTC+02:00
FR,Solenzara,Solenzara,LFKS|SOZ,41.924416,9.406,Europe/Paris,120,UTC+02:00
US,"Apalachicola, Florida","Apalachicola, Florida",AAF|KAAF,29.7276066,-85.0274416,America/New_York,-240,UTC-04:00
DE,Wolfsburg,Wolfsburg,ZQU,0.0,0.0,Europe/Monaco,120,UTC+02:00
CM,Maroua,Maroua,FKKL|MVR,10.451392,14.257361,Africa/Douala,60,UTC+01:00
US,"Beaumont, Texas","Beaumont, Texas",BPT|KBPT,29.950833,-94.020694,America/Chicago,-300,UTC-05:00
PK,Para Chinar,Para Chinar,OPPC|PAJ,33.9021,70.0716,Asia/Karachi,300,UTC+05:00
US,"Steamboat Springs, Colorado","Steamboat Springs, Colorado",KSBS|SBS,40.51625,-106.8663056,America/Denver,-360,UTC-06:00
US,"Groton, Connecticut","Groton, Connecticut",GON|KGON,41.330056,-72.045139,America/New_York,-240,UTC-04:00
RU,Nalchik,Nalchik,NAL|URMN,43.5129,43.6366,Europe/Moscow,180,UTC+03:00
SB,Fera Island,Fera Island,AGGF|FRE,-8.1075,159.577,Pacific/Guadalcanal,660,UTC+11:00
DE,Leipzig,Leipzig,EDDP|LEJ|XIT,51.432447,12.241633,Europe/Berlin,120,UTC+02:00
BR,Ilheus,Ilheus,IOS|SBIL,-14.815964,-39.033197,America/Bahia,-180,UTC-03:00
TH,Mae Sot,Mae Sot,MAQ|VTPM,16.699856,98.545056,Asia/Bangkok,420,UTC+07:00
US,"Biloxi, MS","Biloxi, MS",BIX|KBIX,30.410425,-88.924433,America/Chicago,-300,UTC-05:00
PG,Madang,Madang,AYMD|MAG,-5.207083,145.7887,Pacific/Port_Moresby,600,UTC+10:00
PG,Manus Island,Manus Island,AYMO|MAS,-2.06189,147.424,Pacific/Port_Moresby,600,UTC+10:00
LV,Liepaja,Liepaja,EVLA|LPX,56.5175,21.096944,Europe/Riga,180,UTC+03:00
AR,Santa Cruz,Santa Cruz,RZA|SAWU,-50.01655,-68.579197,America/Argentina/Rio_Gallegos,-180,UTC-03:00
VC,Saint Vincent,Saint Vincent,SVD|TVSV,13.144306,-61.210861,America/St_Vincent,-240,UTC-04:00
PG,Bali,Bali,BAJ,0.0,0.0,Asia/Vladivostok,600,UTC+10:00
NC,Touho,Touho,NWWU|TOU,-20.790028,165.259486,Pacific/Noumea,660,UTC+11:00
JP,Ube,Ube,RJDC|UBJ,33.93,131.278611,Asia/Tokyo,540,UTC+09:00
ZW,Wankie Rhodesia,Wankie Rhodesia,FVWN|WKM,-18.629872,27.021042,Africa/Kigali,120,UTC+02:00
HN,Brus Laguna,Brus Laguna,BHG|MHBL,15.7631,-84.5436,America/Tegucigalpa,-360,UTC-06:00
ET,Nejjo,Nejjo,NEJ,9.55,35.467,Africa/Addis_Ababa,180,UTC+03:00
IT,Piacenza,Piacenza,LIMS|QPZ,44.913055,9.723333,Europe/Rome,120,UTC+02:00
IS,Gjogur,Gjogur,BIGJ|GJR,65.995278,-21.326944,Atlantic/Reykjavik,0,UTC+00:00
IN,Tiruchirapally,Tiruchirapally,TRZ|VOTR,10.765364,78.709722,Asia/Kolkata,330,UTC+05:30
FR,Annemasse,Annemasse,LFLI|QNJ,46.191972,6.268386,Europe/Paris,120,UTC+02:00
CD,Lisala,Lisala,FZGA|LIQ,2.170658,21.496906,Africa/Kinshasa,60,UTC+01:00
US,"Westfield, Massachusetts","Westfield, Massachusetts",BAF|KBAF,42.1579472,-72.715875,America/New_York,-240,UTC-04:00
US,"Ogdensburg, New York","Ogdensburg, New York",KOGS|OGS,44.681854,-75.4655,America/New_York,-240,UTC-04:00
AO,Benguela,Benguela,BUG|FNBG,-12.609025,13.403711,Africa/Luanda,60,UTC+01:00
GB,Swindon,Swindon,XWS,51.5656,-1.7854,Europe/Jersey,60,UTC+01:00
MG,Mahanoro,Mahanoro,VVB,0.0,0.0,Indian/Antananarivo,180,UTC+03:00
US,"Fayetteville, North Carolina","Fayetteville, North Carolina",FAY|KFAY,34.9912,-78.8803,America/New_York,-240,UTC-04:00
ID,Merauke,Merauke,MKQ|WAKK,-8.520294,140.418453,Asia/Jayapura,540,UTC+09:00
BG,Sofia,Sofia,LBSF|SOF|СФБ,42.695194,23.406167,Europe/Sofia,180,UTC+03:00
US,"Hollywood, Florida","Hollywood, Florida",HWO|KHWO,26.001222,-80.240722,America/New_York,-240,UTC-04:00
IN,Bangalore,Bangalore,BLR|VOBL,13.198401,77.701368,Asia/Kolkata,330,UTC+05:30
ES,Melilla,Melilla,GEML|MLN,35.279817,-2.956256,Africa/Casablanca,60,UTC+01:00
AU,Emerald,Emerald,EMD|YEML,-23.5675,148.179167,Australia/Brisbane,600,UTC+10:00
CA,Wunnummin Lake,Wunnummin Lake,CKL3|WNN,52.8939,-89.2892,America/Winnipeg,-300,UTC-05:00
US,"Hastings, Nebraska","Hastings, Nebraska",HSI,40.60446,-98.42756,America/Chicago,-300,UTC-05:00
SE,Pajala,Pajala,ESUP|PJA,67.2456,23.0689,Europe/Stockholm,120,UTC+02:00
OM,Marmul,Marmul,OMM|OONR,18.133333,55.266666,Asia/Muscat,240,UTC+04:00
AO,Nzagi,Nzagi,NZA|SPZA,-14.854192,-74.961811,Africa/Luanda,60,UTC+01:00
BR,Francisco Beltrao,Francisco Beltrao,FBE|SSFB,-26.059167,-53.063333,America/Sao_Paulo,-180,UTC-03:00
IN,Dimapur,Dimapur,DMU|VEMR,25.8839,93.7711,Asia/Kolkata,330,UTC+05:30
VE,Barcelona,Barcelona,BLA|SVBC,10.107139,-64.689161,America/Caracas,-240,UTC-04:00
MG,Mananara,Mananara,FMNC|WMR,-16.1639,49.773753,Indian/Antananarivo,180,UTC+03:00
CA,Qualicum,Qualicum,XQU,49.337222,-124.393889,America/Toronto,-240,UTC-04:00
BR,Una,Una,SBTC|UNA,-15.355278,-38.998889,America/Bahia,-180,UTC-03:00
FR,Dole,Dole,DLE|LFGJ,47.039014,5.42725,Europe/Paris,120,UTC+02:00
AU,Quilpie,Quilpie,ULP|YQLP,-26.6122,144.253,Australia/Brisbane,600,UTC+10:00
NP,Manang,Manang,NGX|VNMA,28.633,84.0,Asia/Kathmandu,345,UTC+05:45
AF,Farah,Farah,FAH,32.36566,62.16608,Asia/Kabul,270,UTC+04:30
TH,Trat,Trat,TDX|VTBO,12.274572,102.318958,Asia/Bangkok,420,UTC+07:00
US,"Tin City, Alaska","Tin City, Alaska",PATC|TNC,65.563056,-167.921667,America/Nome,-480,UTC-08:00
CA,Bagotville,Bagotville,CYBG|YBG,48.330555,-70.996391,America/Montreal,-240,UTC-04:00
FR,Paris,Paris,BVA|CDG|JPU|LBG|LFOB|LFPB|LFPG|LFPN|LFPO|LFPT|ORY|POX|TNF|XDT|XGB|XHP|XJY|XPG,49.458659,2.111894,Europe/Paris,120,UTC+02:00
SE,Goeteborg,Goeteborg,ESGG|ESGP|GOT|GSE,57.662836,12.279819,Europe/Stockholm,120,UTC+02:00
RU,Lipetsk,Lipetsk,LPK|UUOL,52.696756,39.524128,Europe/Moscow,180,UTC+03:00
DZ,Illizi,Illizi,DAAP|VVZ,26.723536,8.622653,Africa/Algiers,60,UTC+01:00
EC,Ambato,Ambato,ATF|SEAM,-1.212067,-78.574636,America/Guayaquil,-300,UTC-05:00
CA,Regina,Regina,CYQR|YQR,50.431944,-104.665833,America/Regina,-360,UTC-06:00
CA,Kirkland Lake,Kirkland Lake,CYKX|YKX,48.210278,-79.981389,America/Toronto,-240,UTC-04:00
EC,Bahia De Caraquez,Bahia De Caraquez,BHA,-0.58333,-80.4,America/Guayaquil,-300,UTC-05:00
MA,Tetuan,Tetuan,GMTN|TTU,35.594333,-5.320019,Africa/Casablanca,60,UTC+01:00
MK,Skopje,Skopje,LWSK|SKP,41.961622,21.621381,Europe/Skopje,120,UTC+02:00
RO,Satu Mare,Satu Mare,LRSM|SUJ,47.703275,22.8857,Europe/Bucharest,180,UTC+03:00
US,"Kenosha, Wisconsin","Kenosha, Wisconsin",ENW,42.5956944,-87.9278056,America/Chicago,-300,UTC-05:00
IN,Rajahmundry,Rajahmundry,RJA|VORY,17.110361,81.818208,Asia/Kolkata,330,UTC+05:30
AO,Luena,Luena,FNUE|LUO,-11.768086,19.897672,Africa/Luanda,60,UTC+01:00
MY,Penang,Penang,PEN|WMKP,5.297139,100.276864,Asia/Kuala_Lumpur,480,UTC+08:00
NL,Uden,Uden,UDE,51.656389,5.708611,Europe/Amsterdam,120,UTC+02:00
PG,Aragip,Aragip,ARP,0.0,0.0,Asia/Vladivostok,600,UTC+10:00
CA,Wemindji,Wemindji,CYNC|YNC,53.0106,-78.8311,America/Montreal,-240,UTC-04:00
IN,Jaipur,Jaipur,JAI|VIJP,26.824192,75.812161,Asia/Kolkata,330,UTC+05:30
GP,Saint Francois,Saint Francois,SFC|TFFC,16.2578,-61.2625,America/Guadeloupe,-240,UTC-04:00
MY,Sahabat 16,Sahabat 16,SXS,5.08778,119.094,Asia/Kuching,480,UTC+08:00
CA,High Level,High Level,CYOJ|YOJ,58.621389,-117.164722,America/Edmonton,-360,UTC-06:00
IN,Sholapur,Sholapur,SSE|VASL,17.627958,75.934842,Asia/Kolkata,330,UTC+05:30
FR,Orleans,Orleans,LFOJ|ORE,47.987778,1.760556,Europe/Paris,120,UTC+02:00
ET,Soddu,Soddu,SXU,6.817,37.75,Africa/Addis_Ababa,180,UTC+03:00
US,"Milledgeville, Georgia","Milledgeville, Georgia",KMLJ|MLJ,33.154225,-83.2414139,America/New_York,-240,UTC-04:00
IL,Rosh Pina,Rosh Pina,LLIB|RPN,32.981047,35.571908,Asia/Jerusalem,180,UTC+03:00
GD,Grenada,Grenada,GND|TGPY,12.004247,-61.786192,America/Grenada,-240,UTC-04:00
ZA,Bisho,Bisho,BIY|FABE,-32.89715,27.279111,Africa/Johannesburg,120,UTC+02:00
PE,Arequipa,Arequipa,AQP|SPQU,-16.341072,-71.583083,America/Lima,-300,UTC-05:00
CA,Ganges Harbor,Ganges Harbor,YGG,48.85036,-123.49952,America/Vancouver,-420,UTC-07:00
SO,Borama,Borama,BXX,9.933,43.15,Europe/Volgograd,180,UTC+03:00
US,"Spencer, Iowa","Spencer, Iowa",KSPW|SPW,43.165527,-95.202805,America/Chicago,-300,UTC-05:00
BR,Sao Joao Del Rei,Sao Joao Del Rei,JDR,-21.0864,-44.2258,America/Sao_Paulo,-180,UTC-03:00
NO,Notodden,Notodden,ENNO|NTB,59.565683,9.212222,Europe/Oslo,120,UTC+02:00
AU,Yuendumu,Yuendumu,YUE|YYND,-22.254167,131.781944,Australia/Darwin,570,UTC+09:30
NZ,Wanaka,Wanaka,NZWF|WKA,-44.722222,169.245556,Pacific/Auckland,720,UTC+12:00
ID,Banda Aceh,Banda Aceh,BTJ|WITT,5.523522,95.420372,Asia/Jakarta,420,UTC+07:00
VU,Tongoa,Tongoa,NVST|TGH,-16.8911,168.551,Pacific/Efate,660,UTC+11:00
NP,Simara,Simara,SIF|VNSI,27.159456,84.980122,Asia/Kathmandu,345,UTC+05:45
CA,Rouyn,Rouyn,CYUY|YUY,48.206111,-78.835556,America/Montreal,-240,UTC-04:00
FR,Clermont Ferrand,Clermont Ferrand,CFE|LFLC,45.786661,3.169169,Europe/Paris,120,UTC+02:00
ID,Singkep,Singkep,SIQ|WIDS,-0.479189,104.579283,Asia/Jakarta,420,UTC+07:00
ET,Shilavo,Shilavo,HIL,6.08333,44.7667,Africa/Addis_Ababa,180,UTC+03:00
CA,Salluit,Salluit,CYZG|YZG,62.1794,-75.6672,America/Montreal,-240,UTC-04:00
US,"Cold Bay, Alaska","Cold Bay, Alaska",CDB|PACD,55.206061,-162.725436,America/Nome,-480,UTC-08:00
CA,Shamattawa,Shamattawa,CZTM|ZTM,55.8656,-92.0814,America/Winnipeg,-300,UTC-05:00
CA,Lansdowne House,Lansdowne House,CYLH|YLH,52.1956,-87.9342,America/Toronto,-240,UTC-04:00
MG,Manja,Manja,FMSJ|MJA,-21.417,44.317,Indian/Antananarivo,180,UTC+03:00
JP,Morioka,Morioka,HNA|RJSI,39.428611,141.135278,Asia/Tokyo,540,UTC+09:00
IN,Dehradun,Dehradun,DED|VIDN,30.189689,78.180256,Asia/Kolkata,330,UTC+05:30
US,"Coatesville, Pennsylvania","Coatesville, Pennsylvania",CTH|KMQS,39.9789,-75.8654,America/New_York,-240,UTC-04:00
AU,Halls Creek,Halls Creek,HCQ|YHLC,-18.233889,127.669722,Australia/Perth,480,UTC+08:00
RU,Vorkuta,Vorkuta,UUYW|VKT,67.4886,63.9931,Europe/Moscow,180,UTC+03:00
US,"Mekoryuk, Alaska","Mekoryuk, Alaska",MYU|PAMY,60.3714,-166.271,America/Nome,-480,UTC-08:00
ET,Addis Ababa,Addis Ababa,ADD|HAAB,8.977889,38.799319,Africa/Addis_Ababa,180,UTC+03:00
US,Newburgh,Newburgh,KSWF|SWF,41.504094,-74.104839,America/New_York,-240,UTC-04:00
DE,Peenemuende,Peenemuende,EDCP|PEF,54.157778,13.772778,Europe/Berlin,120,UTC+02:00
IN,Dhanbad,Dhanbad,DBD|VEDB,23.834044,86.425261,Asia/Kolkata,330,UTC+05:30
US,"Truth Or Conseque, New Mexico","Truth Or Conseque, New Mexico",KTCS|TCS,33.236944,-107.27175,America/Denver,-360,UTC-06:00
PH,San Fernando,San Fernando,RPUS|SFE,16.595589,120.303219,Asia/Manila,480,UTC+08:00
US,"Oshkosh, Wisconsin","Oshkosh, Wisconsin",KOSH|OSH,44.024983,-88.551336,America/Chicago,-300,UTC-05:00
GB,Wigan Nw,Wigan Nw,XWI,53.543,-2.632,Europe/London,60,UTC+01:00
US,"Lakehurst, New Jersey","Lakehurst, New Jersey",KNEL|NEL,40.033333,-74.353333,America/New_York,-240,UTC-04:00
ES,Burgos,Burgos,LEBG|RGS|UGR|XJU,42.357628,-3.620764,Europe/Madrid,120,UTC+02:00
FR,Saint Malo,Saint Malo,XSB,24.2856083,52.5783472,Asia/Dubai,240,UTC+04:00
US,"Glendive, Montana","Glendive, Montana",GDV|KGDV,47.138611,-104.807222,America/Denver,-360,UTC-06:00
SE,Kramfors,Kramfors,ESNK|KRF,63.048597,17.768856,Europe/Stockholm,120,UTC+02:00
AO,Capanda,Capanda,FNCP|KNP,-9.771944,15.456111,Africa/Niamey,60,UTC+01:00
GR,Karpathos,Karpathos,AOK|LGKP,35.421408,27.146008,Europe/Athens,180,UTC+03:00
PG,Rabaul,Rabaul,AYTK|RAB,-4.34046,152.38,Pacific/Port_Moresby,600,UTC+10:00
AR,Ushuaia,Ushuaia,SAWH|USH,-54.843278,-68.29575,America/Argentina/Ushuaia,-180,UTC-03:00
IR,Bushehr,Bushehr,BUZ|OIBB,28.944811,50.834637,Asia/Tehran,210,UTC+03:30
GH,Tamale,Tamale,DGLE|TML,9.557192,-0.863214,Africa/Accra,0,UTC+00:00
AR,Colonia Catriel,Colonia Catriel,CCT,-37.9102,-67.835,America/Argentina/Salta,-180,UTC-03:00
VE,Valle De Pascua,Valle De Pascua,SVVP|VDP,9.222028,-65.993583,America/Caracas,-240,UTC-04:00
CN,Wuyishan,Wuyishan,WUS|ZSWY,27.7019,118.001,Asia/Shanghai,480,UTC+08:00
US,"Ottumwa, Iowa","Ottumwa, Iowa",OTM,41.10668,-92.44824,America/Chicago,-300,UTC-05:00
RU,Usinsk,Usinsk,USK,66.00077,57.221113,Europe/Moscow,180,UTC+03:00
US,"Point Baker, Alaska","Point Baker, Alaska",KPB,56.351944,-133.6225,America/Anchorage,-480,UTC-08:00
MG,Majunga,Majunga,FMNM|MJN,-15.667144,46.351828,Indian/Antananarivo,180,UTC+03:00
ES,Madrid,Madrid,LEMD|LETO|MAD|TOJ|XOC|XTI,40.493556,-3.566764,Europe/Madrid,120,UTC+02:00
SB,Suavanao,Suavanao,AGGV|VAO,-7.58556,158.731,Pacific/Guadalcanal,660,UTC+11:00
NG,Abuja,Abuja,ABV|DNAA,9.006792,7.263172,Africa/Lagos,60,UTC+01:00
PK,Rawala Kot,Rawala Kot,OPRT|RAZ,33.849658,73.798147,Asia/Karachi,300,UTC+05:00
FR,Poitiers,Poitiers,LFBI|PIS|XOP,46.587745,0.306666,Europe/Paris,120,UTC+02:00
US,"Salina, Kansas","Salina, Kansas",KSLN|SLN,38.791,-97.6522,America/Chicago,-300,UTC-05:00
PG,Misima Island,Misima Island,AYMS|MIS,-10.6892,152.838,Pacific/Port_Moresby,600,UTC+10:00
PK,Gwadar,Gwadar,GWD|OPGD,25.233308,62.329494,Asia/Karachi,300,UTC+05:00
KZ,Taraz,Taraz,DMB|UADD,42.853611,71.303611,Asia/Qyzylorda,300,UTC+05:00
DE,Duesseldorf,Duesseldorf,DUS|EDDL|EDLN|EDLV|MGL|NRN|QDU,51.289453,6.766775,Europe/Berlin,120,UTC+02:00
CL,Arica,Arica,ARI|SCAR,-18.348531,-70.338742,America/Santiago,-240,UTC-04:00
US,"Dodge City, Kansas","Dodge City, Kansas",DDC|KDDC,37.7634,-99.9656,America/Chicago,-300,UTC-05:00
US,"Danbury, Connecticut","Danbury, Connecticut",DXR|KDXR,41.3715353,-73.4821906,America/New_York,-240,UTC-04:00
CA,Petawawa,Petawawa,CYWA|YWA,45.952221,-77.319168,America/Toronto,-240,UTC-04:00
NG,Gusau,Gusau,DNGU|QUS,12.171667,6.696111,Africa/Lagos,60,UTC+01:00
JP,Oki Island,Oki Island,OKI|RJNO,36.181125,133.324844,Asia/Tokyo,540,UTC+09:00
GY,Mahdia,Mahdia,MHA|SYMD,5.266667,-59.15,America/Guyana,-240,UTC-04:00
CA,Kuujjuarapik,Kuujjuarapik,CYGW|YGW,55.2819,-77.7653,America/Montreal,-240,UTC-04:00
VE,Cumana,Cumana,CUM|SVCU,10.450333,-64.130472,America/Caracas,-240,UTC-04:00
GB,Newquay,Newquay,EGDG|NQY,50.440558,-4.995408,Europe/London,60,UTC+01:00
DZ,Setif,Setif,DAAS|QSF,36.1781,5.32449,Africa/Algiers,60,UTC+01:00
BR,Florianopolis,Florianopolis,FLN|SBFL,-27.670489,-48.547181,America/Sao_Paulo,-180,UTC-03:00
CO,Villagarzon,Villagarzon,SKVG|VGZ,0.978889,-76.605556,America/Bogota,-300,UTC-05:00
AU,Mount Hotham,Mount Hotham,MHU|YHOT,-37.0475,147.334,Australia/Melbourne,600,UTC+10:00
GR,Milos,Milos,LGML|MLO,36.696111,24.4775,Europe/Athens,180,UTC+03:00
ID,Sabang,Sabang,SBG|WITB,5.874131,95.339672,Asia/Jakarta,420,UTC+07:00
MH,Bikini Atoll,Bikini Atoll,BII,11.5225,165.565,Pacific/Wallis,720,UTC+12:00
US,"Big Mountain, Alaska","Big Mountain, Alaska",BMX|PABM,59.361247,-155.258822,America/Anchorage,-480,UTC-08:00
MX,Aguascalientes,Aguascalientes,AGU|MMAS,21.705558,-102.317858,America/Mexico_City,-360,UTC-06:00
IN,Jammu,Jammu,IXJ|VIJU,32.689142,74.837389,Asia/Kolkata,330,UTC+05:30
CA,Hudson Bay,Hudson Bay,CYHB|YHB,52.816666,-102.31139,America/Regina,-360,UTC-06:00
SE,Malmoe,Malmoe,ESMS|JMM|MMX|XFR,0.0,0.0,Europe/Stockholm,120,UTC+02:00
NO,Tromso,Tromso,ENTC|TOS,69.683333,18.918919,Europe/Oslo,120,UTC+02:00
JP,Sendai,Sendai,RJSS|SDJ,38.139722,140.916944,Asia/Tokyo,540,UTC+09:00
PK,Panjgur,Panjgur,OPPG|PJG,26.954547,64.132517,Asia/Karachi,300,UTC+05:00
TH,Mae Hong Son,Mae Hong Son,HGN|VTCH,19.301667,97.975,Asia/Bangkok,420,UTC+07:00
NG,Sokoto,Sokoto,DNSO|SKO,12.916322,5.207189,Africa/Lagos,60,UTC+01:00
ZM,Livingstone,Livingstone,FLLI|LVI,-17.821756,25.822692,Africa/Lusaka,120,UTC+02:00
MN,Choibalsan,Choibalsan,COQ|ZMCD,48.1357,114.646,Asia/Choibalsan,480,UTC+08:00
US,"Hailey, Idaho","Hailey, Idaho",KSUN|SUN,43.504444,-114.296194,America/Boise,-360,UTC-06:00
MY,Kuching,Kuching,KCH|WBGG,1.484697,110.346933,Asia/Kuching,480,UTC+08:00
ET,Humera,Humera,HAHU|HUE,14.3,36.616667,Africa/Addis_Ababa,180,UTC+03:00
PM,Miquelon,Miquelon,LFVM|MQC,47.095472,-56.380278,America/Miquelon,-120,UTC-02:00
US,"Burlington, Iowa","Burlington, Iowa",BRL|KBRL,40.7832,-91.1255,America/Chicago,-300,UTC-05:00
CN,Ji an,Ji an,JGS,26.8997,114.7375,Asia/Shanghai,480,UTC+08:00
SE,Lidkoping,Lidkoping,ESGL|LDK,58.465522,13.174414,Europe/Stockholm,120,UTC+02:00
US,"Butte, MT","Butte, MT",BTM|KBTM,45.954806,-112.497472,America/Denver,-360,UTC-06:00
CA,Roberval,Roberval,CYRJ|YRJ,48.52,-72.265556,America/Montreal,-240,UTC-04:00
PA,Achutupo,Achutupo,ACU,9.2,-77.98,America/Panama,-300,UTC-05:00
KE,Kericho,Kericho,HKKR|KEY,-0.385,35.245,Africa/Nairobi,180,UTC+03:00
CO,Puerto Asis,Puerto Asis,PUU|SKAS,0.505228,-76.500836,America/Bogota,-300,UTC-05:00
NG,Enugu,Enugu,DNEN|ENU,6.474272,7.561961,Africa/Lagos,60,UTC+01:00
CO,Santa Marta,Santa Marta,SKSM|SMR,11.11965,-74.230647,America/Bogota,-300,UTC-05:00
US,"Tifton, Georgia","Tifton, Georgia",KTMA|TMA,31.4289814,-83.488545,America/New_York,-240,UTC-04:00
ZM,Kasaba Bay,Kasaba Bay,FLKY|ZKB,-8.525,30.663,Africa/Lusaka,120,UTC+02:00
AU,Cloncurry,Cloncurry,CNJ|YCCY,-20.6686,140.504,Australia/Brisbane,600,UTC+10:00
BD,Rajshahi,Rajshahi,RJH|VGRJ,24.437219,88.616511,Asia/Dhaka,360,UTC+06:00
TR,Konya,Konya,KYA|KYU|LTAN|PFKU,37.979,32.561861,America/Anchorage,-480,UTC-08:00
CA,Peace River,Peace River,CYPE|YPE,56.226944,-117.447222,America/Edmonton,-360,UTC-06:00
AE,Al Ain,Al Ain,AAN|OMAL,24.261667,55.609167,Asia/Dubai,240,UTC+04:00
IR,Kermanshah,Kermanshah,KSH|OICC,34.345853,47.158128,Asia/Tehran,210,UTC+03:30
IN,Gorakhpur,Gorakhpur,GOP|VEGK,26.739708,83.449708,Asia/Kolkata,330,UTC+05:30
US,"Wilmington, North Carolina","Wilmington, North Carolina",ILM|KILM,34.270615,-77.902569,America/New_York,-240,UTC-04:00
KI,Maiana,Maiana,MNK|NGMA,0.933333,173.0,Pacific/Tarawa,720,UTC+12:00
UA,Kamianets Podilski,Kamianets Podilski,KCP,0.0,0.0,Europe/Riga,180,UTC+03:00
IN,Udaipur,Udaipur,UDR|VAUD,24.617697,73.8961,Asia/Kolkata,330,UTC+05:30
SB,Gatokae,Gatokae,GTA,-8.75,158.2,Pacific/Noumea,660,UTC+11:00
TH,Loei,Loei,LOE|VTUL,17.439133,101.722064,Asia/Bangkok,420,UTC+07:00
CA,Muskrat Dam,Muskrat Dam,CZMD|MSA,53.4414,-91.7628,America/Winnipeg,-300,UTC-05:00
ID,Pomala,Pomala,PUM,-4.183333,121.61667,Asia/Makassar,480,UTC+08:00
MH,Kaben,Kaben,KBT,8.90056,170.844,Pacific/Wallis,720,UTC+12:00
CA,Hopedale,Hopedale,CYHO|YHO,55.4483,-60.2286,America/Goose_Bay,-180,UTC-03:00
US,"Marthas Vineyard, Massachusetts","Marthas Vineyard, Massachusetts",KMVY|MVY,41.391667,-70.615278,America/New_York,-240,UTC-04:00
AF,Kabul,Kabul,KBL|OAKB,34.565853,69.212328,Asia/Kabul,270,UTC+04:30
PH,Subic Bay,Subic Bay,RPLB|SFS,14.7944,120.271,Asia/Manila,480,UTC+08:00
NO,Rost,Rost,ENRS|RET,67.5278,12.1033,Europe/Oslo,120,UTC+02:00
FR,Saint Etienne,Saint Etienne,EBU|LFMH,45.540554,4.296389,Europe/Paris,120,UTC+02:00
NZ,Mount Cook,Mount Cook,GTN|MON|NZGT|NZMC,-43.906666,170.128333,Pacific/Auckland,720,UTC+12:00
AT,Hohenems,Hohenems,HOH|LOIH,47.385,9.7,Europe/Vienna,120,UTC+02:00
AU,Deniliquin,Deniliquin,DNQ,0.0,0.0,Australia/Sydney,600,UTC+10:00
MR,Kiffa,Kiffa,GQNF|KFA,16.589983,-11.406208,Africa/Nouakchott,0,UTC+00:00
IT,Brescia,Brescia,BRZ,45.5325,10.212778,Europe/Rome,120,UTC+02:00
US,"Waterloo, Iowa","Waterloo, Iowa",ALO|KALO,42.5571,-92.4003,America/Chicago,-300,UTC-05:00
US,"Bismarck, ND","Bismarck, ND",BIS|KBIS,46.775842,-100.757931,America/Chicago,-300,UTC-05:00
CA,Drayton Valley,Drayton Valley,CYDC|YDC,49.468056,-120.511389,America/Edmonton,-360,UTC-06:00
BR,Manicore,Manicore,MNX|SBMY,-5.811381,-61.278319,America/Manaus,-240,UTC-04:00
US,"Lawton, Oklahoma","Lawton, Oklahoma",KLAW|LAW,34.5677144,-98.4166367,America/Chicago,-300,UTC-05:00
NZ,Picton,Picton,NZPN|PCN,-41.348333,173.955278,Pacific/Auckland,720,UTC+12:00
GR,Astypalea Island,Astypalea Island,JTY|LGPL,36.579886,26.375822,Europe/Athens,180,UTC+03:00
CA,Makkovik,Makkovik,CYFT|YMN,55.0769,-59.1864,America/Goose_Bay,-180,UTC-03:00
US,"Benton Harbor, Michigan","Benton Harbor, Michigan",BEH,42.1285833,-86.4285,America/Detroit,-240,UTC-04:00
FR,Biarritz,Biarritz,BIQ|LFBZ,43.468419,-1.523325,Europe/Paris,120,UTC+02:00
PT,Porto Santo,Porto Santo,LPPS|PXO,33.073386,-16.349975,Atlantic/Madeira,60,UTC+01:00
ZM,Mansa,Mansa,MNS,0.0,0.0,Africa/Lusaka,120,UTC+02:00
MY,Labuan,Labuan,LBU|WBKL,5.300683,115.250181,Asia/Kuching,480,UTC+08:00
JP,Monbetsu,Monbetsu,MBE|RJEB,44.303914,143.404028,Asia/Tokyo,540,UTC+09:00
US,"Albany, GA","Albany, GA",ABY|KABY,31.5355,-84.1945,America/New_York,-240,UTC-04:00
CH,Lugano,Lugano,LSZA|LUG|QDL,46.004275,8.910578,Europe/Zurich,120,UTC+02:00
SE,Hagfors,Hagfors,ESOH|HFS,60.020064,13.578908,Europe/Stockholm,120,UTC+02:00
US,"Oahu, Hawaii","Oahu, Hawaii",HDH|PHDH,21.579475,-158.197281,Pacific/Honolulu,-600,UTC-10:00
US,"Mansfield, OH","Mansfield, OH",KMFD|MFD,40.8214167,-82.5166389,America/New_York,-240,UTC-04:00
MA,Kenitra,Kenitra,GMMY|NNA,34.298864,-6.595878,Africa/Casablanca,60,UTC+01:00
CA,South Indian Lake,South Indian Lake,CZSN|XSI,56.792778,-98.907222,America/Winnipeg,-300,UTC-05:00
RU,Kaluga,Kaluga,KLF|UUBS,54.55,36.367,Europe/Moscow,180,UTC+03:00
US,"Binghamton, New York","Binghamton, New York",BGM|KBGM,42.208689,-75.979839,America/New_York,-240,UTC-04:00
US,"Hudson, New York","Hudson, New York",HCC,42.2913,-73.7103,America/New_York,-240,UTC-04:00
US,"Frankfort, Kentucky","Frankfort, Kentucky",FFT|KFFT,38.1819722,-84.9061389,America/New_York,-240,UTC-04:00
CA,Pikangikum,Pikangikum,CYPM|YPM,51.8197,-93.9733,America/Winnipeg,-300,UTC-05:00
AR,El Maiten,El Maiten,EMX,-42.0292,-71.1725,America/Argentina/Catamarca,-180,UTC-03:00
CN,Arnsberg,Arnsberg,EDLA|ZCA,51.483333,7.899333,Europe/Berlin,120,UTC+02:00
ID,Rengat,Rengat,RGT|WIPR,-0.352808,102.334917,Asia/Jakarta,420,UTC+07:00
NL,Enschede,Enschede,EHTW|ENS,52.27,6.874167,Europe/Amsterdam,120,UTC+02:00
TW,Chi Mei,Chi Mei,CMJ|RCCM,23.266667,119.666667,Asia/Taipei,480,UTC+08:00
CA,Taloyoak,Taloyoak,CYYH|YYH,69.546667,-93.576667,America/Cambridge_Bay,-360,UTC-06:00
CR,Tamarindo,Tamarindo,MRCV|TNO,10.3557,-85.852892,America/Costa_Rica,-360,UTC-06:00
US,"Santa Fe, New Mexico","Santa Fe, New Mexico",KSAF|SAF,35.617108,-106.089422,America/Denver,-360,UTC-06:00
US,"Fairmont, Minnesota","Fairmont, Minnesota",FRM,43.64384,-94.4158,America/Chicago,-300,UTC-05:00
ML,Tombouctou,Tombouctou,GATB|TOM,16.730458,-3.007583,Africa/Bamako,0,UTC+00:00
CN,Lincang,Lincang,LNJ|ZPLC,23.738333,100.025,Asia/Shanghai,480,UTC+08:00
CA,Quebec,Quebec,BQC|CYQB|YQB,46.791111,-71.393333,America/Montreal,-240,UTC-04:00
US,"Annette Island, Alaska","Annette Island, Alaska",ANN|PANT,55.042436,-131.572233,America/Metlakatla,-480,UTC-08:00
PY,Pedro Juan Caball,Pedro Juan Caball,PJC|SGPJ,-22.641389,-55.829722,America/Asuncion,-180,UTC-03:00
US,"Wichita Falls, Texas","Wichita Falls, Texas",KSPS|SPS,33.988797,-98.491894,America/Chicago,-300,UTC-05:00
RU,Barnaul,Barnaul,BAX|UNBB,53.361107,83.547637,Asia/Omsk,360,UTC+06:00
US,"Saint Paul, Minnesota","Saint Paul, Minnesota",STP,51.53,-0.125,America/Chicago,-300,UTC-05:00
FR,Morlaix,Morlaix,LFRU|MXN,48.603222,-3.815783,Europe/Paris,120,UTC+02:00
AO,Saurimo,Saurimo,FNSA|VHC,-9.689067,20.431875,Africa/Luanda,60,UTC+01:00
ET,Makale,Makale,HAMK|MQX,13.467367,39.533464,Africa/Addis_Ababa,180,UTC+03:00
ID,Melangguane,Melangguane,MNA,4.00694,126.673,Asia/Makassar,480,UTC+08:00
BR,Tefe,Tefe,SBTF|TFF,-3.382944,-64.724056,America/Manaus,-240,UTC-04:00
IN,Surat,Surat,STV|VASU,21.114061,72.741792,Asia/Kolkata,330,UTC+05:30
AU,Morawa,Morawa,MWB,-29.211,116.009,Australia/Perth,480,UTC+08:00
TZ,Tanga,Tanga,HTTG|TGT,-5.092358,39.071158,Africa/Dar_es_Salaam,180,UTC+03:00
ET,Debra Marcos,Debra Marcos,DBM|HADM,10.316667,37.733333,Africa/Addis_Ababa,180,UTC+03:00
US,"Toledo, Ohio","Toledo, Ohio",KTOL|TDZ|TOL,41.586806,-83.807833,America/New_York,-240,UTC-04:00
MX,Nogales,Nogales,MMNG|NOG,31.226083,-110.975831,America/Hermosillo,-420,UTC-07:00
AU,Coconut Island,Coconut Island,CNC|YCCT,-10.05,143.07,Australia/Brisbane,600,UTC+10:00
NZ,Alexandra,Alexandra,ALR|NZLX,-45.211666,169.373333,Pacific/Auckland,720,UTC+12:00
MX,Chihuahua,Chihuahua,CUU|MMCU,28.702875,-105.964567,America/Chihuahua,-360,UTC-06:00
AR,El Calafate,El Calafate,FTE|SAWC,-50.280322,-72.053103,America/Argentina/Rio_Gallegos,-180,UTC-03:00
BS,Rock Sound,Rock Sound,MYER|RSD,24.8917,-76.177739,America/Nassau,-240,UTC-04:00
ET,Mendi,Mendi,NDM,9.767,35.1,Africa/Addis_Ababa,180,UTC+03:00
ZA,East London,East London,ELS|FAEL,-33.035569,27.825939,Africa/Johannesburg,120,UTC+02:00
BR,Belmonte,Belmonte,BVM,-15.8717,-38.8719,America/Bahia,-180,UTC-03:00
US,"Columbia, South Carolina","Columbia, South Carolina",CAE|KCAE,33.938833,-81.119528,America/New_York,-240,UTC-04:00
US,"Fullerton, California","Fullerton, California",FUL|KFUL,33.521925,-117.584722,America/Los_Angeles,-420,UTC-07:00
SR,Totness,Totness,SMCO|TOT,5.865833,-56.3275,America/Paramaribo,-180,UTC-03:00
GB,Penzance,Penzance,EGHK|PZE,50.1281,-5.51845,Europe/London,60,UTC+01:00
CO,Ipiales,Ipiales,IPI|SKIP,0.861925,-77.671764,America/Bogota,-300,UTC-05:00
PG,Nissan Island,Nissan Island,IIS,-4.49972,154.226,Asia/Vladivostok,600,UTC+10:00
CA,Sault Ste Marie,Sault Ste Marie,CYAM|YAM,46.485001,-84.509445,America/Toronto,-240,UTC-04:00
IR,Now Shahr,Now Shahr,NSH|OINN,36.663333,51.464722,Asia/Tehran,210,UTC+03:30
AR,Santiago,Santiago,SANE|SDE,-27.765617,-64.310122,America/Argentina/Cordoba,-180,UTC-03:00
US,"Massena, New York","Massena, New York",KMSS|MSS,44.935833,-74.845547,America/New_York,-240,UTC-04:00
NO,Floro,Floro,ENFL|FRO,61.583611,5.024722,Europe/Oslo,120,UTC+02:00
BR,Santa Terezinha,Santa Terezinha,STZ|SWST,-10.47,-50.502778,America/Cuiaba,-240,UTC-04:00
US,"Manhattan, Kansas","Manhattan, Kansas",KMHK|MHK,39.140972,-96.670833,America/Chicago,-300,UTC-05:00
AU,Inverell,Inverell,IVR|YIVL,-29.888333,151.144167,Australia/Sydney,600,UTC+10:00
BR,Campina Grande,Campina Grande,CPV|SBKG,-7.269917,-35.896364,America/Fortaleza,-180,UTC-03:00
CN,Haikou,Haikou,HAK|ZJHK,19.934856,110.458961,Asia/Chongqing,480,UTC+08:00
AU,Thargomindah,Thargomindah,XTG|YTGM,-27.9864,143.811,Australia/Brisbane,600,UTC+10:00
RU,Zheleznogorsk-Ilimsky,Zheleznogorsk-Ilimsky,ЖЕЗ,56.584848,104.114292,Asia/Irkutsk,480,UTC+08:00
US,"Tok, Alaska","Tok, Alaska",PFTO|TKJ,63.329444,-142.953611,America/Anchorage,-480,UTC-08:00
AU,Traralgon,Traralgon,TGN,0.0,0.0,Australia/Melbourne,600,UTC+10:00
CA,Bella Bella,Bella Bella,CYJQ|ZEL,52.139722,-128.063611,America/Vancouver,-420,UTC-07:00
AU,Wudinna,Wudinna,WUD,-33.0433,135.44701,Australia/Adelaide,570,UTC+09:30
CN,Jinghong,Jinghong,JHG,21.973914,100.759611,Asia/Chongqing,480,UTC+08:00
MG,Tsiroanomandidy,Tsiroanomandidy,FMMX|WTS,-18.75,46.05,Indian/Antananarivo,180,UTC+03:00
CU,Varadero,Varadero,MUVR|VRA,23.034445,-81.435278,America/Havana,-240,UTC-04:00
IN,Hyderabad,Hyderabad,HYD|VOHY,17.240273,78.429379,Asia/Kolkata,330,UTC+05:30
IN,Keshod,Keshod,IXK|VAKS,21.317069,70.270403,Asia/Kolkata,330,UTC+05:30
FI,Seinajoki,Seinajoki,EFSI|SJY,62.6921,22.8323,Europe/Helsinki,180,UTC+03:00
US,"Mitchell, SD","Mitchell, SD",MHE,43.77471,-98.03841,America/Cancun,-300,UTC-05:00
VU,Futuna Island,Futuna Island,FTA|NVVF,-19.5164,170.232,Pacific/Efate,660,UTC+11:00
IT,Trieste,Trieste,LIPQ|TRS|TXB,45.8275,13.472222,Europe/Rome,120,UTC+02:00
PG,Obo,Obo,OBX,-7.583,141.317,Asia/Vladivostok,600,UTC+10:00
US,"Evanston, Wyoming","Evanston, Wyoming",EVW,41.27467,-111.03268,America/Denver,-360,UTC-06:00
US,"Peru, Illinois","Peru, Illinois",KVYS|VYS,41.351944,-89.153056,America/Cancun,-300,UTC-05:00
ES,Reus,Reus,LERS|REU,41.147392,1.167172,Europe/Madrid,120,UTC+02:00
RS,Pristina,Pristina,LYPR|PRN,42.572778,21.035833,Europe/Belgrade,120,UTC+02:00
US,"Sheridan, Wyoming","Sheridan, Wyoming",KSHR|SHR,44.7692,-106.98,America/Denver,-360,UTC-06:00
IN,Mangalore,Mangalore,IXE|VOML,12.961267,74.890069,Asia/Kolkata,330,UTC+05:30
PE,Machu Picchu,Machu Picchu,MFT,-13.1167,-72.5667,America/Panama,-300,UTC-05:00
NL,Utrecht,Utrecht,EHSB|UTC,52.1273,5.27619,Europe/Amsterdam,120,UTC+02:00
PG,Kundiawa,Kundiawa,AYCH|CMU,-6.02429,144.971,Pacific/Port_Moresby,600,UTC+10:00
IN,Jorhat,Jorhat,JRH|VEJT,26.731528,94.175536,Asia/Kolkata,330,UTC+05:30
ZA,Sishen,Sishen,FASS|SIS,-27.648606,22.999278,Africa/Johannesburg,120,UTC+02:00
JP,Minami Daito,Minami Daito,MMD|ROMD,25.846533,131.263494,Asia/Tokyo,540,UTC+09:00
US,"Marana, Arizona","Marana, Arizona",KMZJ|MZJ,32.509722,-111.325278,America/Phoenix,-420,UTC-07:00
US,"Excursion Inlet, Alaska","Excursion Inlet, Alaska",EXI,58.420556,-135.449167,America/Anchorage,-480,UTC-08:00
JP,Odate Noshiro,Odate Noshiro,ONJ|RJSR,40.1919,140.371,Asia/Tokyo,540,UTC+09:00
PF,Makemo,Makemo,MKP|NTGM,-16.583919,-143.658369,Pacific/Tahiti,-600,UTC-10:00
BR,Ponta Pelada,Ponta Pelada,PLL,-3.14604,-59.9863,America/Manaus,-240,UTC-04:00
US,"McAllen, Texas","McAllen, Texas",KMFE|MFE,26.175833,-98.238611,America/Chicago,-300,UTC-05:00
KR,Gwangju,Gwangju,KWJ|RKJJ|XNJ,35.126389,126.808889,Asia/Seoul,540,UTC+09:00
PK,Dalbandin,Dalbandin,DBA|OPDB,28.8783,64.3998,Asia/Karachi,300,UTC+05:00
CN,Qingyang,Qingyang,IQN|ZLQY,35.7997,107.603,Asia/Chongqing,480,UTC+08:00
GR,Ioannina,Ioannina,IOA|LGIO,39.696388,20.8225,Europe/Athens,180,UTC+03:00
UZ,Fargona,Fargona,FEG|UTKF,40.3588,71.745,Asia/Tashkent,300,UTC+05:00
BR,Caldas Novas,Caldas Novas,CLV|SBCN,-17.7267,-48.6114,America/Sao_Paulo,-180,UTC-03:00
IS,Grimsey,Grimsey,BIGR|GRY,66.5547,-18.0175,Atlantic/Reykjavik,0,UTC+00:00
SE,Stockholm,Stockholm,ARN|BMA|ESKN|ESOW|ESSA|ESSB|NYO|VST,59.354372,17.94165,Europe/Stockholm,120,UTC+02:00
US,"Fayetteville, Arkansas","Fayetteville, Arkansas",FYV|KFYV|KXNA|XNA,36.005094,-94.170059,America/Chicago,-300,UTC-05:00
US,"Fort Wayne, IN","Fort Wayne, IN",FWA|KFWA|KSMD|SMD,40.978472,-85.195139,America/Indiana/Indianapolis,-240,UTC-04:00
CA,Cornwall,Cornwall,CYCC|YCC,45.092778,-74.567778,America/Toronto,-240,UTC-04:00
AU,Esperance,Esperance,EPR|YESP,-33.6844,121.823,Australia/Perth,480,UTC+08:00
PH,Legaspi,Legaspi,LGP|RPLP,13.157064,123.746247,Asia/Manila,480,UTC+08:00
IN,Khajuraho,Khajuraho,HJR|VAKJ,24.817197,79.918597,Asia/Kolkata,330,UTC+05:30
CO,San Vicente,San Vicente,SKSV|SVI,2.152175,-74.76635,America/Bogota,-300,UTC-05:00
KR,Jinju,Jinju,HIN|RKPS,35.088543,128.07037,Asia/Seoul,540,UTC+09:00
TN,Tozeur,Tozeur,DTTZ|TOE,33.939722,8.110556,Africa/Tunis,60,UTC+01:00
AU,Albany,Albany,ALH|YABA,-34.9433,117.809,Australia/Perth,480,UTC+08:00
US,"Shreveport, Louisiana","Shreveport, Louisiana",BAD|KBAD|KSHV|SHV,32.446629,-93.8256,America/Chicago,-300,UTC-05:00
CA,Red Lake,Red Lake,CYRL|YRL,51.0669,-93.7931,America/Winnipeg,-300,UTC-05:00
CO,Buenaventura,Buenaventura,BUN|SKBU,3.819628,-76.989767,America/Bogota,-300,UTC-05:00
AR,San Martin De Los Andes,San Martin De Los Andes,CPC|SAZY,-40.075383,-71.137294,America/Argentina/Salta,-180,UTC-03:00
GL,Kangaamiut,Kangaamiut,EBKT|QKT,50.817222,3.204722,America/Montevideo,-180,UTC-03:00
US,"Lake Geneva, Wisconsin","Lake Geneva, Wisconsin",XES,42.6149167,-88.3895833,America/Chicago,-300,UTC-05:00
BR,Franca,Franca,FRC|SIMK,-20.538611,-47.400833,America/Sao_Paulo,-180,UTC-03:00
GR,Limnos,Limnos,LGLM|LXS,39.917072,25.236308,Europe/Athens,180,UTC+03:00
US,"Kelso, Washington","Kelso, Washington",KKLS|KLS,46.118,-122.898389,America/Los_Angeles,-420,UTC-07:00
US,"Lake Minchumina, Alaska","Lake Minchumina, Alaska",LMA,0.0,0.0,America/Anchorage,-480,UTC-08:00
PE,Chiclayo,Chiclayo,CIX|SPHI,-6.787475,-79.828097,America/Lima,-300,UTC-05:00
CA,Moncton,Moncton,CYQM|YQM,46.112221,-64.678611,America/Moncton,-180,UTC-03:00
CA,Winnipeg,Winnipeg,CYWG|YWG,49.910036,-97.239886,America/Winnipeg,-300,UTC-05:00
CA,Fort Hope,Fort Hope,CYFH|YFH,51.5619,-87.9078,America/Toronto,-240,UTC-04:00
NI,Bonanza,Bonanza,BZA|MNBZ,14.041667,-84.630556,America/Managua,-360,UTC-06:00
PA,Rio Sidra,Rio Sidra,RSI,8.966667,-80.333336,America/Panama,-300,UTC-05:00
AU,Chinchilla,Chinchilla,CCL|YCCA,-26.769444,150.616667,Australia/Brisbane,600,UTC+10:00
US,"Rosario, Washington","Rosario, Washington",RSJ,48.645556,-122.868056,America/Detroit,-240,UTC-04:00
US,"Akutan, Alaska","Akutan, Alaska",KQA,54.1325,-165.785,America/Anchorage,-480,UTC-08:00
SB,Afutara,Afutara,AFT|AGAF,-9.183056,160.949722,Pacific/Guadalcanal,660,UTC+11:00
PE,Talara,Talara,SPYL|TYL,-4.576639,-81.254139,America/Lima,-300,UTC-05:00
SI,Maribor,Maribor,LJMB|MBX|MSB,46.479861,15.686131,Europe/Ljubljana,120,UTC+02:00
HR,Zagreb,Zagreb,LDZA|ZAG|ZGC,45.742931,16.068778,Europe/Zagreb,120,UTC+02:00
RU,Okha,Okha,OHH,53.583333,142.933333,Asia/Sakhalin,660,UTC+11:00
CO,Puerto Leguizamo,Puerto Leguizamo,LQM|SKLG,-0.18,-74.77,America/Bogota,-300,UTC-05:00
RU,Kursk,Kursk,URS|UUOK,51.7506,36.2956,Europe/Moscow,180,UTC+03:00
DZ,Mascara,Mascara,DAOV|MUW,35.207725,0.147142,Africa/Algiers,60,UTC+01:00
AR,Perito Moreno,Perito Moreno,PMQ|SAWP,-46.537911,-70.978689,America/Argentina/Rio_Gallegos,-180,UTC-03:00
LV,Daugavpils,Daugavpils,DGP,0.0,0.0,Europe/Riga,180,UTC+03:00
RU,Yakutsk,Yakutsk,UEEE|YKS,62.09325,129.770672,Asia/Yakutsk,540,UTC+09:00
GB,Campbeltown,Campbeltown,CAL|EGEC,55.4372,-5.68639,Europe/London,60,UTC+01:00
AU,Wagga Wagga,Wagga Wagga,WGA|YSWG,-35.165278,147.466389,Australia/Sydney,600,UTC+10:00
RU,Chita,Chita,HTA|UIAA,52.026317,113.305556,Asia/Yakutsk,540,UTC+09:00
NZ,Hamilton,Hamilton,HLZ|NZHN,-37.866661,175.332056,Pacific/Auckland,720,UTC+12:00
US,"Waco, Texas","Waco, Texas",ACT|CNW|KACT|KCNW,31.611289,-97.230519,America/Chicago,-300,UTC-05:00
AR,Concordia,Concordia,COC|SAAC,-31.296944,-57.996631,America/Argentina/Cordoba,-180,UTC-03:00
AO,Soyo,Soyo,FNSO|SZA,-6.141086,12.371764,Africa/Luanda,60,UTC+01:00
US,"Pembina, North Dakota","Pembina, North Dakota",KPMB|PMB,48.942501,-97.240833,America/Winnipeg,-300,UTC-05:00
SA,Turaif,Turaif,OETR|TUI,31.692683,38.7312,Asia/Riyadh,180,UTC+03:00
AU,Denham,Denham,DNM,-25.8939,113.577,Australia/Perth,480,UTC+08:00
JP,Sapporo,Sapporo,CTS|OKD|RJCC|RJCO,43.1161,141.38,Asia/Tokyo,540,UTC+09:00
TM,Asgabat,Asgabat,ASB|UTAA,37.986814,58.360967,Asia/Ashgabat,300,UTC+05:00
CA,Terrace,Terrace,CYXT|YXT,54.468508,-128.576219,America/Vancouver,-420,UTC-07:00
AU,Hamilton Island,Hamilton Island,HTI|YBHM,-20.3581,148.952,Australia/Lindeman,600,UTC+10:00
CA,Manitowaning,Manitowaning,CYEM|YEM,45.8425,-81.8575,America/Toronto,-240,UTC-04:00
US,"Lincoln, NE","Lincoln, NE",KLNK|LNK,40.850971,-96.75925,America/Chicago,-300,UTC-05:00
AU,Milingimbi,Milingimbi,MGT|YMGB,-12.0944,134.894,Australia/Darwin,570,UTC+09:30
CA,Sudbury,Sudbury,CYSB|YSB,46.625,-80.798889,America/Toronto,-240,UTC-04:00
GQ,Malabo,Malabo,FGSL|SSG,3.755267,8.708717,Africa/Malabo,60,UTC+01:00
NO,Orland,Orland,ENOL|OLA,63.698908,9.604003,Europe/Oslo,120,UTC+02:00
US,"Dolomi, Alaska","Dolomi, Alaska",DLO,0.0,0.0,America/Anchorage,-480,UTC-08:00
US,"Craig, Alaska","Craig, Alaska",CGA,55.478889,-133.147778,America/Anchorage,-480,UTC-08:00
AU,Port Augusta,Port Augusta,PUG|YPAG,-32.506944,137.716667,Australia/Adelaide,570,UTC+09:30
US,"East Tawas, Michigan","East Tawas, Michigan",ECA|K6D9,44.311,-83.422,America/Detroit,-240,UTC-04:00
GW,Bubaque,Bubaque,BQE,11.29736,-15.83808,Africa/Bissau,0,UTC+00:00
CL,Puerto Williams,Puerto Williams,WPU,-54.9311,-67.6263,America/Santiago,-240,UTC-04:00
MY,Tawau,Tawau,TWU|WBKW,4.313369,118.121953,Asia/Kuching,480,UTC+08:00
ES,Albacete,Albacete,EEM,0.0,0.0,Europe/Madrid,120,UTC+02:00
RE,St Pierre De La Reunion,St Pierre De La Reunion,FMEP|ZSE,-21.320039,55.423581,Indian/Reunion,240,UTC+04:00
BR,Santarem,Santarem,SBSN|STM,-2.422431,-54.792789,America/Santarem,-180,UTC-03:00
ID,Nunukan,Nunukan,NNX|WRLF,4.13653,117.667,Asia/Makassar,480,UTC+08:00
GT,Coban,Coban,CBV|MGCB,15.468958,-90.406742,America/Guatemala,-360,UTC-06:00
PH,Jolo,Jolo,JOL|RPMJ,6.05367,121.011,Asia/Manila,480,UTC+08:00
FR,Bordeaux,Bordeaux,BOD|LFBD|ZFQ,44.828335,-0.715556,Europe/Paris,120,UTC+02:00
US,"Chico, CA","Chico, CA",CIC|KCIC,39.795383,-121.858422,America/Los_Angeles,-420,UTC-07:00
BG,Plovdiv,Plovdiv,LBPD|PDV,42.067806,24.850833,Europe/Sofia,180,UTC+03:00
NZ,Masterton,Masterton,MRO|NZMS,-40.973333,175.633611,Pacific/Auckland,720,UTC+12:00
CD,Lubumbashi,Lubumbashi,FBM|FZQA,-11.591333,27.530889,Africa/Lubumbashi,120,UTC+02:00
MV,Male,Male,MLE|VRMM,4.191833,73.529128,Indian/Maldives,300,UTC+05:00
CM,Yaounde,Yaounde,FKKY|FKYS|NSI|YAO,3.836039,11.523461,Africa/Douala,60,UTC+01:00
US,"Lafayette, Louisiana","Lafayette, Louisiana",KLFT|LFT,30.205278,-91.987611,America/Chicago,-300,UTC-05:00
PH,Naga,Naga,RPUN|WNP,13.584886,123.270239,Asia/Manila,480,UTC+08:00
CA,Vermilion,Vermilion,CYVG|YVG,53.355833,-110.82389,America/Edmonton,-360,UTC-06:00
CA,Island Lk Garden,Island Lk Garden,CYIV|YIV,53.8572,-94.6536,America/Winnipeg,-300,UTC-05:00
US,"Jamestown, North Dakota","Jamestown, North Dakota",JMS|KJMS,46.9297,-98.6782,America/Chicago,-300,UTC-05:00
BR,Fernando De Noron,Fernando De Noron,FEN|SBFN,-3.854928,-32.423336,America/Noronha,-120,UTC-02:00
US,"Southern Pines, North Carolina","Southern Pines, North Carolina",KSOP|SOP,35.2376111,-79.3887958,America/Detroit,-240,UTC-04:00
US,"Toksook Bay, Alaska","Toksook Bay, Alaska",OOK|PAOO,60.541389,-165.087222,America/Nome,-480,UTC-08:00
CA,Bearskin Lake,Bearskin Lake,CNE3|XBE,53.9656,-91.0272,America/Winnipeg,-300,UTC-05:00
AR,Caleta Olivia,Caleta Olivia,CVI,-46.4333,-67.5333,America/Paramaribo,-180,UTC-03:00
US,"Clearlake, Texas","Clearlake, Texas",CLC,29.5569,-95.137497,America/Winnipeg,-300,UTC-05:00
EG,Sharm El Sheikh,Sharm El Sheikh,HESH|SSH,27.977222,34.394722,Africa/Cairo,180,UTC+03:00
ZA,Bloemfontein,Bloemfontein,BFN|FABL,-29.092722,26.302444,Africa/Johannesburg,120,UTC+02:00
CA,Fort Resolution,Fort Resolution,CYFR|YFR,61.180832,-113.689722,America/Yellowknife,-360,UTC-06:00
CH,Interlaken,Interlaken,LSMI|ZIN,46.6766,7.87908,Europe/Monaco,120,UTC+02:00
CZ,Brno,Brno,BRQ|LKTB|ZDN,49.151269,16.694433,Europe/Prague,120,UTC+02:00
US,"Rockport, Texas","Rockport, Texas",KRKP|RKP,28.0862222,-97.0436944,America/Chicago,-300,UTC-05:00
US,"Mountain Home, Arkansas","Mountain Home, Arkansas",WMH,0.0,0.0,America/Chicago,-300,UTC-05:00
US,"Lakeside, Texas","Lakeside, Texas",LKS|LKSZ,50.1929,14.1532,America/Resolute,-300,UTC-05:00
US,"Valdez, Alaska","Valdez, Alaska",PAVD|VDZ,61.133949,-146.248342,America/Anchorage,-480,UTC-08:00
US,"Oakland, California","Oakland, California",KOAK|OAK,37.721278,-122.220722,America/Los_Angeles,-420,UTC-07:00
DZ,Oran,Oran,DAOL|DAOO|ORN|TAF,35.623858,-0.621183,Africa/Algiers,60,UTC+01:00
CA,Deline,Deline,CYWJ|YWJ,65.1833333,-125.4166667,America/Yellowknife,-360,UTC-06:00
MG,Antsirabe,Antsirabe,ATJ|FMME,-19.836944,47.065278,Indian/Antananarivo,180,UTC+03:00
US,"Mount Clemens, Michigan","Mount Clemens, Michigan",KMTC|MTC,42.608333,-82.8355,America/Detroit,-240,UTC-04:00
BR,Aracaju,Aracaju,AJU|SBAR,-10.984,-37.070333,America/Maceio,-180,UTC-03:00
CA,Wrigley,Wrigley,CYWY|YWY,63.209444,-123.436667,America/Yellowknife,-360,UTC-06:00
PH,Cagayan De Oro,Cagayan De Oro,CGY|RPML,8.415619,124.611219,Asia/Manila,480,UTC+08:00
FR,Dinard,Dinard,DNR|LFRD,48.587683,-2.079958,Europe/Paris,120,UTC+02:00
AU,Tangalooma,Tangalooma,KTAN|TAN,41.8744017,-71.0166453,Australia/Brisbane,600,UTC+10:00
DE,Heringsdorf,Heringsdorf,EDAH|HDF,53.878706,14.152347,Europe/Berlin,120,UTC+02:00
CN,Dalian,Dalian,DLC|ZYTL,38.965667,121.5386,Asia/Shanghai,480,UTC+08:00
AR,Mar Del Plata,Mar Del Plata,MDQ|SAZM,-37.934167,-57.573333,America/Argentina/Buenos_Aires,-180,UTC-03:00
FR,Epinal,Epinal,EPL|LFSG,48.324961,6.069983,Europe/Paris,120,UTC+02:00
GA,Makokou,Makokou,FOOK|MKU,0.579211,12.890908,Africa/Libreville,60,UTC+01:00
IN,Cooch Behar,Cooch Behar,COH|VECO,26.330508,89.467203,Asia/Kolkata,330,UTC+05:30
MW,Karonga,Karonga,FWKA|KGJ,-9.953569,33.893022,Africa/Blantyre,120,UTC+02:00
AU,Temora,Temora,TEM|YTEM,-34.4248,147.5104,Australia/Sydney,600,UTC+10:00
US,"Ketchikan, Alaska","Ketchikan, Alaska",KTN|PAKT|WFB,55.355556,-131.71375,America/Sitka,-480,UTC-08:00
GA,Gamba,Gamba,GAX,-2.71016,9.96062,Africa/Niamey,60,UTC+01:00
ET,Dessie,Dessie,DSE|HADC,11.0825,39.7114,Africa/Addis_Ababa,180,UTC+03:00
RU,Dikson,Dikson,DKS|UODD,73.517807,80.379669,Asia/Krasnoyarsk,420,UTC+07:00
AU,Sydney,Sydney,BWU|RSE|SWZ|SYD|YSBK|YSSY,-33.946111,151.177222,Australia/Sydney,600,UTC+10:00
GR,Thessaloniki,Thessaloniki,LGTS|SKG,40.519725,22.97095,Europe/Athens,180,UTC+03:00
US,"Waikoloa, Hawaii","Waikoloa, Hawaii",HI07|WKL,19.9136,-155.864,Pacific/Honolulu,-600,UTC-10:00
US,"Fort Richardson, Alaska","Fort Richardson, Alaska",FRN|PAFR,61.266381,-149.653119,America/Anchorage,-480,UTC-08:00
TR,Zonguldak,Zonguldak,LTAS|ONQ,41.506111,32.088611,Europe/Istanbul,180,UTC+03:00
US,"Morgantown, West Virginia","Morgantown, West Virginia",KMGW|MGW,39.642908,-79.916314,America/New_York,-240,UTC-04:00
ES,Valverde,Valverde,GCHI|VDE,27.814847,-17.887056,Atlantic/Canary,60,UTC+01:00
CA,Saint Jean,Saint Jean,CYJN|YJN,45.294445,-73.281111,America/Montreal,-240,UTC-04:00
AU,Injune,Injune,INJ|KINJ,32.083486,-97.097228,Australia/Brisbane,600,UTC+10:00
DE,Norderney,Norderney,EDWY|NRD,53.706822,7.230247,Europe/Berlin,120,UTC+02:00
US,"Fallon, Nevada","Fallon, Nevada",KNFL|NFL,39.416584,-118.70098,America/Los_Angeles,-420,UTC-07:00
SD,Wadi Halfa,Wadi Halfa,HSSW|WHF,21.800278,31.516389,Africa/Khartoum,120,UTC+02:00
US,"Stowe, Vermont","Stowe, Vermont",KMVL|MVL,44.535,-72.614,America/New_York,-240,UTC-04:00
GR,Pyrgos,Pyrgos,LGAD|PYR,37.920708,21.292583,Europe/Athens,180,UTC+03:00
PL,Lodz,Lodz,EPLL|LCJ,51.721881,19.398133,Europe/Warsaw,120,UTC+02:00
US,"Yankton, South Dakota","Yankton, South Dakota",KYKN|YKN,42.8711,-97.3969,America/Merida,-360,UTC-06:00
CN,Hami,Hami,HMI|ZWHM,42.8414,93.6692,Asia/Urumqi,360,UTC+06:00
US,"Salisbury, Maryland","Salisbury, Maryland",KSBY|SBY,38.340525,-75.510289,America/New_York,-240,UTC-04:00
US,"Truckee, CA","Truckee, CA",KTRK|TKF,39.3200422,-120.1395628,America/Vancouver,-420,UTC-07:00
MX,Tamuin,Tamuin,MMTN|TSL,22.038292,-98.806503,America/Mexico_City,-360,UTC-06:00
ML,Nioro,Nioro,NIX,15.23333,-9.35,Africa/Bamako,0,UTC+00:00
US,"Niagara Falls, New York","Niagara Falls, New York",EAG|IAG|KIAG,43.107333,-78.946194,America/New_York,-240,UTC-04:00
IN,Kulu,Kulu,KUU|VIBR,31.876706,77.154367,Asia/Kolkata,330,UTC+05:30
IS,Bildudalur,Bildudalur,BIBD|BIU,65.641389,-23.546111,Atlantic/Reykjavik,0,UTC+00:00
PH,Tuguegarao,Tuguegarao,RPUT|TUG,17.638311,121.730614,Asia/Manila,480,UTC+08:00
US,"Dover Cheswold, Delaware","Dover Cheswold, Delaware",DOV|KDOV,39.129539,-75.465958,America/New_York,-240,UTC-04:00
BR,Sao Felix Do Arag,Sao Felix Do Arag,SWFX|SXO,-11.6325,-50.689444,America/Cuiaba,-240,UTC-04:00
VN,Dalat,Dalat,DLI|VVDL,11.75,108.367,Asia/Ho_Chi_Minh,420,UTC+07:00
CA,Marys Harbour,Marys Harbour,CYMH|YMH,52.3028,-55.8472,America/St_Johns,-150,UTC-02:30
CA,Tulita Fort Norman,Tulita Fort Norman,CZFN|ZFN,64.0833333,-125.5833333,America/Yellowknife,-360,UTC-06:00
CG,Pointe Noire,Pointe Noire,FCPP|PNR,-4.816028,11.886597,Africa/Brazzaville,60,UTC+01:00
US,"Lumberton, North Carolina","Lumberton, North Carolina",KLBT|LBT,34.6098056,-79.0595556,America/Montreal,-240,UTC-04:00
US,"Fort Myers, Florida","Fort Myers, Florida",FMY|KFMY|KRSW|RSW,26.586611,-81.86325,America/New_York,-240,UTC-04:00
CA,Earlton,Earlton,CYXR|YXR,47.695,-79.848889,America/Toronto,-240,UTC-04:00
IT,Albenga,Albenga,ALL|LIMG,44.050608,8.127428,Europe/Rome,120,UTC+02:00
BR,Barra Do Garcas,Barra Do Garcas,BPG,-15.86134,-52.38889,America/Cuiaba,-240,UTC-04:00
KR,Gangneung,Gangneung,KAG|RKNN,37.753561,128.943625,Asia/Seoul,540,UTC+09:00
AU,Brisbane,Brisbane,BNE|YBBN,-27.384167,153.1175,Australia/Brisbane,600,UTC+10:00
AO,Uige,Uige,FNUG|UGO,-7.603067,15.027822,Africa/Luanda,60,UTC+01:00
AU,Adelaide,Adelaide,ADL|YPAD,-34.945,138.530556,Australia/Adelaide,570,UTC+09:30
CN,Karamay,Karamay,KRY|ZWKM,45.617,84.883,Asia/Urumqi,360,UTC+06:00
RU,Stariy Oskol,Stariy Oskol,UUOS,51.3238572,37.766584,Europe/Moscow,180,UTC+03:00
CN,Hengyang,Hengyang,HNY,26.9053,112.628,Asia/Shanghai,480,UTC+08:00
PL,Wroclaw,Wroclaw,EPWR|WRO,51.102683,16.885836,Europe/Warsaw,120,UTC+02:00
DE,Goeppingen,Goeppingen,ZES,51.451389,7.013889,Europe/Monaco,120,UTC+02:00
ID,Gunungsitoli,Gunungsitoli,GNS|WIMB,1.166381,97.704681,Asia/Jakarta,420,UTC+07:00
US,"Grayling, Alaska","Grayling, Alaska",KGX,62.894444,-160.065,America/Anchorage,-480,UTC-08:00
CA,Port Hardy,Port Hardy,CYZT|YZT,50.680556,-127.366667,America/Vancouver,-420,UTC-07:00
RU,Balakovo,Balakovo,BWO|UWSB,51.8583,47.7456,Europe/Volgograd,180,UTC+03:00
CA,Lethbridge,Lethbridge,CYQL|YQL,49.630278,-112.799722,America/Edmonton,-360,UTC-06:00
FR,Courchevel,Courchevel,CVF|LFLJ,45.3967,6.63472,Europe/Paris,120,UTC+02:00
AU,Kempsey,Kempsey,KPS,-31.0744,152.77,Australia/Sydney,600,UTC+10:00
AU,Bathurst Island,Bathurst Island,BRT|YBTI,-11.769167,130.619722,Australia/Darwin,570,UTC+09:30
SO,Hargeisa,Hargeisa,HCMH|HGA,9.518167,44.088758,Africa/Mogadishu,180,UTC+03:00
CA,Pelly Bay,Pelly Bay,CYBB|YBB|YUF,68.534444,-89.808056,America/Cambridge_Bay,-360,UTC-06:00
AU,Murray Island,Murray Island,MYI|YMUI,-9.91667,144.055,Australia/Brisbane,600,UTC+10:00
AZ,Lankaran,Lankaran,LLK|UBBL,38.746389,48.817778,Asia/Baku,240,UTC+04:00
US,"Bedford/Hanscom, Massachusetts","Bedford/Hanscom, Massachusetts",BED|KBED,42.469953,-71.289031,America/New_York,-240,UTC-04:00
US,"Kongiganak, Alaska","Kongiganak, Alaska",KKH|PADY,59.960833,-162.881111,America/Nome,-480,UTC-08:00
MR,Tidjikja,Tidjikja,GQND|TIY,18.570103,-11.423547,Africa/Nouakchott,0,UTC+00:00
US,"Muncie, Indiana","Muncie, Indiana",MIE,40.2424722,-85.39575,America/Indiana/Indianapolis,-240,UTC-04:00
DE,Nurnberg,Nurnberg,EDDN|NUE|ZAQ,49.4987,11.066897,Europe/Berlin,120,UTC+02:00
CN,Fuyang,Fuyang,FUG|ZSFY,32.9,115.816667,Asia/Shanghai,480,UTC+08:00
AO,N Zeto,N Zeto,ARZ,-7.25944,12.8631,Africa/Luanda,60,UTC+01:00
JP,Beppu,Beppu,BPU,33.3,131.5333,Asia/Tokyo,540,UTC+09:00
BO,Santa Ana,Santa Ana,SBL,-13.76221,-65.43516,America/La_Paz,-240,UTC-04:00
MY,Pamol,Pamol,PAY,5.9993,117.39992,Asia/Kuching,480,UTC+08:00
DZ,Bechar,Bechar,CBH|DAOR,31.6457,-2.26986,Africa/Algiers,60,UTC+01:00
NP,Dhangarhi,Dhangarhi,DHI|VNDH,28.753333,80.581944,Asia/Kathmandu,345,UTC+05:45
FR,Toulon,Toulon,LFTH|TLN,43.0973,6.14603,Europe/Paris,120,UTC+02:00
US,"Anvik, Alaska","Anvik, Alaska",ANV|PANV,62.6467,-160.191,America/Anchorage,-480,UTC-08:00
NG,Ibadan,Ibadan,DNIB|IBA,7.362458,3.978333,Africa/Lagos,60,UTC+01:00
FI,Mariehamn,Mariehamn,EFMA|MHQ,60.122203,19.898156,Europe/Mariehamn,180,UTC+03:00
CM,Mamfe,Mamfe,MMF,5.71667,9.28333,Africa/Douala,60,UTC+01:00
BR,Ipiranga,Ipiranga,IPG,-2.93907,-69.694,America/Manaus,-240,UTC-04:00
AU,King Island,King Island,KNS|YKII,-39.8775,143.878,Australia/Currie,600,UTC+10:00
US,"Yakutat, Alaska","Yakutat, Alaska",PAYA|YAK,59.3012,-139.3937,America/Yakutat,-480,UTC-08:00
US,"San Jose, CA","San Jose, CA",KSJC|RHV|SJC,37.3626,-121.929022,America/Los_Angeles,-420,UTC-07:00
US,"Brownsville, Texas","Brownsville, Texas",BRO|KBRO,25.906833,-97.425861,America/Chicago,-300,UTC-05:00
GR,Heraklion,Heraklion,HER|LGIR,35.339719,25.180297,Europe/Athens,180,UTC+03:00
MY,Limbang,Limbang,LMN|WBGJ,4.808303,115.010439,Asia/Kuching,480,UTC+08:00
BO,Yacuiba,Yacuiba,BYC|SLYA,-21.960925,-63.651669,America/La_Paz,-240,UTC-04:00
PG,Anguganak,Anguganak,AKG,-3.5928,142.25452,Asia/Vladivostok,600,UTC+10:00
PK,Pasni,Pasni,OPPI|PSI,25.290487,63.345083,Asia/Karachi,300,UTC+05:00
PF,Rangiroa,Rangiroa,NTTG|RGI,-14.954283,-147.6608,Pacific/Tahiti,-600,UTC-10:00
BR,Sao Gabriel,Sao Gabriel,SJL,-0.148056,-66.9858,America/Manaus,-240,UTC-04:00
US,"State College, PA","State College, PA",KUNV|SCE,40.849278,-77.848694,America/New_York,-240,UTC-04:00
AR,Paso De Los Libres,Paso De Los Libres,AOL|SARL,-29.689425,-57.152078,America/Argentina/Cordoba,-180,UTC-03:00
FR,Chateauroux,Chateauroux,CHR|LFLX,46.862194,1.730667,Europe/Paris,120,UTC+02:00
BS,Chub Cay,Chub Cay,CCZ|MYBC,25.417108,-77.88085,America/Nassau,-240,UTC-04:00
CA,La Ronge,La Ronge,CYVC|YVC,55.15139,-105.261944,America/Regina,-360,UTC-06:00
MZ,Quelimane,Quelimane,FQQL|UEL,-17.8555,36.869106,Africa/Maputo,120,UTC+02:00
FJ,Malololailai,Malololailai,NFFO|PTF,-17.7779,177.197,Pacific/Fiji,720,UTC+12:00
CO,Apartado,Apartado,APO,7.033,-77.2,America/Bogota,-300,UTC-05:00
GB,Brize Norton,Brize Norton,BZZ|EGVN,51.749964,-1.583617,Europe/London,60,UTC+01:00
MX,Ciudad Victoria,Ciudad Victoria,CVM|MMCV,23.703336,-98.956486,America/Monterrey,-360,UTC-06:00
GB,Fairford,Fairford,EGVA|FFD,51.682167,-1.790028,Europe/London,60,UTC+01:00
VE,Puerto Cabello,Puerto Cabello,PBL|SVPC,10.4805,-68.073025,America/Caracas,-240,UTC-04:00
JP,Aguni,Aguni,AGJ|RORA,26.592778,127.240278,Asia/Tokyo,540,UTC+09:00
ID,Sarmi,Sarmi,ZRM,0.0,0.0,Asia/Jayapura,540,UTC+09:00
US,"Grand Island, Nebraska","Grand Island, Nebraska",GRI|KGRI,40.9675,-98.3096,America/Chicago,-300,UTC-05:00
US,"Klawock, Alaska","Klawock, Alaska",AQC|KLW|PAKW|PAQC,55.579167,-133.076111,America/Sitka,-480,UTC-08:00
GY,Lethem,Lethem,LTM|SYLT,3.372761,-59.789439,America/Guyana,-240,UTC-04:00
MZ,Nampula,Nampula,APL|FQNP,-15.105611,39.2818,Africa/Maputo,120,UTC+02:00
HN,Tegucigalpa,Tegucigalpa,MHTG|TGU|XPL,14.060883,-87.217197,America/Tegucigalpa,-360,UTC-06:00
AR,Las Heras,Las Heras,LHS|SAVH,-46.533056,-68.951111,America/Argentina/Rio_Gallegos,-180,UTC-03:00
ID,Namlea,Namlea,NAM,-3.25,127.08333,Asia/Jayapura,540,UTC+09:00
DE,Rosenheim,Rosenheim,ZPR,0.0,0.0,Europe/Berlin,120,UTC+02:00
FR,Auxerre,Auxerre,AUF|LFLA,47.850193,3.497111,Europe/Paris,120,UTC+02:00
AF,Maimana,Maimana,MMZ|OAMN,35.930789,64.760917,Asia/Kabul,270,UTC+04:30
DZ,In Amenas,In Amenas,DAUZ|IAM,28.05155,9.642911,Africa/Algiers,60,UTC+01:00
MG,Analalava,Analalava,FMNL|HVA,-14.629694,47.763783,Indian/Antananarivo,180,UTC+03:00
CN,Yancheng,Yancheng,YNZ|ZSYN,33.3856,120.125,Asia/Shanghai,480,UTC+08:00
CD,Kalemie,Kalemie,FMI|FZRF,-5.875556,29.25,Africa/Lubumbashi,120,UTC+02:00
JP,Toyooka,Toyooka,RJBT|TJH,35.512778,134.786944,Asia/Tokyo,540,UTC+09:00
LA,Xieng Khouang,Xieng Khouang,VLXK|XKH,19.449997,103.158333,Asia/Vientiane,420,UTC+07:00
BQ,Bonaire,Bonaire,BON|TNCB,12.131044,-68.268511,America/Kralendijk,-240,UTC-04:00
SA,Taif,Taif,OETF|TIF,21.483418,40.544334,Asia/Riyadh,180,UTC+03:00
MH,Jaluit Island,Jaluit Island,N55|UIT,5.90924,169.637,Pacific/Wallis,720,UTC+12:00
KH,Battambang,Battambang,BBM|VDBG,13.0956,103.224,Asia/Phnom_Penh,420,UTC+07:00
AR,Tucuman,Tucuman,SANT|TUC,-26.840861,-65.104944,America/Argentina/Tucuman,-180,UTC-03:00
BR,Mossoro,Mossoro,MVF|SBMW,-5.20192,-37.3643,America/Fortaleza,-180,UTC-03:00
US,"Cross City, Florida","Cross City, Florida",CTY|KCTY,29.6355278,-83.10475,America/New_York,-240,UTC-04:00
MG,Andapa,Andapa,FMND|ZWA,-14.651667,49.620556,Indian/Antananarivo,180,UTC+03:00
US,"El Dorado, Arkansas","El Dorado, Arkansas",ELD|KELD,33.220972,-92.813278,America/Chicago,-300,UTC-05:00
US,"Seward, Alaska","Seward, Alaska",SWD,60.1269383,-149.4188122,America/Anchorage,-480,UTC-08:00
MX,Ciudad Obregon,Ciudad Obregon,CEN|MMCN,27.392639,-109.833111,America/Hermosillo,-420,UTC-07:00
BW,Jwaneng,Jwaneng,FBJW|JWA,-24.602333,24.690971,Africa/Gaborone,120,UTC+02:00
SN,Matam,Matam,GOSM|MAX,15.593611,-13.322778,Africa/Dakar,0,UTC+00:00
US,"Ironwood, MI","Ironwood, MI",IWD,46.5274747,-90.1313967,America/Menominee,-300,UTC-05:00
US,"Logan, Utah","Logan, Utah",KLGU|LGU,41.791,-111.852,America/Denver,-360,UTC-06:00
LY,Sert,Sert,HLGD|SRX,31.0635,16.595,Africa/Tripoli,120,UTC+02:00
ID,Larantuka,Larantuka,LKA,-8.26667,122.96667,America/Metlakatla,-480,UTC-08:00
CA,Marathon,Marathon,CYSP|YSP,48.755278,-86.344444,America/Toronto,-240,UTC-04:00
IT,Pescara,Pescara,LIBP|PSR|PXC,42.431656,14.181067,Europe/Rome,120,UTC+02:00
CN,Lanzhou,Lanzhou,LHW|ZLAN,36.5045272,103.6154362,Asia/Chongqing,480,UTC+08:00
VE,Guiria,Guiria,GUI|SVGI,10.574078,-62.312667,America/Caracas,-240,UTC-04:00
US,"Worcester, MA","Worcester, MA",KORH|ORH,42.2673,-71.8757,America/New_York,-240,UTC-04:00
FR,Marseille,Marseille,LFML|MRS|XRF,43.435555,5.213611,Europe/Paris,120,UTC+02:00
US,"Immokalee, Florida","Immokalee, Florida",IMM|KIMM,26.433889,-81.401389,America/New_York,-240,UTC-04:00
AU,Brewarrina,Brewarrina,BWQ,-29.9739,146.817,Australia/Sydney,600,UTC+10:00
MW,Blantyre,Blantyre,BLZ|FWCL,-15.679053,34.974014,Africa/Blantyre,120,UTC+02:00
DE,Stuttgart,Stuttgart,EDDS|STR|ZWS,48.689878,9.221964,Europe/Berlin,120,UTC+02:00
IE,Cork,Cork,EICK|ORK,51.841269,-8.491111,Europe/Dublin,60,UTC+01:00
GB,Farnborough,Farnborough,EGLF|FAB,51.275833,-0.776333,Europe/London,60,UTC+01:00
CA,Saint Anthony,Saint Anthony,CYAY|YAY,51.391944,-56.083056,America/St_Johns,-150,UTC-02:30
US,"Kalispell, Montana","Kalispell, Montana",FCA|KFCA,48.310472,-114.256,America/Denver,-360,UTC-06:00
CU,Moa,Moa,MOA|MUMO,20.654114,-74.922114,America/Havana,-240,UTC-04:00
CA,Rocky Mountain Ho,Rocky Mountain Ho,CYRM|YRM,52.429722,-114.904167,America/Edmonton,-360,UTC-06:00
IR,Bandar Mahshahr,Bandar Mahshahr,MRX|OIAM,30.556192,49.151879,Asia/Tehran,210,UTC+03:30
US,"Whale Pass, Alaska","Whale Pass, Alaska",WWP,56.116389,-133.121667,America/Anchorage,-480,UTC-08:00
ER,Assab,Assab,ASA|HHSB,13.071783,42.645006,Africa/Asmara,180,UTC+03:00
AR,Viedma,Viedma,SAVV|VDM,-40.869222,-63.000389,America/Argentina/Salta,-180,UTC-03:00
IT,Rome,Rome,CIA|FCO|IRT|LIRA|LIRF|XRJ,41.799361,12.594936,Europe/Rome,120,UTC+02:00
US,"Duluth, MN","Duluth, MN",DLH|KDLH,46.842091,-92.193649,America/Chicago,-300,UTC-05:00
JP,Akita,Akita,AXT|RJSK,39.615556,140.218611,Asia/Tokyo,540,UTC+09:00
US,"Huron, South Dakota","Huron, South Dakota",HON|KHON,44.3852,-98.228542,America/Chicago,-300,UTC-05:00
MA,Agadir,Agadir,AGA|GMAA,30.381353,-9.546311,Africa/Casablanca,60,UTC+01:00
ZW,Harare,Harare,FVHA|HRE,-17.931806,31.092847,Africa/Harare,120,UTC+02:00
JP,Miyake Jima,Miyake Jima,MYE|RJTQ,34.0736,139.56,Asia/Tokyo,540,UTC+09:00
CA,Pond Inlet,Pond Inlet,CYIO|YIO,72.683334,-77.966667,America/Iqaluit,-240,UTC-04:00
PY,Fuerte Olimpo,Fuerte Olimpo,OLK,-21.0452,-57.8825,America/Halifax,-180,UTC-03:00
SC,Desroches,Desroches,DES|FSDR,-5.696697,53.655844,Indian/Mahe,240,UTC+04:00
AU,Griffith,Griffith,GFF|YGTH,-34.2508,146.067,Australia/Sydney,600,UTC+10:00
ZA,Umtata,Umtata,FAUT|UTT,-31.547903,28.674289,Africa/Johannesburg,120,UTC+02:00
US,"Houlton, Maine","Houlton, Maine",HUL|KHUL,46.123083,-67.792056,America/New_York,-240,UTC-04:00
US,"Galveston, Texas","Galveston, Texas",GLS|KGLS,29.265322,-94.860406,America/Chicago,-300,UTC-05:00
BR,Joinville,Joinville,JOI|SBJV,-26.224453,-48.797364,America/Sao_Paulo,-180,UTC-03:00
SR,Nieuw Nickerie,Nieuw Nickerie,ICK|SMNI,5.955556,-57.039444,America/Paramaribo,-180,UTC-03:00
CO,Magangue,Magangue,MGN|SKMG,9.284739,-74.846092,America/Bogota,-300,UTC-05:00
AS,Tau,Tau,TAV,-14.22917,-169.51111,Pacific/Midway,-660,UTC-11:00
FR,Figari,Figari,FSC|LFKF,41.500557,9.097777,Europe/Paris,120,UTC+02:00
AU,Lismore,Lismore,LSY|YLIS,-28.8303,153.26,Australia/Sydney,600,UTC+10:00
MY,Belaga,Belaga,BLG|WBGC,2.65,113.767,Asia/Kuching,480,UTC+08:00
CA,Tasiujuaq,Tasiujuaq,CYTQ|YTQ,58.6678,-69.9558,America/Montreal,-240,UTC-04:00
YT,Dzaoudzi,Dzaoudzi,DZA|FMCZ,-12.804722,45.281113,Indian/Mayotte,180,UTC+03:00
RU,Izhevsk,Izhevsk,IJK|USII,56.8281,53.4575,Europe/Samara,240,UTC+04:00
US,"Togiak Village, Alaska","Togiak Village, Alaska",PATG|TOG,59.0528,-160.397,America/Anchorage,-480,UTC-08:00
GB,Guernsey,Guernsey,EGJB|GCI,49.434956,-2.601969,Europe/Guernsey,60,UTC+01:00
AO,Cabinda,Cabinda,CAB|FNCA,-5.596992,12.188353,Africa/Luanda,60,UTC+01:00
ID,Denpasar Bali,Denpasar Bali,DPS|WADD,-8.748169,115.167172,Asia/Makassar,480,UTC+08:00
EE,Tartu,Tartu,EETU|TAY,58.307461,26.690428,Europe/Tallinn,180,UTC+03:00
US,"Winston Salem, North Carolina","Winston Salem, North Carolina",INT|KINT,36.133722,-80.222,America/New_York,-240,UTC-04:00
DE,Hof,Hof,EDQM|HOQ,50.288836,11.854919,Europe/Berlin,120,UTC+02:00
DE,Karlsruhe,Karlsruhe,EDSB|FKB|KJR|XET|ZCC,48.7793,8.08048,Europe/Berlin,120,UTC+02:00
GB,Holyhead,Holyhead,EGOV|HLY,53.248097,-4.535339,Africa/Casablanca,60,UTC+01:00
BO,San Borja,San Borja,SLSB|SRJ,-14.8592,-66.7375,America/La_Paz,-240,UTC-04:00
MG,Ambilobe,Ambilobe,AMB|FMNE,-13.188431,48.987978,Indian/Antananarivo,180,UTC+03:00
AU,Maitland,Maitland,MTL|YMND,-32.7033,151.488,Australia/Sydney,600,UTC+10:00
MG,Mananjary,Mananjary,FMSM|MNJ,-21.201772,48.358317,Indian/Antananarivo,180,UTC+03:00
PG,Wapenamanda,Wapenamanda,AYWD|WBM,-5.6433,143.895,Pacific/Port_Moresby,600,UTC+10:00
MG,Antsiranana,Antsiranana,DIE|FMNA,-12.3494,49.291747,Indian/Antananarivo,180,UTC+03:00
GB,York,York,QQY,53.9583,-1.093,Europe/London,60,UTC+01:00
IN,Pune,Pune,PNQ|VAPO,18.582111,73.919697,Asia/Kolkata,330,UTC+05:30
ID,Bajawa,Bajawa,BJW,0.0,0.0,Asia/Makassar,480,UTC+08:00
FI,Kemi Tornio,Kemi Tornio,EFKE|KEM,65.781889,24.5991,Europe/Helsinki,180,UTC+03:00
US,"Diomede Island, Alaska","Diomede Island, Alaska",DIO,0.0,0.0,America/Anchorage,-480,UTC-08:00
AU,Lizard Island,Lizard Island,LZR|YLZI,-14.673056,145.454444,Australia/Brisbane,600,UTC+10:00
US,"Hutchinson, Kansas","Hutchinson, Kansas",HUT|KHUT,38.0655,-97.8606,America/Chicago,-300,UTC-05:00
MY,Langkawi,Langkawi,LGK|WMKL,6.329728,99.728667,Asia/Kuala_Lumpur,480,UTC+08:00
CU,Santiago,Santiago,MUCU|SCU,19.969769,-75.835414,America/Havana,-240,UTC-04:00
CM,Bertoua,Bertoua,BTA,4.54861,13.7261,Africa/Douala,60,UTC+01:00
US,"Cedar Rapids, Iowa","Cedar Rapids, Iowa",CID|KCID,41.884694,-91.710806,America/Chicago,-300,UTC-05:00
AR,Malargue,Malargue,LGS|SAMM,-35.493597,-69.574267,America/Argentina/Mendoza,-180,UTC-03:00
AU,Coonabarabran,Coonabarabran,COJ,-31.3325,149.267,Australia/Sydney,600,UTC+10:00
US,"Arctic Village, Alaska","Arctic Village, Alaska",ARC|PARC,68.1147,-145.579,America/Anchorage,-480,UTC-08:00
DE,Koblenz,Koblenz,EDRK|ZNV,50.3255,7.528667,Europe/Monaco,120,UTC+02:00
CO,Barranquilla,Barranquilla,BAQ|SKBQ,10.889589,-74.780819,America/Bogota,-300,UTC-05:00
US,"Kitoi Bay, Alaska","Kitoi Bay, Alaska",KKB,58.190833,-152.370556,America/Anchorage,-480,UTC-08:00
US,"Hattiesburg, Mississipi","Hattiesburg, Mississipi",HBG|KHBG,31.2649444,-89.2528889,America/Resolute,-300,UTC-05:00
IN,Nagpur,Nagpur,NAG|VANP,21.092192,79.047183,Asia/Kolkata,330,UTC+05:30
SY,Damascus,Damascus,DAM|OSDI,33.410636,36.514267,Asia/Damascus,180,UTC+03:00
US,"False Pass, Alaska","False Pass, Alaska",KFP|PAKF,54.8475,-163.410278,America/Nome,-480,UTC-08:00
HU,Gyor,Gyor,LHPR|QGY,47.627097,17.808347,Europe/Monaco,120,UTC+02:00
CO,Mitu,Mitu,MVP|SKMU,1.253664,-70.233878,America/Bogota,-300,UTC-05:00
BR,Pocos De Caldas,Pocos De Caldas,POO|SBPC,-21.843014,-46.567917,America/Sao_Paulo,-180,UTC-03:00
ET,Indaselassie,Indaselassie,SHC,14.0781,38.2725,Asia/Kuwait,180,UTC+03:00
US,"Moses Point, Alaska","Moses Point, Alaska",MARO|MOS,47.777,10.623,America/Anchorage,-480,UTC-08:00
US,"Columbus, Ohio","Columbus, Ohio",CMH|KCMH|KLCK|KOSU|LCK|OSU,39.997972,-82.891889,America/New_York,-240,UTC-04:00
EE,Kuressaare,Kuressaare,EEKE|URE,58.229883,22.509494,Europe/Tallinn,180,UTC+03:00
TH,Chiang Rai,Chiang Rai,CEI|VTCT,19.952342,99.882928,Asia/Bangkok,420,UTC+07:00
ID,Enarotali,Enarotali,EWI,-3.91667,136.36667,Asia/Jayapura,540,UTC+09:00
ID,Bima,Bima,BMU|WADB,-8.539647,118.687322,Asia/Makassar,480,UTC+08:00
KE,Amboseli,Amboseli,ASV|HKAM,-2.64505,37.2531,Africa/Nairobi,180,UTC+03:00
CO,Pasto,Pasto,PSO|SKPS,1.396247,-77.291478,America/Bogota,-300,UTC-05:00
US,"Delta Junction, Alaska","Delta Junction, Alaska",DJN,64.05187,-145.72975,America/Anchorage,-480,UTC-08:00
MG,Fianarantsoa,Fianarantsoa,FMSF|WFI,-21.441558,47.111736,Indian/Antananarivo,180,UTC+03:00
PA,Puerto Obaldia,Puerto Obaldia,MPOA|PUE,8.68333,-77.5333,America/Panama,-300,UTC-05:00
NI,Siuna,Siuna,MNSI|SIU,13.716667,-84.776944,America/Managua,-360,UTC-06:00
ID,Apalapsili,Apalapsili,AAS,-3.91667,139.25,Asia/Jayapura,540,UTC+09:00
CA,Eureka,Eureka,CYEU|YEU,79.994722,-85.814167,America/Rankin_Inlet,-300,UTC-05:00
US,"Canton Akron, Ohio","Canton Akron, Ohio",AKC|CAK|KAKR|KCAK,40.9160833,-81.4421944,America/New_York,-240,UTC-04:00
AR,Chos Malal,Chos Malal,HOS,0.0,0.0,America/Argentina/Salta,-180,UTC-03:00
US,"Nogales, Arizona","Nogales, Arizona",KOLS|OLS,31.417722,-110.84789,America/Phoenix,-420,UTC-07:00
RU,Kaliningrad,Kaliningrad,KGD|UMKK,54.89005,20.592633,Europe/Kaliningrad,120,UTC+02:00
AU,Wollongong,Wollongong,WOL|YWOL,-34.5611,150.789,Australia/Sydney,600,UTC+10:00
IN,Vishakhapatnam,Vishakhapatnam,VEVZ|VTZ,17.721167,83.224483,Asia/Kolkata,330,UTC+05:30
ES,Lanzarote,Lanzarote,ACE|GCRR,28.945464,-13.605225,Atlantic/Canary,60,UTC+01:00
MG,Ankavandra,Ankavandra,FMMK|JVA,-18.8,45.283,Indian/Antananarivo,180,UTC+03:00
US,"Dubuque, Iowa","Dubuque, Iowa",DBQ|KDBQ,42.402,-90.709472,America/Chicago,-300,UTC-05:00
DE,Paderborn,Paderborn,EDLP|PAD,51.614089,8.616317,Europe/Berlin,120,UTC+02:00
PG,Bialla,Bialla,BAA,0.0,0.0,Asia/Vladivostok,600,UTC+10:00
US,"Westsound, Washington","Westsound, Washington",WSX,48.617778,-122.952778,America/Los_Angeles,-420,UTC-07:00
US,"Bemidji, Minnesota","Bemidji, Minnesota",BJI|KBJI,47.510722,-94.934722,America/Chicago,-300,UTC-05:00
ID,Kokonao,Kokonao,KOLN|KOX,50.9425,6.958056,Asia/Jayapura,540,UTC+09:00
GB,Plymouth,Plymouth,EGHD|PLH,50.422778,-4.105833,Europe/London,60,UTC+01:00
LK,Jaffna,Jaffna,JAF|VCCJ,9.792331,80.070089,Asia/Colombo,330,UTC+05:30
US,"Fergus Falls, MN","Fergus Falls, MN",FFM,46.28413,-96.15701,America/Chicago,-300,UTC-05:00
GB,Reading,Reading,XRE,0.0,0.0,Africa/Casablanca,60,UTC+01:00
PL,Katowice,Katowice,EPKT|KTW,50.474253,19.080019,Europe/Warsaw,120,UTC+02:00
CA,Arviat,Arviat,CYEK|YEK,61.094166,-94.070833,America/Rankin_Inlet,-300,UTC-05:00
PG,Itokama,Itokama,ITK,-9.2,148.25,Asia/Vladivostok,600,UTC+10:00
CO,Caquetania,Caquetania,CQT,0.0,0.0,America/Cayman,-300,UTC-05:00
IN,Nashik,Nashik,ISK|VANR,19.963739,73.807644,Asia/Kolkata,330,UTC+05:30
BA,Banja Luka,Banja Luka,BNX|LQBK,44.941444,17.297501,Europe/Sarajevo,120,UTC+02:00
US,"Okeechobee, Florida","Okeechobee, Florida",KOBE|OBE,27.265833,-80.851111,America/New_York,-240,UTC-04:00
US,"Alpine, Texas","Alpine, Texas",ALE,30.38723,-103.67898,America/Indiana/Indianapolis,-240,UTC-04:00
US,"Spokane, Washington","Spokane, Washington",GEG|KGEG|KSFF|KSKA|SFF|SKA,47.619861,-117.533833,America/Los_Angeles,-420,UTC-07:00
RU,Cherskiy,Cherskiy,CYX|UESS,68.7406,161.338,Asia/Magadan,660,UTC+11:00
CA,Sandy Lake,Sandy Lake,CZSJ|ZSJ,53.0642,-93.3444,America/Winnipeg,-300,UTC-05:00
TR,Izmir,Izmir,ADB|IGL|IZM|LTBJ|LTBL,0.0,0.0,Europe/Istanbul,180,UTC+03:00
CG,Loubomo,Loubomo,DIS|FCPL,-4.2,12.7,Africa/Brazzaville,60,UTC+01:00
US,"Paducah, Kentucky","Paducah, Kentucky",KPAH|PAH,37.0602875,-88.7729583,America/Chicago,-300,UTC-05:00
CA,Attawapiskat,Attawapiskat,CYAT|YAT,52.9275,-82.4319,America/Toronto,-240,UTC-04:00
EC,Tulcan,Tulcan,SETU|TUA,0.809506,-77.708056,America/Guayaquil,-300,UTC-05:00
CN,Urumqi,Urumqi,URC|ZWWW,43.907106,87.474244,Asia/Urumqi,360,UTC+06:00
US,"Kansas City, Missouri","Kansas City, Missouri",KMCI|KMKC|MCI|MKC,39.1275,-94.598889,America/Chicago,-300,UTC-05:00
US,"Borrego Springs, California","Borrego Springs, California",BXS|KBXS,33.2590278,-116.3209722,America/Los_Angeles,-420,UTC-07:00
US,"Prescott, AZ","Prescott, AZ",KPRC|PRC,34.654472,-112.419583,America/Phoenix,-420,UTC-07:00
CN,Yan an,Yan an,ENY|ZLYA,36.6369,109.554,Asia/Chongqing,480,UTC+08:00
US,"Millinocket, Maine","Millinocket, Maine",KMLT|MLT,45.647836,-68.685561,America/New_York,-240,UTC-04:00
AO,Xangongo,Xangongo,FNXA|XGN,-16.755417,14.965344,Africa/Luanda,60,UTC+01:00
PG,Jacquinot Bay,Jacquinot Bay,JAQ,-5.6525,151.507,Asia/Vladivostok,600,UTC+10:00
DE,Schwerin,Schwerin,EDOP|SZW,53.426997,11.783436,Europe/Berlin,120,UTC+02:00
PK,Jiwani,Jiwani,JIW|OPJI,25.0678,61.8054,Asia/Karachi,300,UTC+05:00
US,"Des Moines, Iowa","Des Moines, Iowa",DSM|KDSM,41.533972,-93.663083,America/Chicago,-300,UTC-05:00
ID,Kotabaru,Kotabaru,KBU|WRBK,-3.29472,116.165,Asia/Makassar,480,UTC+08:00
US,"Meridian, Mississipi","Meridian, Mississipi",KMEI|MEI,32.332624,-88.751868,America/Chicago,-300,UTC-05:00
US,"Anaktuvuk, Alaska","Anaktuvuk, Alaska",AKP|PAKP,68.1336,-151.743,America/Anchorage,-480,UTC-08:00
CA,Kingston,Kingston,CYGK|KGST|XEG|YGK,44.225277,-76.596944,America/Toronto,-240,UTC-04:00
US,"Manchester, New Hampshire","Manchester, New Hampshire",KMHT|MHT,42.932556,-71.435667,America/New_York,-240,UTC-04:00
US,"Ozona, Texas","Ozona, Texas",KOZA|OZA,30.735281,-101.202972,America/Chicago,-300,UTC-05:00
NZ,Hokitika,Hokitika,HKK|NZHK,-42.713611,170.985278,Pacific/Auckland,720,UTC+12:00
UZ,Namangan,Namangan,NMA|UTKN,40.9846,71.5567,Asia/Tashkent,300,UTC+05:00
AU,Merimbula,Merimbula,MIM|YMER,-36.9086,149.901,Australia/Sydney,600,UTC+10:00
PH,San Jose,San Jose,RPVS|SJI,10.766044,121.933439,Asia/Manila,480,UTC+08:00
DE,Langeoog,Langeoog,EDWL|LGO,53.7425,7.49778,Europe/Berlin,120,UTC+02:00
AU,Cowra,Cowra,CWT,-33.8447,148.649,Australia/Sydney,600,UTC+10:00
VE,Barquisimeto,Barquisimeto,BRM|SVBM,10.042747,-69.358619,America/Caracas,-240,UTC-04:00
US,"Pontiac, Michigan","Pontiac, Michigan",KPTK|PTK,42.667,-83.35,America/Detroit,-240,UTC-04:00
RU,Neftekamsk,Neftekamsk,NEF,56.1069,54.3472,Asia/Yekaterinburg,300,UTC+05:00
CH,Sion,Sion,LSGS|SIR,46.219592,7.326764,Europe/Zurich,120,UTC+02:00
CO,Barrancominas,Barrancominas,NBB|USHB,63.9241,65.0487,America/Cayman,-300,UTC-05:00
PK,Multan,Multan,MUX|OPMT,30.203222,71.419111,Asia/Karachi,300,UTC+05:00
YE,Sanaa,Sanaa,OYSN|SAH,15.476258,44.219739,Asia/Aden,180,UTC+03:00
RU,Eniseysk,Eniseysk,EIE|UNII,58.4742,92.1125,Asia/Krasnoyarsk,420,UTC+07:00
IN,Dharamsala,Dharamsala,DHM|VIGG,32.1651,76.2634,Asia/Kolkata,330,UTC+05:30
MY,Ipoh,Ipoh,IPH|WMKI,4.567972,101.092194,Asia/Kuala_Lumpur,480,UTC+08:00
BR,Campos,Campos,CAW|SBCP,-21.698333,-41.301669,America/Sao_Paulo,-180,UTC-03:00
TG,Lome,Lome,DXXX|LFW,6.165611,1.254511,Africa/Lome,0,UTC+00:00
PL,Warsaw,Warsaw,EPWA|WAW,52.16575,20.967122,Europe/Warsaw,120,UTC+02:00
BR,Juazeiro Do Norte,Juazeiro Do Norte,JDO|SBJU,-7.218958,-39.2701,America/Fortaleza,-180,UTC-03:00
GB,Oban,Oban,EGEO|OBN,56.464,-5.4,Europe/London,60,UTC+01:00
ZA,Tzaneen,Tzaneen,FATZ|LTA,-23.824417,30.329306,Africa/Johannesburg,120,UTC+02:00
AU,Melbourne,Melbourne,AVV|MBW|MEB|MEL|YMAV|YMEN|YMMB|YMML,-37.673333,144.843333,Australia/Melbourne,600,UTC+10:00
GH,Kumasi,Kumasi,DGSI|KMS,6.71456,-1.59082,Africa/Accra,0,UTC+00:00
SN,Kedougou,Kedougou,GOTK|KGG,12.572292,-12.220333,Africa/Dakar,0,UTC+00:00
IN,Thiruvananthapuram,Thiruvananthapuram,TRV|VOTV,8.482122,76.920114,Asia/Kolkata,330,UTC+05:30
MX,Torreon,Torreon,MMTC|TRC,25.568278,-103.410583,America/Monterrey,-360,UTC-06:00
CN,Xichang,Xichang,XIC|ZUXC,27.989083,102.184361,Asia/Chongqing,480,UTC+08:00
GB,Carlisle,Carlisle,CAX|CXX|EGNC,54.9375,-2.809167,Europe/London,60,UTC+01:00
RU,Mineralnye Vody,Mineralnye Vody,MRV|URMM,44.220841,43.089846,Europe/Moscow,180,UTC+03:00
US,"North Platte, Nebraska","North Platte, Nebraska",KLBF|LBF,41.1262,-100.684,America/Chicago,-300,UTC-05:00
US,"Arcata, California","Arcata, California",ACV|KACV,40.978111,-124.108611,America/Los_Angeles,-420,UTC-07:00
CN,Dunhuang,Dunhuang,DNH|ZLDH,40.094,94.4818,Asia/Urumqi,360,UTC+06:00
US,"Greenville, North Carolina","Greenville, North Carolina",KPGV|PGV,35.635278,-77.385278,America/New_York,-240,UTC-04:00
AU,Coober Pedy,Coober Pedy,CPD|YCBP,-29.04,134.721,Australia/Adelaide,570,UTC+09:30
AU,Kalgoorlie,Kalgoorlie,KGI|YPKG,-30.789444,121.461667,Australia/Perth,480,UTC+08:00
NP,Ramechhap,Ramechhap,RHP|VNRC,27.394005,86.06144,Asia/Kathmandu,345,UTC+05:45
US,"Vero Beach, Florida","Vero Beach, Florida",KVRB|VRB,27.655556,-80.417944,America/New_York,-240,UTC-04:00
EG,Luxor,Luxor,HELX|LXR,25.671028,32.706583,Africa/Cairo,180,UTC+03:00
ID,Gorontalo,Gorontalo,GTO|WAMG,0.637119,122.849858,Asia/Makassar,480,UTC+08:00
AU,Weipa,Weipa,WEI|YBWP,-12.678611,141.925278,Australia/Brisbane,600,UTC+10:00
CA,Kapuskasing,Kapuskasing,CYYU|YYU,49.413889,-82.4675,America/Toronto,-240,UTC-04:00
US,"Pohakuloa, Hawaii","Pohakuloa, Hawaii",BSF|PHSF,19.760056,-155.553717,Pacific/Honolulu,-600,UTC-10:00
CV,Sao Nicolau,Sao Nicolau,GVSN|SNE,16.588356,-24.284656,Atlantic/Cape_Verde,-60,UTC-01:00
IS,Siglufjordur,Siglufjordur,BISI|SIJ,66.133333,-18.916667,Atlantic/Reykjavik,0,UTC+00:00
AO,Namibe,Namibe,FNMO|MSZ,-15.261222,12.146756,Africa/Luanda,60,UTC+01:00
KZ,Aktau,Aktau,SCO|UATE,43.86005,51.091978,Asia/Qyzylorda,300,UTC+05:00
US,"Saratoga, Wyoming","Saratoga, Wyoming",KSAA|SAA,41.4448594,-106.8235264,America/Denver,-360,UTC-06:00
FK,Port Stanley,Port Stanley,PSY|SFAL,-51.685672,-57.777644,Atlantic/Stanley,-180,UTC-03:00
CA,Sept Iles,Sept Iles,CYZV|YZV,50.223333,-66.265556,America/Montreal,-240,UTC-04:00
TN,El Borma,El Borma,DTTR|EBM,31.704281,9.254619,Africa/Tunis,60,UTC+01:00
US,"McCall, Idaho","McCall, Idaho",KMYL|MYL,44.889722,-116.101389,America/Boise,-360,UTC-06:00
ZA,Skukuza,Skukuza,FASZ|SZK,-24.960944,31.588731,Africa/Johannesburg,120,UTC+02:00
AR,Lago Argentino,Lago Argentino,ING|SAWA,-50.3361,-72.2486,America/Argentina/Rio_Gallegos,-180,UTC-03:00
PA,Colon,Colon,MPEJ|ONX,9.35664,-79.8674,America/Panama,-300,UTC-05:00
SO,Mogadishu,Mogadishu,HCMM|MGQ,2.01444,45.3047,Africa/Mogadishu,180,UTC+03:00
CN,Yining,Yining,YIN|ZWYN,43.9558,81.3303,Asia/Kashgar,360,UTC+06:00
IS,Patreksfjordur,Patreksfjordur,BIPA|PFJ,65.555833,-23.965,Atlantic/Reykjavik,0,UTC+00:00
CA,Webequie,Webequie,CYWP|YWP,52.9597,-87.3689,America/Toronto,-240,UTC-04:00
RU,Solovetsky,Solovetsky,CSH|ULAS,65.03,35.7333,Europe/Moscow,180,UTC+03:00
AR,La Plata,La Plata,LPG|SADL,-34.972222,-57.894694,America/Argentina/Buenos_Aires,-180,UTC-03:00
RU,Verkhnyaya Inta,Verkhnyaya Inta,INA,66.05483,60.11032,Europe/Moscow,180,UTC+03:00
CA,Summerside,Summerside,CYSU|YSU,46.440556,-63.833611,America/Halifax,-180,UTC-03:00
US,"Koyuk, Alaska","Koyuk, Alaska",KKA|PAKK,64.939444,-161.154167,America/Anchorage,-480,UTC-08:00
US,"Montrose, Colorado","Montrose, Colorado",KMTJ|MTJ,38.509794,-107.894242,America/Denver,-360,UTC-06:00
US,"Albany, NY","Albany, NY",ALB|KALB,42.748267,-73.801692,America/New_York,-240,UTC-04:00
FR,Brive La Gaillarde,Brive La Gaillarde,BVE|LFBV,45.150833,1.469167,Europe/Paris,120,UTC+02:00
NO,Skien,Skien,ENSN|SKE,59.185,9.566944,Europe/Oslo,120,UTC+02:00
AU,Casino,Casino,CSI,-28.8828,153.067,Australia/Sydney,600,UTC+10:00
CA,Bathurst,Bathurst,CZBF|ZBF,47.6297,-65.7389,America/Moncton,-180,UTC-03:00
BO,Puerto Rico,Puerto Rico,PUR|SLPR,-11.1077,-67.5512,America/La_Paz,-240,UTC-04:00
ES,Palencia,Palencia,PCI,41.953547,-4.536547,Europe/Madrid,120,UTC+02:00
CN,Qinhuangdao,Qinhuangdao,BPE|SHP|ZBSH,39.9681,119.731,Asia/Shanghai,480,UTC+08:00
RU,Grozny,Grozny,GRV|URMG,43.388022,45.699821,Europe/Moscow,180,UTC+03:00
KH,Kratie,Kratie,KTI|VDKT,12.4905,106.055,Asia/Phnom_Penh,420,UTC+07:00
JP,Saga,Saga,HSG|RJFS,33.1497,130.302,Asia/Tokyo,540,UTC+09:00
MH,Rongelap Island,Rongelap Island,RNP,11.1572,166.887,Pacific/Wallis,720,UTC+12:00
MG,Maintirano,Maintirano,FMMO|MXT,-18.05,44.033,Indian/Antananarivo,180,UTC+03:00
CK,Atiu Island,Atiu Island,AIU|NCAT,-19.9678,-158.119,Pacific/Rarotonga,-600,UTC-10:00
IS,Saudarkrokur,Saudarkrokur,BIKR|SAK,65.731667,-19.572778,Atlantic/Reykjavik,0,UTC+00:00
US,"Nikolski, Alaska","Nikolski, Alaska",IKO|PAKO,52.941667,-168.848889,America/Nome,-480,UTC-08:00
US,"Ivanof Bay, Alaska","Ivanof Bay, Alaska",KIB,0.0,0.0,America/Anchorage,-480,UTC-08:00
UZ,Bukhara,Bukhara,BHK|UTSB,39.775,64.483333,Asia/Samarkand,300,UTC+05:00
AR,Alto Rio Senguerr,Alto Rio Senguerr,ARR|SAVR,-45.016667,-70.816667,America/Argentina/Catamarca,-180,UTC-03:00
AU,Cessnock,Cessnock,CES|YCNK,-32.7875,151.342,Australia/Sydney,600,UTC+10:00
SK,Piestany,Piestany,LZPP|PZY,48.625247,17.828444,Europe/Bratislava,120,UTC+02:00
US,"Labouchere Bay, Alaska","Labouchere Bay, Alaska",WLB,0.0,0.0,America/Anchorage,-480,UTC-08:00
YE,Mukalla,Mukalla,OYRN|RIY,14.662639,49.375028,Asia/Aden,180,UTC+03:00
US,"Jackson, Mississipi","Jackson, Mississipi",JAN|KJAN,32.311167,-90.075889,America/Chicago,-300,UTC-05:00
AU,Elcho Island,Elcho Island,ELC|YELD,-12.0194,135.571,Australia/Darwin,570,UTC+09:30
US,"Tyonek, Alaska","Tyonek, Alaska",TYE,61.076667,-151.138056,America/Anchorage,-480,UTC-08:00
IT,Lecce,Lecce,LCC|LIBN,40.239228,18.133325,Europe/Rome,120,UTC+02:00
CA,Summer Beaver,Summer Beaver,CJV7|SUR,52.7086,-88.5419,America/Toronto,-240,UTC-04:00
IR,Gheshm,Gheshm,GSM,26.9487,56.2688,Asia/Tehran,210,UTC+03:30
IN,Kozhikode,Kozhikode,CCJ|VOCL,11.136839,75.9553,Asia/Kolkata,330,UTC+05:30
US,"Takotna, Alaska","Takotna, Alaska",TCT,62.971944,-156.082778,America/Anchorage,-480,UTC-08:00
ID,Kebar,Kebar,KEQ,-0.6371,133.12801,Asia/Jayapura,540,UTC+09:00
CA,"Charlottetown, PE","Charlottetown, PE",CYYG|YYG,46.290001,-63.121111,America/Halifax,-180,UTC-03:00
AR,General Roca,General Roca,GNR,-39.0007,-67.6205,America/Argentina/Salta,-180,UTC-03:00
MH,Ebon,Ebon,EBO,51.478506,7.222781,Pacific/Wallis,720,UTC+12:00
CM,Douala,Douala,DLA|FKKD,4.006081,9.719481,Africa/Douala,60,UTC+01:00
GB,Peterborough,Peterborough,XVH,52.5748,-0.2502,Europe/Jersey,60,UTC+01:00
US,"Hawthorne, California","Hawthorne, California",HHR|KHHR,33.922839,-118.335186,America/Los_Angeles,-420,UTC-07:00
RU,Kirensk,Kirensk,KCK,57.772778,108.060833,Asia/Irkutsk,480,UTC+08:00
SB,Santa Cruz Is,Santa Cruz Is,AGGL|SCZ,-10.7203,165.795,Pacific/Guadalcanal,660,UTC+11:00
US,"Goodland, Kansas","Goodland, Kansas",GLD|KGLD,39.370621,-101.698992,America/Denver,-360,UTC-06:00
US,"Lawrence, Kansas","Lawrence, Kansas",KLWC|LWC,39.009167,-95.2175,America/Chicago,-300,UTC-05:00
US,"Hagerstown, Maryland","Hagerstown, Maryland",HGR|KHGR,39.7079,-77.7295,America/New_York,-240,UTC-04:00
US,"Salmon, Idaho","Salmon, Idaho",KSMN|SMN,45.123889,-113.881389,America/Boise,-360,UTC-06:00
ZA,Louis Trichardt,Louis Trichardt,LCD,0.0,0.0,Africa/Johannesburg,120,UTC+02:00
PH,Laoag,Laoag,LAO|RPLI,18.178092,120.531522,Asia/Manila,480,UTC+08:00
PL,Zielona Gora,Zielona Gora,EPZG|IEG,52.138517,15.798556,Europe/Warsaw,120,UTC+02:00
DE,Barth,Barth,BBH|EDBH,54.33754,12.699705,Europe/Berlin,120,UTC+02:00
CM,Bamenda,Bamenda,BPC|FKKV,6.039239,10.122639,Africa/Douala,60,UTC+01:00
US,"Pilot Point, Alaska","Pilot Point, Alaska",PAPN|PIP|UGB,57.585393,-157.571944,America/Anchorage,-480,UTC-08:00
SB,Yandina,Yandina,AGGY|XYA,-9.086111,159.218889,Pacific/Guadalcanal,660,UTC+11:00
US,"Ocean Reef, Florida","Ocean Reef, Florida",07FA|OCA,25.325393,-80.274775,America/Indiana/Indianapolis,-240,UTC-04:00
CU,Cayo Largo Del Sur,Cayo Largo Del Sur,CYO|MUCL,21.616453,-81.545989,America/Havana,-240,UTC-04:00
TR,Tekirdag,Tekirdag,LTBU|TEQ,41.13825,27.919094,Europe/Istanbul,180,UTC+03:00
PT,Braganca,Braganca,BGC|LPBG,41.8578,-6.707125,Europe/Lisbon,60,UTC+01:00
SD,Nyala,Nyala,HSNN|UYL,12.0535,24.9562,Africa/Khartoum,120,UTC+02:00
KE,Moyale,Moyale,HKMY|OYL,3.465,39.105,Africa/Nairobi,180,UTC+03:00
AU,Lake Evella,Lake Evella,LEL|YLEV,-12.4989,135.806,Australia/Darwin,570,UTC+09:30
MY,Pangkor Perak,Pangkor Perak,PKG|WMPA,4.24472,100.553,Asia/Kuala_Lumpur,480,UTC+08:00
KN,Nevis,Nevis,NEV|TKPN,17.205678,-62.589869,America/St_Kitts,-240,UTC-04:00
CA,Medicine Hat,Medicine Hat,CYXH|YXH,50.01889,-110.720833,America/Edmonton,-360,UTC-06:00
US,"Kauai Island, Hawaii","Kauai Island, Hawaii",HPV|LIH|PHLI,21.975983,-159.338958,Pacific/Honolulu,-600,UTC-10:00
PK,Nawabshah,Nawabshah,OPNH|WNS,26.219442,68.390053,Asia/Karachi,300,UTC+05:00
BR,Corumba,Corumba,CMG|SBCR,-19.011931,-57.673053,America/Campo_Grande,-240,UTC-04:00
US,"Palmdale, CA","Palmdale, CA",KPMD|PMD,34.629391,-118.08456,America/Los_Angeles,-420,UTC-07:00
CA,Williams Harbour,Williams Harbour,CCA6|YWM,52.5669,-55.7847,America/St_Johns,-150,UTC-02:30
MX,San Luis Potosi,San Luis Potosi,MMSP|SLP,22.254303,-100.930806,America/Mexico_City,-360,UTC-06:00
CL,Antofagasta,Antofagasta,ANF|SCFA,-23.444478,-70.4451,America/Santiago,-240,UTC-04:00
ID,Kau,Kau,KAZ,1.18528,127.896,Asia/Jayapura,540,UTC+09:00
IN,Mysoru,Mysoru,MYQ|VOMY,12.3072,76.6497,Asia/Kolkata,330,UTC+05:30
PA,Ustupo,Ustupo,UTU,9.137778,-77.933611,America/Panama,-300,UTC-05:00
BW,Maun,Maun,FBMN|MUB,-19.972564,23.431086,Africa/Gaborone,120,UTC+02:00
US,"Mountain View, California","Mountain View, California",KNUQ|NUQ,37.416142,-122.049139,America/Los_Angeles,-420,UTC-07:00
CO,Acandi,Acandi,ACD|SKAD,8.516667,-77.3,America/Bogota,-300,UTC-05:00
CA,Cochrane,Cochrane,CYCN|YCN,49.106667,-81.015278,America/Toronto,-240,UTC-04:00
US,"Glenview, Illinois","Glenview, Illinois",KNBU|NBU,42.090556,-87.8225,America/Matamoros,-300,UTC-05:00
TC,Middle Caicos,Middle Caicos,MBMC|MDS,21.833,-71.817,America/Grand_Turk,-240,UTC-04:00
US,"Enid, Oklahoma","Enid, Oklahoma",END|KEND|WDG,36.38359,-97.78753,America/Chicago,-300,UTC-05:00
CA,Smithers,Smithers,CYYD|YYD,54.824722,-127.182778,America/Vancouver,-420,UTC-07:00
CN,Kashi,Kashi,KHG|ZWSH,39.542922,76.019956,Asia/Kashgar,360,UTC+06:00
BR,Uberlandia,Uberlandia,SBUL|UDI,-18.882844,-48.225594,America/Sao_Paulo,-180,UTC-03:00
PK,Mirpur Khas,Mirpur Khas,MPD,0.0,0.0,Asia/Karachi,300,UTC+05:00
KI,Abaiang,Abaiang,ABF|NGAB,1.8,173.04,Pacific/Tarawa,720,UTC+12:00
SV,San Salvador,San Salvador,MSLP|SAL,13.440947,-89.055728,America/El_Salvador,-360,UTC-06:00
BR,Montes Claros,Montes Claros,MOC|SBMK,-16.706925,-43.8189,America/Sao_Paulo,-180,UTC-03:00
US,"Middleton Island, Alaska","Middleton Island, Alaska",MDO|SUPE,-34.917,-54.917,America/Anchorage,-480,UTC-08:00
US,"Hobart Bay, Alaska","Hobart Bay, Alaska",HBH,0.0,0.0,America/Anchorage,-480,UTC-08:00
CR,Carillo,Carillo,MRCR|RIK,9.866667,-85.483333,America/Costa_Rica,-360,UTC-06:00
CA,Sechelt,Sechelt,YHS,49.460556,-123.718611,America/Vancouver,-420,UTC-07:00
CA,Manitouwadge,Manitouwadge,CYMG|YMG,49.083889,-85.860556,America/Toronto,-240,UTC-04:00
IT,Crotone,Crotone,CRV|LIBC,38.997225,17.080169,Europe/Rome,120,UTC+02:00
CA,"Edmonton, AB","Edmonton, AB",CYEG|CYXD|YED|YEG|YXD,53.5725,-113.520556,America/Edmonton,-360,UTC-06:00
TH,Roi Et (Muang),Roi Et (Muang),ROI|VTUV,16.116761,103.773797,Asia/Bangkok,420,UTC+07:00
IE,Dublin,Dublin,DUB|EIDW,53.421333,-6.270075,Europe/Dublin,60,UTC+01:00
CN,Guilin,Guilin,KWL|ZGKL,25.218106,110.039197,Asia/Chongqing,480,UTC+08:00
BR,Sao Carlos,Sao Carlos,QSC|SDSC,-21.875,-47.904,America/Porto_Velho,-240,UTC-04:00
CA,Bella Coola,Bella Coola,CYBD|QBC,52.3875,-126.596,America/Vancouver,-420,UTC-07:00
US,"Cortez, Colorado","Cortez, Colorado",CEZ|KCEZ,37.303,-108.628056,America/Denver,-360,UTC-06:00
PG,Tol,Tol,TLO,-4.98083,152.00999,Asia/Vladivostok,600,UTC+10:00
CA,Mayo,Mayo,CYMA|YMA,63.616389,-135.868333,America/Whitehorse,-420,UTC-07:00
US,"Noatak, Alaska","Noatak, Alaska",PAWN|WTK,67.5661,-162.975,America/Nome,-480,UTC-08:00
BO,Guayaramerin,Guayaramerin,GYA|SLGY,-10.8206,-65.3456,America/Porto_Velho,-240,UTC-04:00
ET,Jijiga,Jijiga,HAJJ|JIJ,9.359722,42.7875,Africa/Addis_Ababa,180,UTC+03:00
MY,Taman Negara,Taman Negara,SXT,4.33028,102.395,Asia/Kuala_Lumpur,480,UTC+08:00
US,"Duke, North Carolina","Duke, North Carolina",DUF,0.0,0.0,America/New_York,-240,UTC-04:00
MZ,Cuamba,Cuamba,FQCB|FXO,-14.8175,36.528333,Africa/Maputo,120,UTC+02:00
US,"Santa Ana, California","Santa Ana, California",KSNA|SNA,33.675667,-117.868222,America/Los_Angeles,-420,UTC-07:00
US,"Golovin, Alaska","Golovin, Alaska",GLV|PAGL,64.550556,-163.007222,America/Nome,-480,UTC-08:00
US,"Gallup, New Mexico","Gallup, New Mexico",GUP|KGUP,35.511058,-108.789308,America/Denver,-360,UTC-06:00
SE,Ornskoldsvik,Ornskoldsvik,ESNO|OER,63.408339,18.990039,Europe/Stockholm,120,UTC+02:00
US,"Shageluk, Alaska","Shageluk, Alaska",PAHX|SHX,62.692222,-159.569167,America/Anchorage,-480,UTC-08:00
US,"Eagle Lake, Texas","Eagle Lake, Texas",ELA|VYEL,19.6235,96.201028,America/Chicago,-300,UTC-05:00
CA,Rigolet,Rigolet,CCZ2|YRG,54.1797,-58.4575,America/Goose_Bay,-180,UTC-03:00
AU,Boulia,Boulia,BQL|YBOU,-22.9133,139.9,Australia/Brisbane,600,UTC+10:00
RU,Kazan,Kazan,KZN|UWKD,55.606186,49.278728,Europe/Moscow,180,UTC+03:00
US,"Lime Village, Alaska","Lime Village, Alaska",LVD,0.0,0.0,America/Anchorage,-480,UTC-08:00
BR,Redencao,Redencao,RDC|SNDC,-8.033333,-49.98,America/Belem,-180,UTC-03:00
MN,Ulgit,Ulgit,ULG|ZMUL,48.991667,89.919722,Asia/Hovd,420,UTC+07:00
RO,Bucharest,Bucharest,BBU|LRBS|LROP|OTP,44.503194,26.102111,Europe/Bucharest,180,UTC+03:00
ZM,Ndola,Ndola,FLND|NLA,-12.998139,28.664944,Africa/Lusaka,120,UTC+02:00
CA,Buffalo Narrows,Buffalo Narrows,CYVT|YVT,55.841944,-108.4175,America/Regina,-360,UTC-06:00
BS,Treasure Cay,Treasure Cay,MYAT|TCB,26.745336,-77.391269,America/Nassau,-240,UTC-04:00
US,"Bluefield, West Virginia","Bluefield, West Virginia",BLF,37.2958,-81.2077,America/New_York,-240,UTC-04:00
PG,Boang,Boang,BOV,0.0,0.0,Asia/Vladivostok,600,UTC+10:00
CA,Sanikiluaq,Sanikiluaq,CYSK|YSK,56.5378,-79.2467,America/Iqaluit,-240,UTC-04:00
MY,Johor Bahru,Johor Bahru,JHB|WMKJ,1.641308,103.669619,Asia/Kuala_Lumpur,480,UTC+08:00
US,"Elmira, New York","Elmira, New York",ELM|KELM,42.159889,-76.891611,America/New_York,-240,UTC-04:00
GB,Oxford,Oxford,EGTK|OXF|OXQ,51.836944,-1.32,Europe/London,60,UTC+01:00
US,"Pecos City, Texas","Pecos City, Texas",KPEQ|PEQ,31.3823889,-103.5107222,America/Chicago,-300,UTC-05:00
KZ,Atbasar,Atbasar,ATX,51.8517,68.3633,Asia/Qyzylorda,300,UTC+05:00
CA,Kaschechewan,Kaschechewan,CZKE|ZKE,52.2825,-81.6778,America/Toronto,-240,UTC-04:00
PT,Vila Real,Vila Real,LPVR|VRL,41.274334,-7.720472,Europe/Lisbon,60,UTC+01:00
MG,Tamatave,Tamatave,FMMT|TMM,-18.109517,49.392536,Indian/Antananarivo,180,UTC+03:00
KM,Moroni,Moroni,FMCH|FMCN|HAH|YVA,-11.7108,43.2439,Indian/Comoro,180,UTC+03:00
CA,North Spirit Lake,North Spirit Lake,CKQ3|YNO,52.49,-92.9711,America/Winnipeg,-300,UTC-05:00
AF,Bamiyan,Bamiyan,BIN|OABN,34.816667,67.816667,Asia/Kabul,270,UTC+04:30
FR,La Rochelle,La Rochelle,LFBH|LRH,46.1792,-1.19528,Europe/Paris,120,UTC+02:00
RU,Nizhnevartovsk,Nizhnevartovsk,NJC|USNN,60.949272,76.483617,Asia/Yekaterinburg,300,UTC+05:00
US,"Morristown, Tennessee","Morristown, Tennessee",MOR,36.17862,-83.37663,America/Chicago,-300,UTC-05:00
US,"Deering, Alaska","Deering, Alaska",DRG|PADE,66.0696,-162.766,America/Nome,-480,UTC-08:00
CA,Lyall Harbour,Lyall Harbour,YAJ,48.80614,-123.19608,America/Vancouver,-420,UTC-07:00
SN,Cap Skirring,Cap Skirring,CSK|GOGS,12.4102,-16.746125,Africa/Dakar,0,UTC+00:00
US,"Birmingham, Alabama","Birmingham, Alabama",BHM|KBHM,33.562942,-86.75355,America/Chicago,-300,UTC-05:00
BY,Gomel,Gomel,GME|UMGG,52.527022,31.016692,Europe/Minsk,180,UTC+03:00
US,"Moser Bay, Alaska","Moser Bay, Alaska",KMY,57.025556,-154.145833,America/Anchorage,-480,UTC-08:00
SK,Poprad,Poprad,LZTT|TAT,49.073594,20.241142,Europe/Bratislava,120,UTC+02:00
US,"Blythe, California","Blythe, California",BLH|KBLH,33.619167,-114.716889,America/Los_Angeles,-420,UTC-07:00
ID,Ruteng,Ruteng,RTG|WATG,-8.597011,120.477061,Asia/Makassar,480,UTC+08:00
BO,Riberalta,Riberalta,RIB|SLRI,-11.0,-66.0,America/La_Paz,-240,UTC-04:00
RU,Oktyabrsky (Bashkortostan),Oktyabrsky (Bashkortostan),OKT,54.44,53.3883,Asia/Yekaterinburg,300,UTC+05:00
US,"Fort Worth, TX","Fort Worth, TX",FTW|KFTW,32.819778,-97.362444,America/Chicago,-300,UTC-05:00
CA,Fort Simpson,Fort Simpson,CYFS|YFS,61.760153,-121.236525,America/Yellowknife,-360,UTC-06:00
NO,Jan Mayen,Jan Mayen,ENJA|ZXB,70.961111,-8.575833,Europe/Oslo,120,UTC+02:00
MX,Merida,Merida,MID|MMMD,20.936981,-89.657672,America/Merida,-360,UTC-06:00
US,"Boca Raton, Florida","Boca Raton, Florida",BCT|KBCT,26.3785,-80.107694,America/New_York,-240,UTC-04:00
OM,Khasab,Khasab,KHS|OOKB,26.170986,56.240569,Asia/Muscat,240,UTC+04:00
GB,Redhill,Redhill,EGKR|KRH,51.213612,-0.13861,Europe/London,60,UTC+01:00
TR,Adana,Adana,ADA|KUAB|LTAF|UAB,36.982166,35.280388,Europe/Istanbul,180,UTC+03:00
DZ,Tlemcen,Tlemcen,DAON|TLM,35.016667,-1.45,Africa/Algiers,60,UTC+01:00
CN,Guiyang,Guiyang,KWE|ZUGY,26.538522,106.800703,Asia/Chongqing,480,UTC+08:00
AU,Armidale,Armidale,ARM|YARM,-30.528056,151.617222,Australia/Sydney,600,UTC+10:00
TW,Makung,Makung,MZG|RCQC,23.568669,119.628311,Asia/Taipei,480,UTC+08:00
TJ,Kulyab,Kulyab,TJU|UTDK,37.981667,69.799444,Asia/Dushanbe,300,UTC+05:00
TZ,Shinyanga,Shinyanga,HTSY|SHY,-3.667,33.417,Africa/Dar_es_Salaam,180,UTC+03:00
GB,Coningsby,Coningsby,EGXC|QCY,53.093014,-0.166014,Europe/London,60,UTC+01:00
US,"Bryan, Texas","Bryan, Texas",CFD|KCFD,30.715694,-96.331361,America/Chicago,-300,UTC-05:00
MH,Kwajelein Atoll,Kwajelein Atoll,EAL,9.083333,167.333333,Pacific/Wallis,720,UTC+12:00
CN,Shijiazhuang,Shijiazhuang,SJW|ZBSJ,38.280686,114.6973,Asia/Shanghai,480,UTC+08:00
IE,Spiddal,Spiddal,EICA|NNR,53.2303,-9.46778,Europe/Dublin,60,UTC+01:00
US,"Bremerton, Washington","Bremerton, Washington",KPWT|PWT,47.490244,-122.764814,America/Los_Angeles,-420,UTC-07:00
NZ,Great Barrier Isl,Great Barrier Isl,GBZ|NZGB,-36.1429,175.2819,Pacific/Auckland,720,UTC+12:00
MY,Tomanggong,Tomanggong,TMG|WBKM,5.4,118.65,Asia/Kuching,480,UTC+08:00
AR,San Luis,San Luis,LUQ|SAOU,-33.273192,-66.356422,America/Argentina/San_Luis,-180,UTC-03:00
FJ,Cicia,Cicia,ICI|NFCI,-17.7433,-179.342,Pacific/Fiji,720,UTC+12:00
PG,Balimo,Balimo,OPU,-8.05,142.933,Asia/Vladivostok,600,UTC+10:00
MX,Lazaro Cardenas,Lazaro Cardenas,LZC|MMLC,18.001731,-102.220525,America/Mexico_City,-360,UTC-06:00
ID,Maumere,Maumere,MOF|WATC,-8.640647,122.236889,Asia/Makassar,480,UTC+08:00
US,"Gadsden, Alabama","Gadsden, Alabama",GAD|KGAD,33.9726489,-86.0890834,America/Chicago,-300,UTC-05:00
CN,Xiamen,Xiamen,XMN|ZSAM,24.544036,118.127739,Asia/Shanghai,480,UTC+08:00
PE,Iquitos,Iquitos,IQT|SPQT,-3.784739,-73.308806,America/Lima,-300,UTC-05:00
US,"Tanana, Alaska","Tanana, Alaska",TAL,65.179556,-152.075833,America/Anchorage,-480,UTC-08:00
TN,Enfidha,Enfidha,DTNZ|NBE,36.075833,10.438611,Africa/Tunis,60,UTC+01:00
IN,Indore,Indore,IDR|VAID,22.721786,75.801086,Asia/Kolkata,330,UTC+05:30
NP,Simikot,Simikot,IMK|VNST,29.971064,81.818932,Asia/Kathmandu,345,UTC+05:45
US,"White Sands, New Mexico","White Sands, New Mexico",KWSD|WSD,32.341484,-106.40277,America/Denver,-360,UTC-06:00
US,"Hickory, North Carolina","Hickory, North Carolina",HKY|KHKY,35.741147,-81.38955,America/New_York,-240,UTC-04:00
TW,Chiayi,Chiayi,CYI|RCKU,23.461779,120.39283,Asia/Taipei,480,UTC+08:00
BR,Curitiba,Curitiba,BFH|CWB|SBBI|SBCT,-25.528475,-49.175775,America/Sao_Paulo,-180,UTC-03:00
PG,Cape Gloucester,Cape Gloucester,CGC,0.0,0.0,Asia/Vladivostok,600,UTC+10:00
GB,Shetland Islands,Shetland Islands,EGET|EGPB|EGPM|LSI|LWK|SDZ,60.432778,-1.296111,Europe/London,60,UTC+01:00
NL,Den Helder,Den Helder,DHR|EHKD,52.923353,4.780625,Europe/Amsterdam,120,UTC+02:00
PL,Lublin,Lublin,EPLB|LUZ,51.239333,22.714083,Europe/Warsaw,120,UTC+02:00
AU,Cunnamulla,Cunnamulla,CMA|YCMU,-28.03,145.622,Australia/Brisbane,600,UTC+10:00
RO,Tulcea,Tulcea,LRTC|TCE,45.062486,28.714311,Europe/Bucharest,180,UTC+03:00
US,"Sebring, Florida","Sebring, Florida",KSEF|SEF,27.456389,-81.342222,America/Indiana/Indianapolis,-240,UTC-04:00
CA,Red Sucker Lake,Red Sucker Lake,CYRS|YRS,54.167222,-93.557222,America/Winnipeg,-300,UTC-05:00
US,"Alamosa, Colorado","Alamosa, Colorado",ALS|KALS,37.435,-105.866667,America/Denver,-360,UTC-06:00
PG,Eia,Eia,EIA,-8.199999809,147.8500061,Asia/Vladivostok,600,UTC+10:00
US,"Wilmington, Delaware","Wilmington, Delaware",ILG|KILG|ZWI,39.678722,-75.606528,America/New_York,-240,UTC-04:00
US,"Sacramento, CA","Sacramento, CA",KMCC|KMHR|KSAC|KSCK|KSMF|MCC|MHR|SAC|SCK|SMF,38.512524,-121.49347,America/Los_Angeles,-420,UTC-07:00
US,"Port Angeles, Washington","Port Angeles, Washington",CLM|KCLM|KNOW|NOW,48.1202,-123.5,America/Los_Angeles,-420,UTC-07:00
BS,Crooked Island,Crooked Island,CRI|MYCI,22.745561,-74.182353,America/Nassau,-240,UTC-04:00
IE,Waterford,Waterford,EIWF|WAT,52.1872,-7.086964,Europe/Dublin,60,UTC+01:00
ID,Tiom,Tiom,TMY,-3.95,138.41701,Asia/Jayapura,540,UTC+09:00
CN,Zunyi,Zunyi,WMT|ZYI,0.0,0.0,Asia/Chongqing,480,UTC+08:00
IT,Elba Island,Elba Island,EBA|LIRJ,42.760277,10.239445,Europe/Rome,120,UTC+02:00
MX,Ixtapa Zihuatanej,Ixtapa Zihuatanej,MMZH|ZIH,17.601569,-101.460536,America/Mexico_City,-360,UTC-06:00
VE,Ciudad Bolivar,Ciudad Bolivar,CBL|SVCB,8.121898,-63.537353,America/Caracas,-240,UTC-04:00
IN,Jamshedpur,Jamshedpur,IXW|VEJS,22.813211,86.168844,Asia/Kolkata,330,UTC+05:30
CN,Diqing (Deqen),Diqing (Deqen),DIG|ZPDQ,27.7936,99.6772,Asia/Chongqing,480,UTC+08:00
GA,Okondja,Okondja,FOGQ|OKN,-0.665214,13.673133,Africa/Libreville,60,UTC+01:00
ZW,Hwange Nat Park,Hwange Nat Park,HWN,-18.62987,27.02104,Africa/Harare,120,UTC+02:00
US,"Orlando, Florida","Orlando, Florida",KMCO|KORL|KSFB|MCO|ORL|SFB,28.545464,-81.332936,America/New_York,-240,UTC-04:00
LK,Colombo,Colombo,CMB|RML|VCBI|VCCC,7.180756,79.884117,Asia/Colombo,330,UTC+05:30
MR,Zouerate,Zouerate,OUZ,22.7564,-12.4836,Africa/Nouakchott,0,UTC+00:00
SB,Santa Ana,Santa Ana,AGGT|NNB,-10.848056,162.454167,Pacific/Guadalcanal,660,UTC+11:00
IR,Isfahan,Isfahan,IFN,32.750836,51.861267,Asia/Tehran,210,UTC+03:30
AT,Graz,Graz,GGZ|GRZ|LOWG,46.991067,15.439628,Europe/Vienna,120,UTC+02:00
CA,Geraldton,Geraldton,CYGQ|YGQ,49.778332,-86.939445,America/Toronto,-240,UTC-04:00
US,"Kiana, Alaska","Kiana, Alaska",IAN|PAIK,66.975833,-160.436667,America/Anchorage,-480,UTC-08:00
BS,Spring Point,Spring Point,AXP|MYAP,22.441828,-73.970858,America/Nassau,-240,UTC-04:00
GT,Flores,Flores,FRS|MGTK,16.913819,-89.866383,America/Guatemala,-360,UTC-06:00
PT,Horta,Horta,HOR|LPHR,38.519894,-28.715872,Atlantic/Azores,0,UTC+00:00
US,"Waukesha, Wisconsin","Waukesha, Wisconsin",UES,43.0410278,-88.2370556,America/Chicago,-300,UTC-05:00
US,"Joliet, IL","Joliet, IL",JOT|KJOT,41.517778,-88.175556,America/Chicago,-300,UTC-05:00
PG,Lae,Lae,AYNZ|LAE,-6.569828,146.726242,Pacific/Port_Moresby,600,UTC+10:00
NO,Stavanger,Stavanger,ENZV|SVG,58.876778,5.637856,Europe/Oslo,120,UTC+02:00
NC,Mare,Mare,MEE|NWWR,-21.481678,168.037508,Pacific/Noumea,660,UTC+11:00
US,"Palo Alto, California","Palo Alto, California",KPAO|PAO,37.4611111,-122.1150556,America/Los_Angeles,-420,UTC-07:00
ZA,Vryburg,Vryburg,FAVB|VRU,-26.982408,24.728756,Africa/Johannesburg,120,UTC+02:00
EE,Parnu,Parnu,EEPU|EPU,58.419044,24.472819,Europe/Tallinn,180,UTC+03:00
MX,Guadalajara,Guadalajara,GDL|MMGL,20.5218,-103.311167,America/Mexico_City,-360,UTC-06:00
AU,Normanton,Normanton,NTN|YNTN,-17.6836,141.07,Australia/Brisbane,600,UTC+10:00
AO,Dundo,Dundo,DUE|FNDU,-7.40089,20.8185,Africa/Luanda,60,UTC+01:00
LT,Panevezys,Panevezys,EYPP|PNV,55.729444,24.460833,Europe/Vilnius,180,UTC+03:00
SR,Paloemeu,Paloemeu,OEM|SMPA,5.811111,-55.190833,America/Paramaribo,-180,UTC-03:00
VE,Valera,Valera,SVVL|VLV,9.340797,-70.584089,America/Caracas,-240,UTC-04:00
AU,Sale,Sale,SXE,-38.09889,147.14944,Australia/Melbourne,600,UTC+10:00
MG,Andriamena,Andriamena,WAD,0.0,0.0,Asia/Aden,180,UTC+03:00
BS,Andros Town,Andros Town,ASD|MYAF,24.698283,-77.795611,America/Nassau,-240,UTC-04:00
RU,Vladivostok,Vladivostok,UHWW|VVO,43.398953,132.148017,Asia/Vladivostok,600,UTC+10:00
US,"King Salmon, Alaska","King Salmon, Alaska",AKN|PAKN,58.676778,-156.649278,America/Anchorage,-480,UTC-08:00
KZ,Karagandy,Karagandy,KGF|UAKK,49.670833,73.334444,Asia/Qyzylorda,300,UTC+05:00
EC,Salinas,Salinas,SESA|SNC,-2.204994,-80.988878,America/Guayaquil,-300,UTC-05:00
CA,Klemtu,Klemtu,YKT,52.59863,-128.5133,America/Vancouver,-420,UTC-07:00
MX,Durango,Durango,DGO|MMDO,24.124194,-104.528014,America/Monterrey,-360,UTC-06:00
CN,Zhoushan,Zhoushan,HSN|ZSZS,29.9342,122.362,Asia/Shanghai,480,UTC+08:00
IN,Madurai,Madurai,IXM|VOMD,9.834508,78.093378,Asia/Kolkata,330,UTC+05:30
ID,Biak,Biak,BIK|WABB,-1.190017,136.107997,Asia/Jayapura,540,UTC+09:00
US,"Paris, TX","Paris, TX",PRX,33.6365,-95.45079,America/Chicago,-300,UTC-05:00
AU,Numbulwar,Numbulwar,NUB,-14.2717,135.717,Australia/Darwin,570,UTC+09:30
IS,Kopasker,Kopasker,OPA,66.3108,-16.4667,Atlantic/Reykjavik,0,UTC+00:00
AU,Ballina,Ballina,BNK|YBNA,-28.833889,153.5625,Australia/Sydney,600,UTC+10:00
US,"Big Delta, Alaska","Big Delta, Alaska",BIG|PABI,63.994547,-145.721642,America/Anchorage,-480,UTC-08:00
GB,Odiham,Odiham,EGVO|ODH,51.234139,-0.942825,Europe/London,60,UTC+01:00
MA,Marrakech,Marrakech,GMMX|RAK,31.606886,-8.0363,Africa/Casablanca,60,UTC+01:00
PG,Lake Murray,Lake Murray,LMY,-7.00992,141.494,Asia/Vladivostok,600,UTC+10:00
CA,Swan River,Swan River,CZJN|ZJN,52.1206,-101.236,America/Winnipeg,-300,UTC-05:00
US,"Ithaca, New York","Ithaca, New York",ITH|KITH,42.491028,-76.458444,America/New_York,-240,UTC-04:00
AG,Barbuda,Barbuda,BBQ|TAPH,17.6358,-61.8286,America/Antigua,-240,UTC-04:00
BR,Diamantino,Diamantino,DMT|SWDM,-14.408889,-56.445833,America/Cuiaba,-240,UTC-04:00
NE,Maradi,Maradi,DRRM|MFQ,13.502531,7.126753,Africa/Niamey,60,UTC+01:00
CA,East Main,East Main,CZEM|ZEM,52.2264,-78.5225,America/Montreal,-240,UTC-04:00
CF,Bangui,Bangui,BGF|FEFF,4.398475,18.518786,Africa/Bangui,60,UTC+01:00
CN,Nanning,Nanning,NNG|ZGNN,22.608267,108.172442,Asia/Chongqing,480,UTC+08:00
RU,Uray,Uray,URJ|USHU,60.1,64.83,Asia/Yekaterinburg,300,UTC+05:00
BR,Cabo Frio,Cabo Frio,CFB|SBCB,-22.921667,-42.074167,America/Sao_Paulo,-180,UTC-03:00
BR,Porto Velho,Porto Velho,PVH|SBPV,-8.709294,-63.902281,America/Porto_Velho,-240,UTC-04:00
IN,Diu,Diu,DIU|VA1P,20.7131,70.9211,Asia/Kolkata,330,UTC+05:30
RU,Boguchany,Boguchany,BGS,58.3776603,97.4548174,Asia/Krasnoyarsk,420,UTC+07:00
FI,Savonlinna,Savonlinna,EFSA|SVL,61.943064,28.945136,Europe/Helsinki,180,UTC+03:00
TZ,Kigoma,Kigoma,HTKA|TKQ,-4.883,29.633,Africa/Dar_es_Salaam,180,UTC+03:00
AF,Herat,Herat,HEA|OAHR,34.210017,62.2283,Asia/Kabul,270,UTC+04:30
US,"Findlay, Ohio","Findlay, Ohio",FDY|KFDY,41.0120278,-83.6686111,America/New_York,-240,UTC-04:00
ES,Ronda,Ronda,RRA,36.75,-5.166667,Europe/Monaco,120,UTC+02:00
MP,Rota,Rota,PGRO|ROP,14.174308,145.242536,Pacific/Saipan,600,UTC+10:00
TC,South Caicos,South Caicos,MBSC|XSC,21.515739,-71.528528,America/Grand_Turk,-240,UTC-04:00
ID,Labuha,Labuha,LAH,0.0,0.0,Asia/Jayapura,540,UTC+09:00
CN,Chengdu,Chengdu,CTU|TFU|ZUTF|ZUUU,30.578528,103.947086,Asia/Shanghai,480,UTC+08:00
US,"Sanford, Maine","Sanford, Maine",SFM,43.39383,-70.708,America/Toronto,-240,UTC-04:00
CA,Bobquinn Lake,Bobquinn Lake,CBW4|YBO,56.58,-130.5,America/Vancouver,-420,UTC-07:00
BS,Marsh Harbour,Marsh Harbour,MHH|MYAM,26.511406,-77.083472,America/Nassau,-240,UTC-04:00
US,"Buffalo, New York","Buffalo, New York",BUF|KBUF,42.940525,-78.732167,America/New_York,-240,UTC-04:00
JP,Okinawa,Okinawa,DNA|OKA|ROAH|RODN,26.195814,127.645869,Asia/Tokyo,540,UTC+09:00
US,"Kakhonak, Alaska","Kakhonak, Alaska",KNK,0.0,0.0,America/Anchorage,-480,UTC-08:00
CA,Dryden,Dryden,CYHD|YHD,49.831667,-92.744167,America/Winnipeg,-300,UTC-05:00
LY,Ghadames,Ghadames,HLTD|LTD,30.151695,9.715305,Africa/Tripoli,120,UTC+02:00
US,"Napa, California","Napa, California",APC|KAPC,38.2131944,-122.2806944,America/Los_Angeles,-420,UTC-07:00
MR,Aioun El Atrouss,Aioun El Atrouss,AEO|GQNA,16.711294,-9.637883,Africa/Nouakchott,0,UTC+00:00
MX,Hermosillo,Hermosillo,HMO|MMHO,29.095858,-111.047858,America/Hermosillo,-420,UTC-07:00
AU,Nullarbor,Nullarbor,NUR|NURN,49.446,11.081944,Australia/Adelaide,570,UTC+09:30
US,"Kearney, NE","Kearney, NE",EAR,40.727,-99.0068,America/Chicago,-300,UTC-05:00
CN,Jinan,Jinan,TNA|ZSJN,36.857214,117.215992,Asia/Shanghai,480,UTC+08:00
UY,Rivera,Rivera,RVY|SURV,-30.974444,-55.476111,America/Montevideo,-180,UTC-03:00
IN,Agartala,Agartala,IXA|VEAT,23.886978,91.24045,Asia/Kolkata,330,UTC+05:30
SD,Atbara,Atbara,ATB|HSAT,17.7,33.967,Africa/Khartoum,120,UTC+02:00
CA,Powell River,Powell River,CYPW|YPW,49.8342,-124.5,America/Vancouver,-420,UTC-07:00
IT,Trapani,Trapani,LICT|TPS,37.911403,12.487961,Europe/Rome,120,UTC+02:00
MX,Chichen Itza,Chichen Itza,CZA,20.64129,-88.44622,America/Merida,-360,UTC-06:00
VU,Aneityum,Aneityum,AUY|NVVA,-20.2492,169.771,Pacific/Efate,660,UTC+11:00
US,"Cedar City, Utah","Cedar City, Utah",CDC|KCDC,37.700967,-113.098847,America/Denver,-360,UTC-06:00
CO,Otu,Otu,OTU|SKOT,7.010369,-74.715497,America/Bogota,-300,UTC-05:00
JP,Nagoya,Nagoya,NGO|NGY|NKM|RJGG|RJNA,34.858414,136.805408,Asia/Tokyo,540,UTC+09:00
PF,Raiatea,Raiatea,NTTR|RFP,-16.722861,-151.465856,Pacific/Tahiti,-600,UTC-10:00
AU,Narrandera,Narrandera,NRA|YNAR,-34.7022,146.512,Australia/Sydney,600,UTC+10:00
CA,Waskaganish,Waskaganish,CYKQ|YKQ,51.4733,-78.7583,America/Montreal,-240,UTC-04:00
MZ,Lichinga,Lichinga,FQLC|VXC,-13.273986,35.266262,Africa/Maputo,120,UTC+02:00
IN,Guwahati,Guwahati,GAU|VEGT,26.106092,91.585939,Asia/Kolkata,330,UTC+05:30
TR,Sivas,Sivas,LTAR|VAS,39.813828,36.903497,Europe/Istanbul,180,UTC+03:00
CA,Aupaluk,Aupaluk,CYLA|YPJ,59.2967,-69.5997,America/Montreal,-240,UTC-04:00
CN,Zhongwei,Zhongwei,ZHY|ZLZW,37.5728,105.1544,Asia/Chongqing,480,UTC+08:00
CA,Timmins,Timmins,CYTS|YTS,48.569721,-81.376667,America/Toronto,-240,UTC-04:00
US,"Dutch Harbor, Alaska","Dutch Harbor, Alaska",DUT|PADU,53.900139,-166.5435,America/Nome,-480,UTC-08:00
DZ,Laghouat,Laghouat,DAUL|LOO,33.764383,2.928344,Africa/Algiers,60,UTC+01:00
ID,Tanahmerah,Tanahmerah,TMH,-6.1,140.3,Asia/Jayapura,540,UTC+09:00
FJ,Taveuni,Taveuni,NFNM|TVU,-16.6906,-179.877,Pacific/Fiji,720,UTC+12:00
US,"Kaiser Lake Ozark, Missouri","Kaiser Lake Ozark, Missouri",AIZ|KAIZ,38.096035,-92.5494875,America/Chicago,-300,UTC-05:00
US,"Topeka, Kansas","Topeka, Kansas",FOE|KFOE|KTOP|TOP,39.068657,-95.622482,America/Chicago,-300,UTC-05:00
CK,Mauke Island,Mauke Island,MUK|NCMK,-20.1361,-157.345,Pacific/Rarotonga,-600,UTC-10:00
AU,Mudgee,Mudgee,DGE|YMDG,-32.5625,149.611,Australia/Sydney,600,UTC+10:00
US,"Gaithersburg, Maryland","Gaithersburg, Maryland",GAI|KGAI,39.1006,-77.09576,America/New_York,-240,UTC-04:00
US,"Atlanta, GA","Atlanta, GA",ATL|FTY|KATL|KFTY|KPDK|PDK,33.636719,-84.428067,America/New_York,-240,UTC-04:00
RU,Kogalym,Kogalym,KGP|USRK,62.18,74.53,Asia/Yekaterinburg,300,UTC+05:00
KZ,Uralsk,Uralsk,UARR|URA,51.150833,51.543056,Asia/Qyzylorda,300,UTC+05:00
IQ,Basra,Basra,BSR|ORMM,30.549069,47.662142,Asia/Baghdad,180,UTC+03:00
PG,Mount Hagen,Mount Hagen,AYMH|HGU,-5.826789,144.295861,Pacific/Port_Moresby,600,UTC+10:00
US,"Columbus, Georgia","Columbus, Georgia",CSG|KCSG|KLSF|LSF,32.5163333,-84.9388611,America/New_York,-240,UTC-04:00
GB,Unst Shetland Is,Unst Shetland Is,EGPW|UNT,60.7472,-0.85385,Europe/London,60,UTC+01:00
RU,Ust Kut,Ust Kut,UITT|UKX,56.85,105.7167,Asia/Irkutsk,480,UTC+08:00
ID,Masamba,Masamba,MXB,-2.55804,120.324,Asia/Makassar,480,UTC+08:00
AO,Malange,Malange,FNMA|MEG,-9.525086,16.312406,Africa/Luanda,60,UTC+01:00
AL,Tirana,Tirana,LATI|TIA,41.414742,19.720561,Europe/Tirane,120,UTC+02:00
CA,Baker Lake,Baker Lake,CYBK|YBK,64.298889,-96.077778,America/Rankin_Inlet,-300,UTC-05:00
US,"Lake Placid, New York","Lake Placid, New York",KLKP|LKP,44.264444,-73.961944,America/New_York,-240,UTC-04:00
AU,Boigu Island,Boigu Island,GIC|YBOI,-9.23278,142.218,Australia/Brisbane,600,UTC+10:00
SB,Kagau,Kagau,AGKG|KGE,-7.333,157.583,Pacific/Guadalcanal,660,UTC+11:00
US,"Avon Park, Florida","Avon Park, Florida",AVO|KAVO,27.591389,-81.528889,America/New_York,-240,UTC-04:00
AR,Salta,Salta,SASA|SLA,-24.855978,-65.486169,America/Argentina/Salta,-180,UTC-03:00
CA,Greenwood,Greenwood,CYZX|YZX,44.984444,-64.916944,America/Halifax,-180,UTC-03:00
BR,Cachoeiro De Itapemirim,Cachoeiro De Itapemirim,CDI,39.9750278,-81.5775833,America/Sao_Paulo,-180,UTC-03:00
US,"Spearfish, South Dakota","Spearfish, South Dakota",KSPF|SPF,44.4811407,-103.7860053,America/Denver,-360,UTC-06:00
AU,Burketown,Burketown,BUC|YBKT,-17.7486,139.534,Australia/Brisbane,600,UTC+10:00
AU,Brampton Island,Brampton Island,BMP|YBPI,-20.8044444,149.2794444,Australia/Brisbane,600,UTC+10:00
PH,Ormoc,Ormoc,OMC|RPVO,11.057997,124.565322,Asia/Manila,480,UTC+08:00
LR,Cape Palmas,Cape Palmas,CPA|GLCP,4.37902,-7.69695,Africa/Monrovia,0,UTC+00:00
CO,Cartago,Cartago,CRC|SKGO,4.758181,-75.955753,America/Bogota,-300,UTC-05:00
TH,Hua Hin,Hua Hin,HHQ|VTPH,12.636225,99.951533,Asia/Bangkok,420,UTC+07:00
OM,Muscat,Muscat,MCT|OOMS,23.593278,58.284444,Asia/Muscat,240,UTC+04:00
GB,Bembridge,Bembridge,BBP|EGHJ,50.677778,-1.109444,Europe/London,60,UTC+01:00
PH,Tacloban,Tacloban,RPVA|TAC,11.227628,125.027758,Asia/Manila,480,UTC+08:00
KH,Kompong Chhna,Kompong Chhna,KZC,12.2552,104.564,Asia/Phnom_Penh,420,UTC+07:00
ER,Asmara,Asmara,ASM|HHAS,15.291853,38.910667,Africa/Asmara,180,UTC+03:00
US,"Gulkana, Alaska","Gulkana, Alaska",GKN|PAGK,62.154888,-145.456639,America/Anchorage,-480,UTC-08:00
CN,Yinchuan,Yinchuan,INC|ZLIC,38.481944,106.009167,Asia/Chongqing,480,UTC+08:00
US,"Denver, Colorado","Denver, Colorado",APA|DEN|KAPA|KDEN,39.861656,-104.673178,America/Denver,-360,UTC-06:00
IS,Myvatn,Myvatn,BIRL|MVA,65.6558,-16.9181,Atlantic/Reykjavik,0,UTC+00:00
US,"Port Alice, Alaska","Port Alice, Alaska",PTC,0.0,0.0,America/Anchorage,-480,UTC-08:00
CN,Suzhou,Suzhou,SZD|SZO|SZV,31.263056,120.400556,Asia/Shanghai,480,UTC+08:00
CA,Kenora,Kenora,CYQK|YQK,49.788334,-94.363056,America/Winnipeg,-300,UTC-05:00
ES,Palma Mallorca,Palma Mallorca,LEPA|PMI,39.55361,2.727778,Europe/Madrid,120,UTC+02:00
AR,Posadas,Posadas,PSS|SARP,-27.385839,-55.970728,America/Argentina/Cordoba,-180,UTC-03:00
US,"Kinston, North Carolina","Kinston, North Carolina",ISO|KISO,35.331389,-77.608889,America/New_York,-240,UTC-04:00
ID,Dumai,Dumai,DUM|WIBD,1.609194,101.433558,Asia/Jakarta,420,UTC+07:00
CO,Nuqui,Nuqui,NQU|SKNQ,5.7,-77.28,America/Bogota,-300,UTC-05:00
UZ,Urgench,Urgench,UGC|UTNU,41.5843,60.6417,Asia/Samarkand,300,UTC+05:00
CK,Rarotonga,Rarotonga,NCRG|RAR,-21.202739,-159.805556,Pacific/Rarotonga,-600,UTC-10:00
US,"Alitak, Alaska","Alitak, Alaska",ALZ,56.899444,-154.247778,America/Anchorage,-480,UTC-08:00
US,"Phoenix, Arizona","Phoenix, Arizona",AZA|DVT|KDVT|KIWA|KLUF|KPHX|LUF|PHX|SCF,33.434278,-112.011583,America/Phoenix,-420,UTC-07:00
US,"East Hampton, New York","East Hampton, New York",HTO,40.96159,-72.24852,America/New_York,-240,UTC-04:00
IN,Kanpur,Kanpur,KNU|VIKA,26.441444,80.364864,Asia/Kolkata,330,UTC+05:30
RU,Nikolaevsk na Amure,Nikolaevsk na Amure,NLI|UHNN,53.150421,140.663725,Asia/Vladivostok,600,UTC+10:00
PH,Tagbilaran,Tagbilaran,RPVT|TAG,9.66408056,123.853247,Asia/Manila,480,UTC+08:00
TR,Bursa,Bursa,BTZ|LTBR|YEI,40.255208,29.562569,Europe/Istanbul,180,UTC+03:00
CR,Tambor,Tambor,MRTR|TMU,9.73852,-85.0138,America/Costa_Rica,-360,UTC-06:00
ID,Kambuaya,Kambuaya,KBX,-1.0,132.25,Asia/Jayapura,540,UTC+09:00
KR,Won Ju,Won Ju,RKNW|WJU,37.438081,127.960383,Asia/Seoul,540,UTC+09:00
LY,Sebha,Sebha,HLLS|SEB,26.986964,14.472525,Africa/Tripoli,120,UTC+02:00
AU,Lord Howe Island,Lord Howe Island,LDH|YLHI,-31.5383,159.077,Australia/Lord_Howe,630,UTC+10:30
AR,San Antonio Oeste,San Antonio Oeste,OES|SAVN,-40.7512,-65.0343,America/Argentina/Salta,-180,UTC-03:00
RU,Ulan Ude,Ulan Ude,UIUU|UUD,51.807764,107.437644,Asia/Irkutsk,480,UTC+08:00
VN,Vinh City,Vinh City,VII|VVVH,18.737569,105.670764,Asia/Ho_Chi_Minh,420,UTC+07:00
FJ,Castaway,Castaway,CST,0.0,0.0,Pacific/Fiji,720,UTC+12:00
JP,Yonago,Yonago,RJOH|YGJ,35.492222,133.236389,Asia/Tokyo,540,UTC+09:00
HT,Cap Haitien,Cap Haitien,CAP|MTCH,19.732989,-72.194739,America/Port-au-Prince,-240,UTC-04:00
US,"Fort Dix, New Jersey","Fort Dix, New Jersey",KWRI|WRI,40.015556,-74.591667,America/New_York,-240,UTC-04:00
TW,Wonan,Wonan,RCWA|WOT,23.370833,119.494444,Asia/Taipei,480,UTC+08:00
BS,Freeport,Freeport,FPO|MYGF,26.558686,-78.695553,America/Nassau,-240,UTC-04:00
IL,Mitspeh Ramon,Mitspeh Ramon,MIP,30.77473,34.66787,Asia/Jerusalem,180,UTC+03:00
VC,Mustique Island,Mustique Island,MQS|TVSM,12.887947,-61.180161,America/St_Vincent,-240,UTC-04:00
US,"Chadron, Nebraska","Chadron, Nebraska",CDR|KCDR,42.8375,-103.095556,America/Denver,-360,UTC-06:00
BR,Guarapuava,Guarapuava,GPB|SBGU,-25.383333,-51.45,America/Sao_Paulo,-180,UTC-03:00
US,"Chicago, Illinois","Chicago, Illinois",CGX|DPA|GYY|KCGX|KDPA|KGYY|KMDW|KORD|KPWK|KRFD|KZUN|MDW|NOH|ORD|PWK|RFD|ZUN,35.083228,-108.791778,America/Chicago,-300,UTC-05:00
US,"Lubbock, Texas","Lubbock, Texas",KLBB|LBB,33.663639,-101.822778,America/Chicago,-300,UTC-05:00
WS,Apia,Apia,APW|FGI|NSFA|NSFI,-13.829969,-172.008336,Pacific/Apia,780,UTC+13:00
GY,Ogle,Ogle,OGL|SYGO,6.806944,-58.104444,America/Guyana,-240,UTC-04:00
PG,Tabubil,Tabubil,AYTB|TBG,-5.27861,141.226,Pacific/Port_Moresby,600,UTC+10:00
RU,Nogliki,Nogliki,NGK,51.788497,143.140783,Asia/Sakhalin,660,UTC+11:00
US,"Childress, Texas","Childress, Texas",CDS|KCDS,34.433781,-100.287992,America/Chicago,-300,UTC-05:00
CC,Cocos Islands,Cocos Islands,CCK|YPCC,-12.1883,96.8339,Indian/Cocos,390,UTC+06:30
US,"Indianapolis, Indiana","Indianapolis, Indiana",IND|KIND,39.717331,-86.294383,America/Indiana/Indianapolis,-240,UTC-04:00
AU,Tennant Creek,Tennant Creek,TCA|YTNK,-19.6344,134.183,Australia/Darwin,570,UTC+09:30
BR,Santa Maria,Santa Maria,RIA|SBSM,-29.711358,-53.688153,America/Sao_Paulo,-180,UTC-03:00
AE,Abu Dhabi,Abu Dhabi,AUH|AZI|OMAA|OMAD|ZVJ,24.432972,54.651138,Asia/Dubai,240,UTC+04:00
CA,Matagami,Matagami,CYNM|YNM,49.761667,-77.802778,America/Montreal,-240,UTC-04:00
IS,Bakkafjordur,Bakkafjordur,BJD,66.0219,-14.8244,Atlantic/Reykjavik,0,UTC+00:00
US,"Stebbins, Alaska","Stebbins, Alaska",WBB,63.515833,-162.278056,America/Anchorage,-480,UTC-08:00
CH,Lausanne,Lausanne,QLS,46.5436,6.61669,Europe/Monaco,120,UTC+02:00
LT,Palanga,Palanga,EYPA|PLQ,55.973228,21.093856,Europe/Vilnius,180,UTC+03:00
US,"Aspen, Colorado","Aspen, Colorado",ASE|KASE,39.2232,-106.869,America/Denver,-360,UTC-06:00
CA,Whistler,Whistler,CAE5|YWS,50.1436,-122.949,America/Vancouver,-420,UTC-07:00
FJ,Kandavu,Kandavu,KDV|NFKD,-19.0581,178.157,Pacific/Fiji,720,UTC+12:00
KZ,Taldykorgan,Taldykorgan,TDK|UAAT,45.016667,78.366667,Asia/Qyzylorda,300,UTC+05:00
KH,Stung Treng,Stung Treng,KTNX|TNX,37.798836,-116.78075,Asia/Phnom_Penh,420,UTC+07:00
AU,Queenstown,Queenstown,UEE,-42.075,145.532,Australia/Hobart,600,UTC+10:00
VU,Maewo,Maewo,MWF|NVSN,-15.0,168.083,Pacific/Efate,660,UTC+11:00
NG,Warri,Warri,DNSU|QRW,5.31,5.45,Africa/Lagos,60,UTC+01:00
US,"Iliamna, Alaska","Iliamna, Alaska",ILI|PAIL,59.754356,-154.910961,America/Anchorage,-480,UTC-08:00
MY,Semporna,Semporna,SMM,4.45,118.583,Asia/Singapore,480,UTC+08:00
US,"Petersburg, Virginia","Petersburg, Virginia",KPTB|PTB,37.18375,-77.507388,America/New_York,-240,UTC-04:00
ZA,Ulusaba,Ulusaba,ULX,-24.782766,31.353929,Africa/Kigali,120,UTC+02:00
US,"Anacortes, Washington","Anacortes, Washington",OTS,48.498889,-122.6625,America/Vancouver,-420,UTC-07:00
US,"Knoxville, Tennessee","Knoxville, Tennessee",KTYS|TYS,35.810972,-83.994028,America/New_York,-240,UTC-04:00
CL,Chaiten,Chaiten,SCTN|WCH,-42.932808,-72.699114,America/Santiago,-240,UTC-04:00
PA,Playon Chico,Playon Chico,PYC,9.303333,-78.236111,America/Panama,-300,UTC-05:00
GB,Glasgow,Glasgow,EGPF|EGPK|GLA|PIK|ZGG,55.871944,-4.433056,Europe/London,60,UTC+01:00
US,"Georgetown, South Carolina","Georgetown, South Carolina",GGE|KGGE,33.3114018,-79.3203139,America/New_York,-240,UTC-04:00
PS,Gaza City,Gaza City,GZA|LVGZ,31.246389,34.276111,Asia/Gaza,180,UTC+03:00
JP,Shirahama,Shirahama,RJBD|SHM,33.662222,135.364444,Asia/Tokyo,540,UTC+09:00
SD,El Fasher,El Fasher,ELF|HSFS,13.614892,25.32465,Africa/Khartoum,120,UTC+02:00
CN,Chongqing,Chongqing,CKG|ZUCK,29.719217,106.641678,Asia/Chongqing,480,UTC+08:00
MY,Long Semado,Long Semado,LSM,4.217,115.6,Asia/Kuching,480,UTC+08:00
TH,Pattaya,Pattaya,PYX,0.0,0.0,Asia/Bangkok,420,UTC+07:00
US,"Burbank, California","Burbank, California",BUR|KBUR,34.200667,-118.358667,America/Los_Angeles,-420,UTC-07:00
CA,Halifax,Halifax,CYAW|CYHZ|YAW|YHZ,44.880833,-63.50861,America/Halifax,-180,UTC-03:00
GR,Skiros,Skiros,LGSY|SKU,38.967553,24.487228,Europe/Athens,180,UTC+03:00
BR,Varginha,Varginha,SBVG|VAG,-21.590067,-45.473342,America/Sao_Paulo,-180,UTC-03:00
PE,Pisco,Pisco,PIO|SPSO,-13.744864,-76.220284,America/Lima,-300,UTC-05:00
NO,Haugesund,Haugesund,ENHD|HAU,59.345267,5.208364,Europe/Oslo,120,UTC+02:00
US,"Peoria, Illinois","Peoria, Illinois",KPIA|PIA,40.664203,-89.693258,America/Chicago,-300,UTC-05:00
VN,Da Nang,Da Nang,DAD|VVDN,16.043917,108.19937,Asia/Ho_Chi_Minh,420,UTC+07:00
CL,Puerto Natales,Puerto Natales,PNT|SCNT,-51.733333,-72.516667,America/Santiago,-240,UTC-04:00
GP,Terre De Haut,Terre De Haut,LSS|TFFS,15.8644,-61.5806,America/Guadeloupe,-240,UTC-04:00
JP,Asahikawa,Asahikawa,AKJ|RJEC,43.670833,142.4475,Asia/Tokyo,540,UTC+09:00
ES,Sevilla,Sevilla,LEZL|SVQ|XQA,37.418,-5.893106,Europe/Madrid,120,UTC+02:00
SY,Kameshli,Kameshli,KAC|OSKL,37.020625,41.191394,Asia/Damascus,180,UTC+03:00
IT,Grosseto,Grosseto,GRS|LIRS,42.759747,11.071897,Europe/Rome,120,UTC+02:00
US,Bristol,Bristol,KTRI|TRI,36.4752222,-82.4074167,America/New_York,-240,UTC-04:00
CA,Maniwaki,Maniwaki,CYMW|YMW,46.272778,-75.990556,America/Montreal,-240,UTC-04:00
CN,Yulin (Shaanxi),Yulin (Shaanxi),UYN|ZLYL,38.2692,109.731,Asia/Chongqing,480,UTC+08:00
NZ,Wanganui,Wanganui,NZWU|WAG,-39.962222,175.025278,Pacific/Auckland,720,UTC+12:00
DJ,Djibouti,Djibouti,HDAM|JIB,11.5472,43.1594,Africa/Djibouti,180,UTC+03:00
MH,Maloelap Island,Maloelap Island,MAV,8.70444,171.23,Asia/Vladivostok,600,UTC+10:00
ID,Galela,Galela,GLX,1.81667,127.83333,Asia/Jayapura,540,UTC+09:00
NP,Nepalganj,Nepalganj,KEP|VNNG,28.103633,81.667006,Asia/Kathmandu,345,UTC+05:45
RW,Kigali,Kigali,HRYR|KGL,-1.968628,30.13945,Africa/Kigali,120,UTC+02:00
CN,Huizhou,Huizhou,HUZ,23.083332,114.36667,Asia/Hong_Kong,480,UTC+08:00
US,"Charleston, WV","Charleston, WV",CRW|KCRW,38.373147,-81.593189,America/New_York,-240,UTC-04:00
AU,Lady Elliot Islan,Lady Elliot Islan,LYT,-24.113333,152.715278,Australia/Brisbane,600,UTC+10:00
US,"Moses Lake, Washington","Moses Lake, Washington",KMWH|MWH,47.207708,-119.32019,America/Los_Angeles,-420,UTC-07:00
PF,Papeete,Papeete,NTAA|PPT,-17.556667,-149.611389,Pacific/Tahiti,-600,UTC-10:00
MX,Guerrero Negro,Guerrero Negro,GUB|MMGR,28.0261,-114.024,America/Santa_Isabel,-420,UTC-07:00
HN,Utila,Utila,MHUT|UII,16.091667,-86.8875,America/Tegucigalpa,-360,UTC-06:00
AU,Cooktown,Cooktown,CTN|YCKN,-15.4447,145.184,Australia/Brisbane,600,UTC+10:00
BF,Ouagadougou,Ouagadougou,DFFD|OUA,12.353194,-1.512417,Africa/Ouagadougou,0,UTC+00:00
BR,Eirunepe,Eirunepe,ERN|SWEI,-6.639444,-69.879722,America/Eirunepe,-300,UTC-05:00
TZ,Tabora,Tabora,HTTB|TBO,-5.07639,32.8333,Africa/Dar_es_Salaam,180,UTC+03:00
CO,Valledupar,Valledupar,SKVP|VUP,10.435042,-73.249506,America/Bogota,-300,UTC-05:00
CN,Ningbo,Ningbo,NGB|ZSNB,29.826683,121.461906,Asia/Shanghai,480,UTC+08:00
SR,Paramaribo,Paramaribo,ORG|PBM|SMJP|SMZO,5.452831,-55.187783,America/Paramaribo,-180,UTC-03:00
PH,Marinduque,Marinduque,MRQ|RPUW,13.360967,121.825583,Asia/Manila,480,UTC+08:00
ID,Lewoleba,Lewoleba,LWE,-8.38142,123.401,Asia/Brunei,480,UTC+08:00
DE,Rheine,Rheine,ZPQ,52.27656,7.43843,Europe/Monaco,120,UTC+02:00
US,"Waterfall, Alaska","Waterfall, Alaska",KWF,55.29484,-133.24575,America/Anchorage,-480,UTC-08:00
US,"Coffman Cove, Alaska","Coffman Cove, Alaska",KCC,56.014722,-132.833889,America/Anchorage,-480,UTC-08:00
DE,Trier,Trier,EDRT|ZQF,49.8635,6.788167,Europe/Monaco,120,UTC+02:00
VN,Rach Gia,Rach Gia,VKG|VVRG,9.949676,105.133659,Asia/Ho_Chi_Minh,420,UTC+07:00
IN,Bhavnagar,Bhavnagar,BHU|VABV,21.752206,72.185181,Asia/Kolkata,330,UTC+05:30
US,"Thermal, California","Thermal, California",KTRM|TRM,33.626666,-116.1596667,America/Los_Angeles,-420,UTC-07:00
GB,Fort William,Fort William,FWM,56.816666,-5.116667,Europe/Lisbon,60,UTC+01:00
BZ,Big Creek,Big Creek,BGK,16.516667,-88.416667,America/Regina,-360,UTC-06:00
GR,Sitia,Sitia,JSH|LGST,35.216108,26.101325,Europe/Athens,180,UTC+03:00
US,"Waukegan, IL","Waukegan, IL",KUGN|UGN,42.422161,-87.867908,America/Chicago,-300,UTC-05:00
ZA,Ladysmith,Ladysmith,FALY|LAY,-28.581667,29.749722,Africa/Johannesburg,120,UTC+02:00
HT,Port De Paix,Port De Paix,MTPX|PAX,19.9336,-72.8486,America/Port-au-Prince,-240,UTC-04:00
US,"Dickinson, ND","Dickinson, ND",DIK|KDIK,46.7975,-102.801944,America/Denver,-360,UTC-06:00
CN,Shaoguan,Shaoguan,HSC,24.978611,113.421111,Asia/Shanghai,480,UTC+08:00
US,"Pine Bluff, Arkansas","Pine Bluff, Arkansas",KPBF|PBF,34.173142,-91.935597,America/Chicago,-300,UTC-05:00
US,"Savannah, Georgia","Savannah, Georgia",KSAV|KSVN|SAV|SVN,32.127583,-81.202139,America/New_York,-240,UTC-04:00
BR,Aracatuba,Aracatuba,ARU|SBAU,-21.141342,-50.424722,America/Sao_Paulo,-180,UTC-03:00
US,"Torrance, California","Torrance, California",KTOA|TOA,33.803392,-118.339611,America/Los_Angeles,-420,UTC-07:00
ZA,George,George,FAGG|GRJ,-34.005553,22.378889,Africa/Johannesburg,120,UTC+02:00
MX,Puerto Escondido,Puerto Escondido,MMPS|PXM,15.876861,-97.089117,America/Mexico_City,-360,UTC-06:00
DZ,Ghardaia,Ghardaia,DAUG|GHA,32.384106,3.794114,Africa/Algiers,60,UTC+01:00
MX,Isla Mujeres,Isla Mujeres,ISJ|MMIM,21.245033,-86.739967,America/Cancun,-300,UTC-05:00
MY,Miri,Miri,MYY|WBGR,4.322014,113.986806,Asia/Kuching,480,UTC+08:00
US,"Wichita, Kansas","Wichita, Kansas",IAB|ICT|KIAB|KICT,37.649944,-97.433056,America/Chicago,-300,UTC-05:00
AU,Launceston,Launceston,LST|YMLT,-41.545278,147.214167,Australia/Hobart,600,UTC+10:00
CI,Daloa,Daloa,DIDL|DJO,6.792808,-6.473189,Africa/Abidjan,0,UTC+00:00
CO,Providencia,Providencia,PVA|SKPV,13.356944,-81.35833,America/Bogota,-300,UTC-05:00
SO,Burao,Burao,BUO|HCMV,9.517,45.567,Africa/Mogadishu,180,UTC+03:00
IN,Kailashahar,Kailashahar,IXH|VEKR,24.308192,92.007156,Asia/Kolkata,330,UTC+05:30
CA,Chevery,Chevery,CYHR|YHR,50.4689,-59.6367,America/Blanc-Sablon,-240,UTC-04:00
AU,West Wyalong,West Wyalong,WWY,0.0,0.0,Australia/Sydney,600,UTC+10:00
TH,Udon Thani,Udon Thani,UTH|VTUD,17.386436,102.788247,Asia/Bangkok,420,UTC+07:00
ET,Waca,Waca,WAC,7.167,37.167,Africa/Addis_Ababa,180,UTC+03:00
PH,Calbayog,Calbayog,CYP|RPVC,12.072706,124.545092,Asia/Manila,480,UTC+08:00
VU,Walaha,Walaha,NVSW|WLH,-15.412,167.691,Pacific/Efate,660,UTC+11:00
AU,Hooker Creek,Hooker Creek,HOK|YHOO,-18.3367,130.638,Australia/Darwin,570,UTC+09:30
TD,Am Timan,Am Timan,AMC|FTTN,11.034,20.274,Africa/Ndjamena,60,UTC+01:00
FR,Royan,Royan,LFCY|RYN,45.628056,-0.9725,Europe/Paris,120,UTC+02:00
RU,Saint Petersburg,Saint Petersburg,FVS|LED|ULLI,59.800292,30.262503,Europe/Moscow,180,UTC+03:00
MH,Kwajalein,Kwajalein,KWA|PKWA,8.720122,167.731661,Pacific/Kwajalein,720,UTC+12:00
VU,Lamap,Lamap,LPM|NVSL,-16.454,167.823,Pacific/Efate,660,UTC+11:00
PH,Cebu,Cebu,CEB|RPVM,10.307542,123.979439,Asia/Manila,480,UTC+08:00
BO,Magdalena,Magdalena,MGD,-13.33333,-64.11667,America/La_Paz,-240,UTC-04:00
CA,Squamish,Squamish,YSE,0.0,0.0,America/Vancouver,-420,UTC-07:00
ID,Wagethe,Wagethe,WET,-4.04423,136.278,Asia/Jayapura,540,UTC+09:00
NO,Narvik,Narvik,ENNK|NVK,68.435833,17.388056,Europe/Oslo,120,UTC+02:00
FR,Saint Tropez,Saint Tropez,JSZ|LFTZ|LTT,43.2054,6.482,Europe/Paris,120,UTC+02:00
CA,Fort Good Hope,Fort Good Hope,CYGH|YGH,66.26666667,-128.65,America/Yellowknife,-360,UTC-06:00
SB,Marau Sound,Marau Sound,AGGU|RUS,-9.86167,160.825,Pacific/Guadalcanal,660,UTC+11:00
BR,Lages,Lages,LAJ,-27.7821,-50.2815,America/Sao_Paulo,-180,UTC-03:00
US,"Dothan, Alabama","Dothan, Alabama",DHN|KDHN,31.321339,-85.449628,America/Chicago,-300,UTC-05:00
BR,Presidente Pruden,Presidente Pruden,PPB|SBDN,-22.175056,-51.424639,America/Sao_Paulo,-180,UTC-03:00
US,"Green Bay, WI","Green Bay, WI",GRB|KGRB,44.485072,-88.129589,America/Chicago,-300,UTC-05:00
CR,Playa Samara,Playa Samara,MRSR|PLD,10.25,-85.417,America/Costa_Rica,-360,UTC-06:00
BW,Shakawe,Shakawe,FBSW|SWX,-18.3739,21.8326,Africa/Gaborone,120,UTC+02:00
PE,Tacna,Tacna,SPTN|TCQ,-18.053333,-70.275833,America/Lima,-300,UTC-05:00
FR,Aubenas,Aubenas,LFHO|OBS,44.544236,4.372192,Europe/Paris,120,UTC+02:00
US,"Rome, Georgia","Rome, Georgia",KRMG|RMG,34.3507778,-85.1586667,America/New_York,-240,UTC-04:00
FI,Vaasa,Vaasa,EFVA|VAA,63.05065,21.762175,Europe/Helsinki,180,UTC+03:00
IN,Rourkela,Rourkela,RRK|VERK,22.25665,84.814567,Asia/Kolkata,330,UTC+05:30
US,"Calexico, California","Calexico, California",CXL|KCXL,32.669502,-115.51333,America/Los_Angeles,-420,UTC-07:00
RU,Ivanovo (Ivanovskaya obl.),Ivanovo (Ivanovskaya obl.),IWA|UUBI,56.939444,40.940833,Europe/Moscow,180,UTC+03:00
BR,Trombetas,Trombetas,SBTB|TMT,-1.4896,-56.396803,America/Santarem,-180,UTC-03:00
ET,Mekane Selam,Mekane Selam,HAMA|MKS,10.633333,38.783333,Africa/Addis_Ababa,180,UTC+03:00
US,"Aniak, Alaska","Aniak, Alaska",ANI|PANI,61.5816,-159.543,America/Anchorage,-480,UTC-08:00
CN,Enshi,Enshi,ENH|ZHES,30.3203,109.485,Asia/Shanghai,480,UTC+08:00
GB,Coll Island,Coll Island,COL,56.633333,-6.557222,Europe/London,60,UTC+01:00
GN,Kankan,Kankan,GUXD|KNN,10.448333,-9.227499,Africa/Conakry,0,UTC+00:00
JP,Iwo Jima Vol,Iwo Jima Vol,IWO|RJAW,24.784,141.322722,Asia/Tokyo,540,UTC+09:00
CW,Curacao,Curacao,CUR|TNCC,12.188853,-68.959803,America/Curacao,-240,UTC-04:00
KE,Malindi,Malindi,HKML|MYD,-3.22931,40.1017,Africa/Nairobi,180,UTC+03:00
ID,Banjarmasin,Banjarmasin,BDJ|WAOO,-3.442356,114.762553,Asia/Makassar,480,UTC+08:00
MG,Manakara,Manakara,FMSK|WVK,-22.119722,48.021667,Indian/Antananarivo,180,UTC+03:00
AU,Coffs Harbour,Coffs Harbour,CFS|YSCH,-30.320556,153.116389,Australia/Sydney,600,UTC+10:00
TR,Isparta,Isparta,ISE|LTFC,37.8554,30.3684,Europe/Istanbul,180,UTC+03:00
AU,Ngukurr,Ngukurr,RPM,-14.7228,134.74699,Australia/Darwin,570,UTC+09:30
US,"Elfin Cove, Alaska","Elfin Cove, Alaska",ELV|PAEL,58.195278,-136.3475,America/Juneau,-480,UTC-08:00
FR,Mende,Mende,LFNB|MEN,44.502108,3.532819,Europe/Paris,120,UTC+02:00
CA,Miners Bay,Miners Bay,CYAV|YAV,50.056389,-97.0325,America/Vancouver,-420,UTC-07:00
ID,Bintuni,Bintuni,NTI,-2.10416,133.522,Asia/Jayapura,540,UTC+09:00
PG,Kerema,Kerema,AYKM|KMA,-7.96361,145.771,Pacific/Port_Moresby,600,UTC+10:00
NG,Lagos,Lagos,DNMM|LOS,6.577369,3.321156,Africa/Lagos,60,UTC+01:00
AU,Penneshaw,Penneshaw,PEA|YPSH,-34.75,137.933,Australia/Adelaide,570,UTC+09:30
AF,Sardeh Band,Sardeh Band,SBF,0.0,0.0,Asia/Kabul,270,UTC+04:30
US,"Bullhead City, Arizona","Bullhead City, Arizona",IFP,35.1574,-114.56,America/Phoenix,-420,UTC-07:00
SA,Bisha,Bisha,BHH|OEBH,19.98435,42.620881,Asia/Riyadh,180,UTC+03:00
MU,Mauritius,Mauritius,FIMP|MRU,-20.430235,57.6836,Indian/Mauritius,240,UTC+04:00
KE,Kerio Valley,Kerio Valley,KRV,0.1912,35.3954,Asia/Aden,180,UTC+03:00
BR,Monte Dourado,Monte Dourado,MEU,-0.88984,-52.6022,America/Santarem,-180,UTC-03:00
JO,Amman,Amman,ADJ|AMM|OJAI|OJAM,31.722556,35.993214,Asia/Amman,180,UTC+03:00
PT,Faro,Faro,FAO|LPFR,37.014425,-7.965911,Europe/Lisbon,60,UTC+01:00
US,"Stevens Point, Wisconsin","Stevens Point, Wisconsin",KSTE|STE,44.5451356,-89.5302844,America/Merida,-360,UTC-06:00
PK,Khuzdar,Khuzdar,KDD|OPKH,27.7906,66.6473,Asia/Karachi,300,UTC+05:00
US,"Fairfield, California","Fairfield, California",KSUU|SUU,38.262692,-121.927464,America/Los_Angeles,-420,UTC-07:00
JM,Port Antonio,Port Antonio,MKKJ|POT,18.198806,-76.534528,America/Jamaica,-300,UTC-05:00
FJ,Vanuabalavu,Vanuabalavu,NFVB|VBV,-17.269,-178.976,Pacific/Fiji,720,UTC+12:00
NP,Bharatpur,Bharatpur,BHR|VNBP,27.6781,84.4294,Asia/Kathmandu,345,UTC+05:45
US,"Angola, Indiana","Angola, Indiana",ANQ|KANQ,41.6396983,-85.0834933,America/Indiana/Indianapolis,-240,UTC-04:00
CA,Nanisivik,Nanisivik,CYSR|YSR,72.982222,-84.613611,America/Iqaluit,-240,UTC-04:00
ID,Bandar Lampung,Bandar Lampung,TKG|WICT,-5.242339,105.178939,Asia/Jakarta,420,UTC+07:00
IT,Ancona,Ancona,AOI|LIPY,43.616389,13.362222,Europe/Rome,120,UTC+02:00
US,"Marco Island, Florida","Marco Island, Florida",KMKY|MRK,25.9950278,-81.6725278,America/Indiana/Indianapolis,-240,UTC-04:00
CI,Abidjan,Abidjan,ABJ|DIAP,5.261386,-3.926294,Africa/Abidjan,0,UTC+00:00
NO,Batsfjord,Batsfjord,BJF|ENBS,70.600278,29.6925,Europe/Oslo,120,UTC+02:00
GR,Preveza Lefkas,Preveza Lefkas,LGPZ|PVK,38.925467,20.765311,Europe/Athens,180,UTC+03:00
FR,Bourges,Bourges,BOU|LFLD,47.058056,2.370278,Europe/Paris,120,UTC+02:00
MH,Aur Island,Aur Island,AUL,8.14528,171.173,Asia/Vladivostok,600,UTC+10:00
EC,Macas,Macas,SEMC|XMS,-2.299167,-78.12075,America/Guayaquil,-300,UTC-05:00
ID,Ketapang,Ketapang,KTG|WIOK,-1.816639,109.963483,Asia/Pontianak,420,UTC+07:00
NO,Leknes,Leknes,ENLK|LKN,68.1525,13.6094,Europe/Oslo,120,UTC+02:00
JP,Osaka,Osaka,ITM|KIX|RJBB|RJBE|RJOO|UKB,34.632778,135.223889,Asia/Tokyo,540,UTC+09:00
FI,Enontekio,Enontekio,EFET|ENF,68.362586,23.424322,Europe/Helsinki,180,UTC+03:00
HR,Zadar,Zadar,LDZD|ZAD,44.108269,15.346697,Europe/Zagreb,120,UTC+02:00
US,"Grants, New Mexico","Grants, New Mexico",GNT|KGNT,35.167286,-107.901989,America/Denver,-360,UTC-06:00
MA,Smara,Smara,GMMA|SMW,26.7318,-11.6847,Africa/El_Aaiun,60,UTC+01:00
DO,Puerto Plata,Puerto Plata,MDPP|POP,19.7579,-70.570033,America/Santo_Domingo,-240,UTC-04:00
CA,"Deer Lake, NL","Deer Lake, NL",CYDF|YDF,49.210833,-57.391388,America/St_Johns,-150,UTC-02:30
US,"Montgomery, AL","Montgomery, AL",KMGM|KMXF|MGM|MXF,32.3006389,-86.3939722,America/Chicago,-300,UTC-05:00
SE,Oestersund,Oestersund,ESNZ|OSD,63.1944,14.5003,Europe/Stockholm,120,UTC+02:00
DO,Barahona,Barahona,BRX|MDBH,18.251464,-71.1204,America/Santo_Domingo,-240,UTC-04:00
FJ,Ngau Island,Ngau Island,NFNG|NGI,-18.1156,179.34,Pacific/Fiji,720,UTC+12:00
US,"Cedar Key, Florida","Cedar Key, Florida",CDK|KCDK,29.1342222,-83.0504722,America/Indiana/Indianapolis,-240,UTC-04:00
US,"Asheville, North Carolina","Asheville, North Carolina",AVL|KAVL,35.436194,-82.541806,America/New_York,-240,UTC-04:00
US,"Watertown, South Dakota","Watertown, South Dakota",ATY|KATY,44.914,-97.1547,America/Chicago,-300,UTC-05:00
DE,Essen,Essen,EDLE|ESS|ESZ,51.402333,6.937333,Europe/Berlin,120,UTC+02:00
BS,San Andros,San Andros,MYAN|SAQ,25.053814,-78.048997,America/Nassau,-240,UTC-04:00
CO,Chigorodo,Chigorodo,IGO,7.68038,-76.6865,America/Bogota,-300,UTC-05:00
ZA,Londolozi,Londolozi,LDZ,-24.8333,31.5,Africa/Johannesburg,120,UTC+02:00
HR,Split,Split,LDSP|SPU,43.538944,16.297964,Europe/Zagreb,120,UTC+02:00
PG,Baimuru,Baimuru,VMU,-7.49686,144.82,Asia/Vladivostok,600,UTC+10:00
ET,Gode Iddidole,Gode Iddidole,GDE|HAGO,5.935128,43.578567,Africa/Addis_Ababa,180,UTC+03:00
GR,Kerkyra,Kerkyra,CFU|LGKR,39.601944,19.911667,Europe/Athens,180,UTC+03:00
BR,Joacaba,Joacaba,JCB|SSJA,-27.172778,-51.500833,America/Sao_Paulo,-180,UTC-03:00
FR,Perpignan,Perpignan,LFMP|PGF,42.740442,2.870667,Europe/Paris,120,UTC+02:00
CN,Hangzhou,Hangzhou,HGH|HHL|HZD|ZSHC,30.229503,120.434453,Asia/Shanghai,480,UTC+08:00
RU,Oryol,Oryol,OEL,52.9347,36.0022,Europe/Moscow,180,UTC+03:00
US,"Bowling Green, Kentucky","Bowling Green, Kentucky",BWG|KBWG,36.9645278,-86.4196667,America/Chicago,-300,UTC-05:00
PA,Mamitupo,Mamitupo,KMPI|MPI,37.3039,-120.0222,America/Panama,-300,UTC-05:00
BR,Vilhena,Vilhena,BVH|SBVH,-12.694375,-60.098269,America/Porto_Velho,-240,UTC-04:00
US,"Sidney, Nebraska","Sidney, Nebraska",KSNY|SNY,41.10167,-102.985,America/Denver,-360,UTC-06:00
UZ,Qarshi,Qarshi,KSQ|UTSL,38.8336,65.9215,Asia/Samarkand,300,UTC+05:00
CA,Sainte Therese Point,Sainte Therese Point,CYST|YST,53.8456,-94.8519,America/Winnipeg,-300,UTC-05:00
NE,Tahoua,Tahoua,DRRT|THZ,14.875658,5.265358,Africa/Niamey,60,UTC+01:00
ES,Almeria,Almeria,AMR|LEAM|LEI,36.843936,-2.370097,Europe/Madrid,120,UTC+02:00
PE,Tumbes,Tumbes,SPME|TBP,-3.552528,-80.381356,America/Lima,-300,UTC-05:00
CA,Hornepayne,Hornepayne,CYHN|YHN,49.193056,-84.758889,America/Toronto,-240,UTC-04:00
FR,Chessy,Chessy,XED,48.870444,2.782824,Europe/Paris,120,UTC+02:00
NZ,Whangarei,Whangarei,NZWR|WRE,-35.768333,174.365,Pacific/Auckland,720,UTC+12:00
MY,Long Banga,Long Banga,LBP,3.18495,115.454,Asia/Taipei,480,UTC+08:00
AU,Albury,Albury,ABX|YMAY,-36.067778,146.958056,Australia/Sydney,600,UTC+10:00
CR,Barra Colorado,Barra Colorado,BCL|MRBC,10.768736,-83.585614,America/Costa_Rica,-360,UTC-06:00
PA,Chitre,Chitre,CTD|MPCE,7.98784,-80.4097,America/Panama,-300,UTC-05:00
JP,Hateruma,Hateruma,HTR,24.06667,123.8,Asia/Tokyo,540,UTC+09:00
CV,Santo Antao,Santo Antao,NTO,17.2028,-25.0906,Atlantic/Cape_Verde,-60,UTC-01:00
RU,Nazran,Nazran,IGT,43.318309,45.012531,Europe/Moscow,180,UTC+03:00
US,"Hyder, Alaska","Hyder, Alaska",WHD,55.903333,-130.006667,America/Anchorage,-480,UTC-08:00
CA,Yorkton,Yorkton,CYQV|YQV,51.264721,-102.461667,America/Regina,-360,UTC-06:00
DE,Heidelberg,Heidelberg,EDIU|HDB,49.393333,8.6525,Europe/Berlin,120,UTC+02:00
GR,Naxos,Naxos,JNX|LGNX,37.080556,25.368056,Europe/Athens,180,UTC+03:00
VN,Tuy Hoa,Tuy Hoa,TBB|VVTH,13.04955,109.333706,Asia/Ho_Chi_Minh,420,UTC+07:00
RU,Tomsk,Tomsk,TOF|UNTT,56.380278,85.208333,Asia/Novosibirsk,420,UTC+07:00
PF,Apataki,Apataki,APK|NTGD,-15.5736,-146.415,Pacific/Tahiti,-600,UTC-10:00
LY,Tobruk,Tobruk,HLGN|TOB,31.861,23.907,Africa/Tripoli,120,UTC+02:00
CN,Shashi,Shashi,SHS,30.3244,112.281,Asia/Shanghai,480,UTC+08:00
UY,Punta Del Este,Punta Del Este,PDP|SULS,-34.855139,-55.094278,America/Montevideo,-180,UTC-03:00
BR,Londrina,Londrina,LDB|SBLO,-23.333625,-51.130072,America/Sao_Paulo,-180,UTC-03:00
PG,Woitape,Woitape,WTP,-8.533,147.25,Pacific/Port_Moresby,600,UTC+10:00
CO,Yaguara,Yaguara,AYG,1.54417,-73.9333,America/Bogota,-300,UTC-05:00
US,"Nashville, Tennessee","Nashville, Tennessee",BNA|KBNA,36.124472,-86.678194,America/Chicago,-300,UTC-05:00
DE,Dortmund,Dortmund,DTM|DTZ|EDLW,51.518314,7.612242,Europe/Berlin,120,UTC+02:00
CY,Nicosia,Nicosia,NIC,35.15111,33.27222,Europe/Vilnius,180,UTC+03:00
TW,Hualien,Hualien,HUN|RCYU,24.023725,121.616906,Asia/Taipei,480,UTC+08:00
MY,Long Pasia,Long Pasia,GSA,4.4,115.717,Asia/Kuching,480,UTC+08:00
SE,Oerebro,Oerebro,ESOE|ORB,59.223733,15.037956,Europe/Stockholm,120,UTC+02:00
VE,Santa Barbara Ba,Santa Barbara Ba,SBB,7.80351,-71.16572,America/Caracas,-240,UTC-04:00
ET,Kabri Dar,Kabri Dar,ABK|HAKD,6.734,44.253,Africa/Addis_Ababa,180,UTC+03:00
US,"Sheboygan, WI","Sheboygan, WI",KSBM|SBM,43.7696,-87.851402,America/Merida,-360,UTC-06:00
AU,Bolwarra,Bolwarra,BCK|YBWR,-17.3877,144.1708,Australia/Hobart,600,UTC+10:00
CA,Sherbrooke,Sherbrooke,CYSC|YSC,45.438611,-71.691389,America/Montreal,-240,UTC-04:00
CN,Xining,Xining,XNN|ZLXN,36.5275,102.043,Asia/Chongqing,480,UTC+08:00
AU,Mount Isa,Mount Isa,ISA|YBMA,-20.663889,139.488611,Australia/Brisbane,600,UTC+10:00
US,"Watertown, New York","Watertown, New York",ART|KART,43.991922,-76.021739,America/New_York,-240,UTC-04:00
CY,Akrotiri,Akrotiri,AKT|LCRA,34.590416,32.987861,Asia/Nicosia,180,UTC+03:00
CD,Kikwit,Kikwit,FZCA|KKW,-5.035767,18.785631,Africa/Kinshasa,60,UTC+01:00
PG,Ihu,Ihu,IHU,-7.89756,145.396,Asia/Vladivostok,600,UTC+10:00
PF,Ua Huka,Ua Huka,NTMU|UAH,-8.93611,-139.552,Pacific/Marquesas,-570,UTC-09:30
ES,Badajoz,Badajoz,BJZ|LEBZ,38.89125,-6.821333,Europe/Madrid,120,UTC+02:00
US,"Williston, North Dakota","Williston, North Dakota",ISN|KISN|XWA,48.177939,-103.642347,America/Chicago,-300,UTC-05:00
PE,Pucallpa,Pucallpa,PCL|SPCL,-8.377939,-74.574297,America/Lima,-300,UTC-05:00
MX,Jalapa,Jalapa,JAL|MMJA,19.475083,-96.797506,America/Mexico_City,-360,UTC-06:00
EG,Aswan,Aswan,ASW|HESN,23.964356,32.819975,Africa/Cairo,180,UTC+03:00
US,"Winter Haven, Florida","Winter Haven, Florida",GIF|KGIF,28.062778,-81.753333,America/New_York,-240,UTC-04:00
VC,Port Elizabeth,Port Elizabeth,BQU|TVSB,12.988444,-61.262033,America/St_Vincent,-240,UTC-04:00
FI,Ivalo,Ivalo,EFIV|IVL,68.607269,27.405328,Europe/Helsinki,180,UTC+03:00
NO,Kristiansund,Kristiansund,ENKB|KSU,63.111781,7.824522,Europe/Oslo,120,UTC+02:00
DE,Frankfurt am Main,Frankfurt am Main,EDDF|EDFH|FRA|FRF|HHN|QGV|ZRB,50.026421,8.543125,Europe/Berlin,120,UTC+02:00
HN,Ahuas,Ahuas,AHS|MHAH,15.4722,-84.3522,America/Tegucigalpa,-360,UTC-06:00
AO,Menongue,Menongue,FNME|SPP,-14.657583,17.719833,Africa/Luanda,60,UTC+01:00
GR,Mykonos,Mykonos,JMK|LGMK,37.435128,25.348103,Europe/Athens,180,UTC+03:00
US,"Clemson, South Carolina","Clemson, South Carolina",CEU|KCEU,34.6722222,-82.8858889,America/New_York,-240,UTC-04:00
MZ,Benguera Island,Benguera Island,BCW,-21.849167,35.436944,Asia/Amman,180,UTC+03:00
CG,Ouesso,Ouesso,FCOU|OUE,1.615994,16.037917,Africa/Brazzaville,60,UTC+01:00
IN,Amritsar,Amritsar,ATQ|VIAR,31.709594,74.797264,Asia/Kolkata,330,UTC+05:30
US,"Hydaburg, Alaska","Hydaburg, Alaska",HYG|PAHY,55.206389,-132.828333,America/Sitka,-480,UTC-08:00
AU,Wee Waa,Wee Waa,WEW,-30.25358,149.40943,Australia/Sydney,600,UTC+10:00
RU,Pechora,Pechora,PEX,65.070387,57.082045,Europe/Moscow,180,UTC+03:00
ID,Tanjung Selor,Tanjung Selor,TJS|WALG,2.83641,117.374,Asia/Makassar,480,UTC+08:00
US,"Aberdeen, MD","Aberdeen, MD",APG|KAPG,39.466219,-76.168808,America/New_York,-240,UTC-04:00
US,"Candle, Alaska","Candle, Alaska",CDL,0.0,0.0,America/Anchorage,-480,UTC-08:00
GB,Rochester,Rochester,EGTO|RCS,51.351944,0.502778,Europe/London,60,UTC+01:00
CA,Pickle Lake,Pickle Lake,CYPL|YPL,51.446388,-90.214167,America/Toronto,-240,UTC-04:00
RU,Ulyanovsk,Ulyanovsk,ULV|ULY|UWLL|UWLW,54.401,48.8027,Europe/Samara,240,UTC+04:00
NE,Agades,Agades,AJY|DRZA,16.965997,8.000114,Africa/Niamey,60,UTC+01:00
GA,Bitam,Bitam,BMM|FOOB,2.075639,11.493195,Africa/Libreville,60,UTC+01:00
GB,Lancaster,Lancaster,XQL,54.0433,-2.7982,Europe/London,60,UTC+01:00
NZ,Blenheim,Blenheim,BHE|NZWB,-41.518333,173.870278,Pacific/Auckland,720,UTC+12:00
PE,Moyobamba,Moyobamba,MBP,-6.01889,-76.98833,America/Lima,-300,UTC-05:00
US,"Latrobe, Pennsylvania","Latrobe, Pennsylvania",KLBE|LBE,40.2759,-79.4048,America/New_York,-240,UTC-04:00
AU,Gayndah,Gayndah,GAH|YGAY,-25.61528,151.62083,Australia/Brisbane,600,UTC+10:00
JP,Miyako Jima,Miyako Jima,MMY|ROMY,24.782833,125.295111,Asia/Tokyo,540,UTC+09:00
PG,Kanabea,Kanabea,KEMP|KEX,47.724,10.311,Asia/Vladivostok,600,UTC+10:00
SS,Juba,Juba,HSSJ|JUB,4.872006,31.601117,Africa/Juba,120,UTC+02:00
AU,Smithton,Smithton,SIO,-40.835,145.084,Australia/Hobart,600,UTC+10:00
CA,Fort Albany,Fort Albany,CYFA|YFA,52.2014,-81.6969,America/Toronto,-240,UTC-04:00
VE,Canaima,Canaima,CAJ|SVCN,6.231989,-62.854433,America/Caracas,-240,UTC-04:00
RU,Tarko-Sale,Tarko-Sale,TQL,40.51751,17.40321,Asia/Yekaterinburg,300,UTC+05:00
US,"Shungnak, Alaska","Shungnak, Alaska",PAGH|SHG,66.888056,-157.1625,America/Anchorage,-480,UTC-08:00
MX,Mazatlan,Mazatlan,MMMZ|MZT,23.161356,-106.266072,America/Mazatlan,-420,UTC-07:00
FR,Quimper,Quimper,LFRQ|UIP,47.974981,-4.167786,Europe/Paris,120,UTC+02:00
NP,Rajbiraj,Rajbiraj,RJB,26.517,86.75,Asia/Kathmandu,345,UTC+05:45
AT,Bregenz,Bregenz,XGZ,47.50304477,9.740063457,Europe/Vienna,120,UTC+02:00
BD,Sylhet,Sylhet,VGSY|ZYL,24.963242,91.866783,Asia/Dhaka,360,UTC+06:00
BZ,Caye Chapel,Caye Chapel,CYC,17.683611,-88.045,America/Costa_Rica,-360,UTC-06:00
AR,El Bolson,El Bolson,EHL|SAVB,-41.943189,-71.532289,America/Argentina/Salta,-180,UTC-03:00
RU,Bratsk,Bratsk,BTK|UIBB,56.370556,101.698331,Asia/Irkutsk,480,UTC+08:00
ID,Gebe,Gebe,GEB,-0.07889,129.45799,Asia/Jayapura,540,UTC+09:00
GB,Blackbush,Blackbush,BBS|EGLK,51.323889,-0.8475,Europe/London,60,UTC+01:00
MG,Antananarivo,Antananarivo,FMMI|TNR,-18.79695,47.478806,Indian/Antananarivo,180,UTC+03:00
US,"Brainerd, Minnesota","Brainerd, Minnesota",BRD|KBRD,46.398308,-94.138078,America/Chicago,-300,UTC-05:00
LS,Maseru,Maseru,FXMM|MSU,-29.462256,27.552503,Africa/Maseru,120,UTC+02:00
FI,Varkaus,Varkaus,EFVR|VRK,62.171111,27.868611,Europe/Helsinki,180,UTC+03:00
IR,Shiraz,Shiraz,OISS|SYZ,29.539242,52.589786,Asia/Tehran,210,UTC+03:30
US,"Cape Newenham, Alaska","Cape Newenham, Alaska",EHM|PAEH,58.646428,-162.062778,America/Nome,-480,UTC-08:00
NO,Svolvaer,Svolvaer,ENSH|SVJ,68.2433,14.6692,Europe/Oslo,120,UTC+02:00
RU,Bor (Krasnoyarsk Krai),Bor (Krasnoyarsk Krai),TGP|UNIP,61.566667,89.933333,Asia/Krasnoyarsk,420,UTC+07:00
AU,Bamaga,Bamaga,ABM|YBAM,-10.950833,142.459444,Australia/Brisbane,600,UTC+10:00
PF,Moorea,Moorea,MOZ|NTTM,-17.489972,-149.761869,Pacific/Tahiti,-600,UTC-10:00
CN,Changzhou,Changzhou,CZV|CZX|ZSCG,31.941667,119.711667,Asia/Shanghai,480,UTC+08:00
US,"Anniston, Alabama","Anniston, Alabama",ANB|KANB,33.588167,-85.858111,America/Chicago,-300,UTC-05:00
MY,Kudat,Kudat,KUD|WBKT,6.9225,116.836,Asia/Kuching,480,UTC+08:00
BR,Rio Branco,Rio Branco,RBR|SBRB,-9.583,-67.4836,America/Rio_Branco,-300,UTC-05:00
FR,Annecy,Annecy,LFLP|NCY,45.929233,6.098764,Europe/Paris,120,UTC+02:00
ES,Valladolid,Valladolid,LEVD|VLL|XIV,41.706111,-4.851944,Europe/Madrid,120,UTC+02:00
RU,Stavropol,Stavropol,STW|URMT,45.110804,42.106169,Europe/Moscow,180,UTC+03:00
NP,Meghauli,Meghauli,MEY|VNMG,27.583,84.233,Asia/Kathmandu,345,UTC+05:45
AR,Catamarca,Catamarca,CTC|SANC,-28.593214,-65.750925,America/Argentina/Catamarca,-180,UTC-03:00
IE,Bantry,Bantry,BYT|EIBN,51.668598,-9.48417,Europe/Dublin,60,UTC+01:00
BR,Sao Jose Do Rio Preto,Sao Jose Do Rio Preto,SBSR|SJP,-20.816567,-49.406511,America/Sao_Paulo,-180,UTC-03:00
PG,Witu,Witu,WIU,0.0,0.0,Asia/Vladivostok,600,UTC+10:00
PH,Iloilo,Iloilo,ILO|RPVI,10.713044,122.545297,Asia/Manila,480,UTC+08:00
US,"Las Vegas, New Mexico","Las Vegas, New Mexico",KLVS|LVS,35.654222,-105.142389,America/Denver,-360,UTC-06:00
ZM,Kasama,Kasama,KAA,-10.21667,31.13333,Africa/Lusaka,120,UTC+02:00
NO,Sandane,Sandane,ENSD|SDN,61.83,6.10583,Europe/Oslo,120,UTC+02:00
AU,Condobolin,Condobolin,CBX,-33.0644,147.209,Australia/Sydney,600,UTC+10:00
US,"Sturgeon Bay, WI","Sturgeon Bay, WI",SUE,44.8436667,-87.4215556,America/Merida,-360,UTC-06:00
BZ,Belize City,Belize City,BZE|MZBZ|TZA,17.539144,-88.308203,America/Belize,-360,UTC-06:00
CA,Sachs Harbour,Sachs Harbour,CYSY|YSY,71.993889,-125.2425,America/Yellowknife,-360,UTC-06:00
AU,Toowoomba,Toowoomba,TWB|YTWB,-27.542778,151.916389,Australia/Brisbane,600,UTC+10:00
US,"Windom, MN","Windom, MN",KMWM|MWM,43.9134017,-95.1094083,America/Merida,-360,UTC-06:00
SE,Arvidsjaur,Arvidsjaur,AJR|ESNX,65.590278,19.281944,Europe/Stockholm,120,UTC+02:00
ID,Okaba,Okaba,OKQ,-8.08822,139.71899,Asia/Jayapura,540,UTC+09:00
DE,Aachen,Aachen,AAH|EDKA|XHJ,50.823194,6.186389,Europe/Berlin,120,UTC+02:00
CZ,Ostrava,Ostrava,LKMT|OSR|XJV,49.696292,18.111053,Europe/Prague,120,UTC+02:00
MX,Poza Rica,Poza Rica,MMPA|PAZ,20.602671,-97.460839,America/Mexico_City,-360,UTC-06:00
CA,Pangnirtung,Pangnirtung,CYXP|YXP,66.145,-65.713611,America/Pangnirtung,-240,UTC-04:00
US,"Cape Lisburne, Alaska","Cape Lisburne, Alaska",LUR|PALU,68.875133,-166.110022,America/Nome,-480,UTC-08:00
NP,Bajura,Bajura,BJU|VNBR,29.50611,81.66944,Asia/Kathmandu,345,UTC+05:45
US,"Pueblo, Colorado","Pueblo, Colorado",KPUB|PUB,38.289085,-104.496572,America/Denver,-360,UTC-06:00
NZ,Whitianga,Whitianga,NZWT|WTZ,-36.835833,175.700278,Pacific/Auckland,720,UTC+12:00
AU,Camden,Camden,CDU|YSCN,-34.040278,150.687222,Australia/Sydney,600,UTC+10:00
ID,Illaga,Illaga,ILA,-3.83328,137.58299,Asia/Jayapura,540,UTC+09:00
US,"Chisholm, Minnesota","Chisholm, Minnesota",HIB|KHIB,47.3866,-92.838994,America/Chicago,-300,UTC-05:00
US,"Grand Canyon, Arizona","Grand Canyon, Arizona",FLG|GCN|JGC|KFLG|KGCN,35.9523611,-112.1469722,America/Phoenix,-420,UTC-07:00
US,"Sumter, South Carolina","Sumter, South Carolina",KSSC|SSC,33.972719,-80.470564,America/New_York,-240,UTC-04:00
US,"Kankakee, Illinois","Kankakee, Illinois",IKK|KIKK,41.071389,-87.846278,America/Chicago,-300,UTC-05:00
IN,Satna,Satna,TNI|VIST,24.562319,80.854933,Asia/Kolkata,330,UTC+05:30
US,"Detroit, Michigan","Detroit, Michigan",DET|DTW|KDET|KDTW|KYIP|YIP,42.409195,-83.009861,America/Detroit,-240,UTC-04:00
CO,Tame,Tame,SKTM|TME,6.451081,-71.760261,America/Bogota,-300,UTC-05:00
CA,Gimli,Gimli,CYGM|YGM,50.628056,-97.043333,America/Winnipeg,-300,UTC-05:00
IT,Vieste,Vieste,VIF,41.885277,16.176945,Europe/Monaco,120,UTC+02:00
RU,Yuzhno Sakhalinsk,Yuzhno Sakhalinsk,UHSS|UUS,46.888672,142.717531,Asia/Sakhalin,660,UTC+11:00
US,"Bridgeport, Connecticut","Bridgeport, Connecticut",BDR|KBDR,41.163472,-73.126167,America/New_York,-240,UTC-04:00
NO,Bergen,Bergen,BGO|ENBR,60.293386,5.218142,Europe/Oslo,120,UTC+02:00
RU,Novokuznetsk,Novokuznetsk,NOZ|UNWW,53.8114,86.8772,Asia/Novokuznetsk,420,UTC+07:00
CA,Prince Rupert,Prince Rupert,CYPR|CZSW|YPR|ZSW,54.28611,-130.444722,America/Vancouver,-420,UTC-07:00
AU,Gladstone,Gladstone,GLT|YGLA,-23.8697,151.223,Australia/Brisbane,600,UTC+10:00
GA,Minvoul,Minvoul,MVX,2.15,12.133,Africa/Libreville,60,UTC+01:00
AU,Lightning Ridge,Lightning Ridge,LHG|YLRD,-29.4567,147.984,Australia/Sydney,600,UTC+10:00
US,"Fort Lauderdale, FL","Fort Lauderdale, FL",FBT|FLL|FXE|KFLL|KFXE,26.072583,-80.15275,America/New_York,-240,UTC-04:00
BR,Pelotas,Pelotas,PET|SBPK,-31.718353,-52.327689,America/Sao_Paulo,-180,UTC-03:00
FR,Vannes,Vannes,LFRV|VNE,47.723303,-2.718561,Europe/Paris,120,UTC+02:00
ZA,Messina,Messina,FAMS|MEZ,-25.704458,26.908978,Africa/Johannesburg,120,UTC+02:00
SB,Mono,Mono,AGGO|MNY,-7.41694,155.565,Pacific/Guadalcanal,660,UTC+11:00
WF,Futuna Island,Futuna Island,FUT|NLWF,-14.3114,-178.066,Pacific/Wallis,720,UTC+12:00
AF,Kunduz,Kunduz,OAUZ|UND,36.665111,68.910833,Asia/Kabul,270,UTC+04:30
TT,Tobago,Tobago,TAB|TTCP,11.149658,-60.832194,America/Port_of_Spain,-240,UTC-04:00
AO,M Banza Congo,M Banza Congo,FNBC|SSY,-6.269897,14.247025,Africa/Luanda,60,UTC+01:00
RO,Constanta,Constanta,CND|LRCK,44.362222,28.488333,Europe/Bucharest,180,UTC+03:00
SA,Gizan,Gizan,GIZ|OEGN,16.901111,42.585833,Asia/Riyadh,180,UTC+03:00
US,"Las Cruces, New Mexico","Las Cruces, New Mexico",KLRU|LRU,32.289417,-106.921972,America/Denver,-360,UTC-06:00
US,"Tetlin, Alaska","Tetlin, Alaska",TEH,0.0,0.0,America/Anchorage,-480,UTC-08:00
CA,Fredericton,Fredericton,CYFC|YFC,45.868889,-66.537222,America/Moncton,-180,UTC-03:00
IT,Florence,Florence,FIR|FLR|LIRQ|ZMS,43.809953,11.2051,Europe/Rome,120,UTC+02:00
RU,Gorno-Altaisk,Gorno-Altaisk,RGK|UNBG,51.966667,85.833333,Asia/Omsk,360,UTC+06:00
BT,Paro,Paro,PBH|VQPR,27.403192,89.424606,Asia/Thimphu,360,UTC+06:00
US,"Sheldon Point, Alaska","Sheldon Point, Alaska",SXP,62.520556,-164.847778,America/Anchorage,-480,UTC-08:00
AU,Sunshine Coast,Sunshine Coast,MCY|YBMC,-26.603333,153.091111,Australia/Brisbane,600,UTC+10:00
US,"Dora Bay, Alaska","Dora Bay, Alaska",DOF,0.0,0.0,America/Anchorage,-480,UTC-08:00
AR,Corrientes,Corrientes,CNQ|SARC,-27.445503,-58.761864,America/Argentina/Cordoba,-180,UTC-03:00
AR,Rosario,Rosario,ROS|SAAR,-32.903611,-60.785,America/Argentina/Cordoba,-180,UTC-03:00
BR,Valenca,Valenca,SNVB|VAL,-13.2965,-38.9924,America/Bahia,-180,UTC-03:00
DE,Braunschweig,Braunschweig,BWE|EDVE,52.319167,10.556111,Europe/Berlin,120,UTC+02:00
US,"Fort Stockton, Texas","Fort Stockton, Texas",FST|KFST,30.915667,-102.916139,America/Chicago,-300,UTC-05:00
SE,Hultsfred,Hultsfred,ESSF|HLF,57.525833,15.823333,Europe/Stockholm,120,UTC+02:00
KI,Marakei,Marakei,MZK|NGMK,2.050278,173.266667,Pacific/Tarawa,720,UTC+12:00
CA,Coronation,Coronation,CYCT|YCT,52.075001,-111.445278,America/Edmonton,-360,UTC-06:00
FR,Nimes,Nimes,FNI|LFTW|ZYN,43.757444,4.416347,Europe/Paris,120,UTC+02:00
US,"Linden, New Jersey","Linden, New Jersey",KLDJ|LDJ,40.6174472,-74.2445942,America/Lima,-300,UTC-05:00
ES,Girona,Girona,GIA|GRO|LEGE,41.900969,2.760547,Europe/Madrid,120,UTC+02:00
US,"Nikolai, Alaska","Nikolai, Alaska",NIB|PAFS,63.010833,-154.383889,America/Anchorage,-480,UTC-08:00
ES,La Coruna,La Coruna,LCG|LECO,43.302061,-8.377256,Europe/Madrid,120,UTC+02:00
DZ,Hassi Messaoud,Hassi Messaoud,DAUH|HME,31.672972,6.140444,Africa/Algiers,60,UTC+01:00
GB,Crewe,Crewe,XVC,53.089,-2.433,Europe/London,60,UTC+01:00
US,"Lansing, Michigan","Lansing, Michigan",KLAN|LAN,42.7787,-84.587357,America/Detroit,-240,UTC-04:00
DZ,Tiaret,Tiaret,DAOB|TID,35.341136,1.463147,Africa/Algiers,60,UTC+01:00
US,"Eek, Alaska","Eek, Alaska",EEK|PAEE,60.213611,-162.043889,America/Nome,-480,UTC-08:00
IN,Shillong,Shillong,SHL|VEBI,25.7036,91.9787,Asia/Kolkata,330,UTC+05:30
AU,Hobart,Hobart,HBA|YMHB,-42.836111,147.510278,Australia/Hobart,600,UTC+10:00
BR,Caruaru,Caruaru,CAU|SNRU,-8.28239,-36.0135,America/Recife,-180,UTC-03:00
US,"Hughes, Alaska","Hughes, Alaska",HUS|PAHU,66.039167,-154.264722,America/Anchorage,-480,UTC-08:00
MX,Loreto,Loreto,LTO|MMLT,25.989194,-111.348361,America/Mazatlan,-420,UTC-07:00
DE,Kassel,Kassel,EDVK|KSF|KWQ,51.408394,9.377631,Europe/Berlin,120,UTC+02:00
GN,Faranah,Faranah,FAA|GUFH,10.035467,-10.769825,Africa/Conakry,0,UTC+00:00
ID,Kepi,Kepi,KEI,-6.59437,139.35699,Asia/Jayapura,540,UTC+09:00
US,"Gillette, Wyoming","Gillette, Wyoming",GCC|KGCC,44.3489167,-105.5393611,America/Denver,-360,UTC-06:00
SB,Batuna,Batuna,AGBT|BPF,-8.63,158.0,Pacific/Pohnpei,660,UTC+11:00
US,"Fort Smith, Arkansas","Fort Smith, Arkansas",FSM|KFSM,35.336583,-94.367444,America/Chicago,-300,UTC-05:00
SN,Bakel,Bakel,BXE|GOTB,14.847256,-12.468264,Africa/Dakar,0,UTC+00:00
US,"Selawik, Alaska","Selawik, Alaska",PASK|WLK,66.6,-159.985833,America/Anchorage,-480,UTC-08:00
CA,Fort Mcpherson,Fort Mcpherson,CZFM|ZFM,67.4075,-134.860556,America/Yellowknife,-360,UTC-06:00
MX,Minatitlan,Minatitlan,MMMT|MTT,18.103419,-94.580681,America/Mexico_City,-360,UTC-06:00
DE,Spangdahlem,Spangdahlem,ETAD|SPM,49.972667,6.6925,Europe/Berlin,120,UTC+02:00
SL,Gbangbatok,Gbangbatok,GBK|GFGK,7.767,-12.383,Africa/Freetown,0,UTC+00:00
BR,Sao Jose Dos Campos,Sao Jose Dos Campos,SBSJ|SJK,-23.228172,-45.862739,America/Sao_Paulo,-180,UTC-03:00
CN,Mudanjiang,Mudanjiang,MDG|ZYMD,44.523889,129.568889,Asia/Harbin,480,UTC+08:00
HU,Debrecen,Debrecen,DEB|LHDC,47.488917,21.615333,Europe/Budapest,120,UTC+02:00
BS,Inagua,Inagua,IGA|MYIG,20.975,-73.666862,America/Nassau,-240,UTC-04:00
AU,Karumba,Karumba,KRB|YKMB,-17.4567,140.83,Australia/Brisbane,600,UTC+10:00
NZ,New Plymouth,New Plymouth,NPL|NZNP,-39.008611,174.179167,Pacific/Auckland,720,UTC+12:00
CA,Sioux Lookout,Sioux Lookout,CYXL|YXL,50.113889,-91.905278,America/Winnipeg,-300,UTC-05:00
CL,Chile Chico,Chile Chico,CCH|SCCC,-46.583341,-71.687405,America/Santiago,-240,UTC-04:00
CD,Bandundu,Bandundu,FDU|FZBO,-3.311319,17.381683,Africa/Kinshasa,60,UTC+01:00
AU,Portland,Portland,PTJ|YPOD,-38.3181,141.471,Australia/Melbourne,600,UTC+10:00
CD,Boma,Boma,BOA|FZAJ,-5.854,13.064,Africa/Kinshasa,60,UTC+01:00
TM,Mary,Mary,MYP|UTAM,37.6194,61.8967,Asia/Ashgabat,300,UTC+05:00
AR,Jose D San Martin,Jose D San Martin,JSM|SAWS,-44.016667,-70.466667,America/Argentina/Catamarca,-180,UTC-03:00
TR,Trabzon,Trabzon,LTCG|TZX,40.995108,39.789728,Europe/Istanbul,180,UTC+03:00
ID,Merdey,Merdey,RDE,-1.58333,133.33299,Asia/Jayapura,540,UTC+09:00
US,"Twentynine Palms, California","Twentynine Palms, California",KNXP|TNP,34.296161,-116.162203,America/Los_Angeles,-420,UTC-07:00
CO,San Andres Island,San Andres Island,ADZ|SKSP,12.583594,-81.711192,America/Bogota,-300,UTC-05:00
BR,Caravelas,Caravelas,CRQ|SBCV,-17.652283,-39.253069,America/Bahia,-180,UTC-03:00
FJ,Bureta,Bureta,LEV|NFNB,-17.68333,178.83333,Pacific/Fiji,720,UTC+12:00
FI,Kouvola,Kouvola,EFUT|QVY,60.896394,26.938353,Europe/Riga,180,UTC+03:00
US,"Delta, Utah","Delta, Utah",DTA|KDTA,39.3806386,-112.5077147,America/Denver,-360,UTC-06:00
ML,Goundam,Goundam,GUD,16.3614,-3.59972,Africa/Bamako,0,UTC+00:00
MX,Tampico,Tampico,MMTM|TAM,22.29645,-97.865931,America/Monterrey,-360,UTC-06:00
US,"Cordova, Alaska","Cordova, Alaska",CDV|PACV,60.491778,-145.477556,America/Anchorage,-480,UTC-08:00
US,"Brownwood, Texas","Brownwood, Texas",BWD,31.7936111,-98.9565,America/Chicago,-300,UTC-05:00
BR,Ourilandia,Ourilandia,OIA|SDOW,-6.763056,-51.05,America/Belem,-180,UTC-03:00
RU,Svetlogorsk,Svetlogorsk,SES,66.842677,88.409879,Europe/Kaliningrad,120,UTC+02:00
US,"Panama City, Florida","Panama City, Florida",KPFN|PFN,30.212083,-85.682806,America/Chicago,-300,UTC-05:00
AU,Mabuiag Island,Mabuiag Island,UBB|YMAA,-9.95,142.183,Australia/Brisbane,600,UTC+10:00
CL,Puerto Montt,Puerto Montt,PMC|SCTE,-41.438886,-73.093953,America/Santiago,-240,UTC-04:00
US,"Hoolehua, Hawaii","Hoolehua, Hawaii",MKK|PHMK,21.152886,-157.096256,Pacific/Honolulu,-600,UTC-10:00
SD,Geneina,Geneina,EGN|HSGN,13.4817,22.4672,Africa/Khartoum,120,UTC+02:00
GA,Mekambo,Mekambo,MKB,1.01667,13.93333,Africa/Libreville,60,UTC+01:00
PG,Tonu,Tonu,TON,0.0,0.0,Pacific/Port_Moresby,600,UTC+10:00
VN,Nha Trang,Nha Trang,CXR|NHA|VVCR|VVNT,12.227467,109.192322,Asia/Ho_Chi_Minh,420,UTC+07:00
US,"Nunapitchuk, Alaska","Nunapitchuk, Alaska",NUP,60.905833,-162.439167,America/Anchorage,-480,UTC-08:00
SO,Garoe,Garoe,GGR,8.24,48.29,Europe/Minsk,180,UTC+03:00
SC,Bird Island,Bird Island,BDI|FSSB,-3.721389,55.208611,Indian/Mahe,240,UTC+04:00
PG,Tetabedi,Tetabedi,TDB,0.0,0.0,Asia/Vladivostok,600,UTC+10:00
GR,Athens,Athens,ATH|LGAV,37.936358,23.944467,Europe/Athens,180,UTC+03:00
JP,Matsuyama,Matsuyama,MYJ|RJOM,33.827222,132.699722,Asia/Tokyo,540,UTC+09:00
US,"Fort Collins, CO","Fort Collins, CO",FNL|KFNL,40.451828,-105.011336,America/Denver,-360,UTC-06:00
GY,Annai,Annai,NAI|SYAN,3.95,-59.133333,America/Guyana,-240,UTC-04:00
FI,Kuopio,Kuopio,EFKU|KUO,63.00715,27.797756,Europe/Helsinki,180,UTC+03:00
PG,Open Bay,Open Bay,OPB,0.0,0.0,Asia/Vladivostok,600,UTC+10:00
US,"Merced, California","Merced, California",KMCE|KMER|MCE|MER,37.284722,-120.513889,America/Los_Angeles,-420,UTC-07:00
US,"Sioux Falls, SD","Sioux Falls, SD",FSD|KFSD,43.582014,-96.741914,America/Chicago,-300,UTC-05:00
NI,Managua,Managua,MGA|MNMG,12.141494,-86.168178,America/Managua,-360,UTC-06:00
AT,Salzburg,Salzburg,LOWS|SZG|ZSB,47.793304,13.004333,Europe/Vienna,120,UTC+02:00
US,"Soldotna, Alaska","Soldotna, Alaska",SXQ,60.4749583,-151.0382389,America/Anchorage,-480,UTC-08:00
AU,Orpheus Island,Orpheus Island,ORS,-18.634,146.5,Australia/Brisbane,600,UTC+10:00
CA,Yarmouth,Yarmouth,CYQI|YQI,43.8269,-66.0881,America/Halifax,-180,UTC-03:00
CA,Gore Bay,Gore Bay,CYZE|YZE,45.885277,-82.567778,America/Toronto,-240,UTC-04:00
US,"Kalamazoo, MI","Kalamazoo, MI",AZO|KAZO,42.234875,-85.552058,America/Detroit,-240,UTC-04:00
PH,El Nido,El Nido,ENI,11.202,119.417,Australia/Perth,480,UTC+08:00
PH,Bacolod,Bacolod,BCD|RPVB,10.642511,122.929617,Asia/Manila,480,UTC+08:00
MG,Bekily,Bekily,FMSL|OVA,-24.236111,45.305,Indian/Antananarivo,180,UTC+03:00
NZ,Oamaru,Oamaru,NZOU|OAM,-44.97,171.081667,Pacific/Auckland,720,UTC+12:00
CL,Iquique,Iquique,IQQ|SCDA,-20.535222,-70.181275,America/Santiago,-240,UTC-04:00
FI,Ylivieska,Ylivieska,YLI,64.0605,24.716,Europe/Helsinki,180,UTC+03:00
AR,Buenos Aires,Buenos Aires,AEP|EZE|SABE|SAEZ,-34.822222,-58.535833,America/Argentina/Buenos_Aires,-180,UTC-03:00
US,"Duncan, Oklahoma","Duncan, Oklahoma",DUC|KDUC,34.4713056,-97.9598611,America/Chicago,-300,UTC-05:00
DK,Aalborg,Aalborg,AAL|EKYT,57.092789,9.849164,Europe/Copenhagen,120,UTC+02:00
GF,Cayenne,Cayenne,CAY|SOCA,4.819808,-52.360447,America/Cayenne,-180,UTC-03:00
RU,Moscow,Moscow,DME|JQF|JQO|SVO|SZH|UUBW|UUDD|UUEE|UUWW|VKO|XRK|ZIA,0.0,0.0,Europe/Moscow,180,UTC+03:00
CY,Paphos,Paphos,LCPH|PFO,34.718039,32.485731,Asia/Nicosia,180,UTC+03:00
HU,Budapest,Budapest,BUD|LHBP|XXQ,47.436933,19.255592,Europe/Budapest,120,UTC+02:00
ID,Tarakan,Tarakan,TRK|WALR,3.326694,117.565569,Asia/Makassar,480,UTC+08:00
PF,Reao,Reao,NTGE|REA,-18.465861,-136.439706,Pacific/Tahiti,-600,UTC-10:00
BO,San Joaquin,San Joaquin,SJB,-13.06667,-64.81667,America/La_Paz,-240,UTC-04:00
RU,Ufa,Ufa,UFA|UWUU,54.557511,55.874417,Asia/Yekaterinburg,300,UTC+05:00
US,"Boulder City, Nevada","Boulder City, Nevada",BLD|KBVU,35.5651,-114.514,America/Vancouver,-420,UTC-07:00
CN,Luoyang,Luoyang,LYA|ZHLY,34.41,112.28,Asia/Shanghai,480,UTC+08:00
CN,Bangda,Bangda,BPX|ZUBD,30.5536,97.1083,Asia/Urumqi,360,UTC+06:00
DE,Erfurt,Erfurt,EDDE|ERF|XIU,50.979811,10.958106,Europe/Berlin,120,UTC+02:00
BR,Porto Nacional,Porto Nacional,PNB|SBPN,-10.719417,-48.399736,America/Araguaina,-180,UTC-03:00
US,"Hooper Bay, Alaska","Hooper Bay, Alaska",HPB|PAHP,61.5239,-166.147,America/Nome,-480,UTC-08:00
RU,Shakhtersk,Shakhtersk,EKS|UHSK,49.189782,142.076569,Asia/Sakhalin,660,UTC+11:00
AU,Moree,Moree,MRZ|YMOR,-29.4989,149.845,Australia/Sydney,600,UTC+10:00
TL,Dili,Dili,DIL|WPDL,-8.546553,125.524719,Asia/Dili,540,UTC+09:00
US,"Kona, Hawaii","Kona, Hawaii",KOA|PHKO,19.738767,-156.045631,Pacific/Honolulu,-600,UTC-10:00
AS,Fitiuta,Fitiuta,FTI|NSFQ,-14.216111,-169.423611,Pacific/Pago_Pago,-660,UTC-11:00
FR,Caen,Caen,CFR|LFRK,49.173333,-0.45,Europe/Paris,120,UTC+02:00
ES,Logrono,Logrono,LELO|RJL,42.4542,-2.32083,Europe/Madrid,120,UTC+02:00
IN,Leh,Leh,IXL|VILH,34.135872,77.546514,Asia/Kolkata,330,UTC+05:30
SE,Vilhelmina,Vilhelmina,ESNV|VHM,64.579083,16.833575,Europe/Stockholm,120,UTC+02:00
RU,Abakan,Abakan,ABA|UNAA,53.74,91.385,Asia/Krasnoyarsk,420,UTC+07:00
CA,Port Simpson,Port Simpson,CYPI|YPI,54.566667,-130.433333,America/Vancouver,-420,UTC-07:00
US,"Alameda, California","Alameda, California",KNGZ|NGZ,37.7861,-122.3186,America/Los_Angeles,-420,UTC-07:00
PK,Faisalabad,Faisalabad,LYP|OPFA,31.365014,72.994842,Asia/Karachi,300,UTC+05:00
DZ,Hassi R Mel,Hassi R Mel,DAFH|HRM,32.930431,3.311542,Africa/Algiers,60,UTC+01:00
CA,Kindersley,Kindersley,CYKY|YKY,51.5175,-109.180833,America/Regina,-360,UTC-06:00
US,"London, Kentucky","London, Kentucky",KLOZ|LOZ,37.0868889,-84.0773889,Europe/London,60,UTC+01:00
BR,Umuarama,Umuarama,SSUM|UMU,-23.798611,-53.313611,America/Sao_Paulo,-180,UTC-03:00
BR,Navegantes,Navegantes,NVT|SBNF,-26.879999,-48.65139,America/Sao_Paulo,-180,UTC-03:00
IN,Daman,Daman,NMB|VADN,20.434364,72.843206,Asia/Kolkata,330,UTC+05:30
CA,Stony Rapids,Stony Rapids,CYSF|YSF,59.2503,-105.841,America/Regina,-360,UTC-06:00
US,"Richfield, Utah","Richfield, Utah",KRIF|RIF,38.7364361,-112.0989444,America/Denver,-360,UTC-06:00
CN,Changhai,Changhai,CNI|ZYCH,39.266389,122.666944,Asia/Shanghai,480,UTC+08:00
US,"Kivalina, Alaska","Kivalina, Alaska",KVL|PAVL,67.7362,-164.563,America/Nome,-480,UTC-08:00
IN,Chandigarh,Chandigarh,IXC|VICG,30.673469,76.788542,Asia/Kolkata,330,UTC+05:30
US,"Raleigh Durham, North Carolina","Raleigh Durham, North Carolina",KRDU|RDU,35.877639,-78.787472,America/New_York,-240,UTC-04:00
MX,Cozumel,Cozumel,CZM|MMCZ,20.522403,-86.925644,America/Cancun,-300,UTC-05:00
MR,Nouadhibou,Nouadhibou,GQPP|NDB,20.933067,-17.029956,Africa/Nouakchott,0,UTC+00:00
US,"Seattle, WA","Seattle, WA",BFI|KBFI|KSEA|KW55|LKE|SEA,47.449,-122.309306,America/Los_Angeles,-420,UTC-07:00
US,"Michigan City, Indiana","Michigan City, Indiana",KMGC|MGC,41.7033,-86.8211,America/Chicago,-300,UTC-05:00
MX,Puebla,Puebla,MMPB|PBC,19.158144,-98.371447,America/Mexico_City,-360,UTC-06:00
AB,Sokhumi,Sokhumi,SUI|UGSS,42.87,41.12,Asia/Tbilisi,240,UTC+04:00
LA,Sayaboury,Sayaboury,ZBY,19.23333,101.73333,Asia/Vientiane,420,UTC+07:00
SD,Khartoum,Khartoum,HSSS|KRT,15.589497,32.553161,Africa/Khartoum,120,UTC+02:00
PM,Saint Pierre,Saint Pierre,FSP|LFVP,46.762904,-56.173088,America/Miquelon,-120,UTC-02:00
PG,Mendi,Mendi,AYMN|MDU,-6.14774,143.657,Pacific/Port_Moresby,600,UTC+10:00
FJ,Savusavu,Savusavu,NFNS|SVU,-16.8028,179.341,Pacific/Fiji,720,UTC+12:00
US,"La Verne, California","La Verne, California",KPOC|POC,34.0916667,-117.7817778,America/Vancouver,-420,UTC-07:00
IN,Patna,Patna,PAT|VEPT,25.591317,85.087992,Asia/Kolkata,330,UTC+05:30
US,"Springfield, Ohio","Springfield, Ohio",KSGH|SGH,39.8402778,-83.8401667,America/New_York,-240,UTC-04:00
FR,Roanne,Roanne,LFLO|RNE,46.058334,4.001389,Europe/Paris,120,UTC+02:00
SR,Djoemoe,Djoemoe,DOE,4.016667,-55.483333,America/Cayenne,-180,UTC-03:00
SR,Ladouanie,Ladouanie,LDO,4.3754,-55.4075,America/Cayenne,-180,UTC-03:00
ZA,Springbok,Springbok,FASB|SBU,-29.689333,17.939611,Africa/Johannesburg,120,UTC+02:00
ID,Saumlaki,Saumlaki,SXK,-7.98333,131.3,Asia/Jayapura,540,UTC+09:00
CA,Rae Lakes,Rae Lakes,CYRA|YRA,64.1161,-117.31,America/Yellowknife,-360,UTC-06:00
KE,Hola,Hola,HKHO|HOA,-1.52,40.00389,Africa/Nairobi,180,UTC+03:00
US,"Ambler, Alaska","Ambler, Alaska",ABL|PAFM,67.106389,-157.8575,America/Anchorage,-480,UTC-08:00
GB,Harrogate,Harrogate,HRT|KHRT,30.427803,-86.689278,Europe/London,60,UTC+01:00
DE,Dresden,Dresden,DRS|EDDC|XIR,51.132767,13.767161,Europe/Berlin,120,UTC+02:00
ES,Salamanca,Salamanca,LESA|SLM,40.952117,-5.501986,Europe/Madrid,120,UTC+02:00
SR,Wageningen,Wageningen,AGI|SMWA,5.76667,-56.63333,America/Paramaribo,-180,UTC-03:00
AU,Monkey Mia,Monkey Mia,MJK|YSHK,-25.8939,113.577,Australia/Perth,480,UTC+08:00
US,"Victorville, California","Victorville, California",KVCV|VCV,34.597453,-117.382997,America/Los_Angeles,-420,UTC-07:00
FI,Helsinki,Helsinki,EFHF|EFHK|HEC|HEL|HEM,60.317222,24.963333,Europe/Helsinki,180,UTC+03:00
BZ,Punta Gorda,Punta Gorda,PND,16.1024,-88.8083,America/Regina,-360,UTC-06:00
RU,Syktyvkar,Syktyvkar,SCW|UUYY,61.663347,50.850768,Europe/Moscow,180,UTC+03:00
US,"Everett, Washington","Everett, Washington",KPAE|PAE,47.906342,-122.281564,America/Los_Angeles,-420,UTC-07:00
US,"Cheyenne, Wyoming","Cheyenne, Wyoming",CYS|KCYS,41.155722,-104.811839,America/Denver,-360,UTC-06:00
US,"Chuathbaluk, Alaska","Chuathbaluk, Alaska",CHU|PACH,61.579167,-159.215556,America/Anchorage,-480,UTC-08:00
MX,Piedras Negras,Piedras Negras,MMPG|PDS,28.627394,-100.535211,America/Matamoros,-300,UTC-05:00
CN,Zhengzhou,Zhengzhou,CGO|ZHCC,34.519672,113.840889,Asia/Shanghai,480,UTC+08:00
KZ,Zhezkazgan,Zhezkazgan,DZN|UAKD,47.708333,67.733333,Asia/Qyzylorda,300,UTC+05:00
US,"Sterling, Colorado","Sterling, Colorado",KSTK|STK,40.6153136,-103.2648454,America/Denver,-360,UTC-06:00
US,"Palm Springs, California","Palm Springs, California",KPSP|PSP,33.829667,-116.506694,America/Los_Angeles,-420,UTC-07:00
CN,Zhuhai,Zhuhai,HZI|ZGSD|ZUH,22.0064,113.376,Asia/Shanghai,480,UTC+08:00
US,"Barter Island, Alaska","Barter Island, Alaska",BTI|PABA,70.133989,-143.581867,America/Anchorage,-480,UTC-08:00
CK,Mangaia Island,Mangaia Island,MGS|NCMG,-21.8956,-157.905,Pacific/Rarotonga,-600,UTC-10:00
ID,Mataram,Mataram,AMI|WADA,-8.560708,116.094656,Asia/Makassar,480,UTC+08:00
US,"Teller, Alaska","Teller, Alaska",PATE|TLA,65.240278,-166.339444,America/Nome,-480,UTC-08:00
BZ,Santa Cruz,Santa Cruz,SBSC|STU,-22.93235,-43.719092,America/Belize,-360,UTC-06:00
BY,Vitebsk,Vitebsk,UMII|VTB,55.1265,30.349639,Europe/Minsk,180,UTC+03:00
KH,Ratanakiri,Ratanakiri,RBE,13.73,106.987,Asia/Phnom_Penh,420,UTC+07:00
PH,Virac,Virac,RPUV|VRC,13.576439,124.205672,Asia/Manila,480,UTC+08:00
CR,Nosara Beach,Nosara Beach,MRNS|NOB,9.97649,-85.653,America/Costa_Rica,-360,UTC-06:00
ID,Sanana,Sanana,SQN,-2.08333,126.0,Asia/Jayapura,540,UTC+09:00
CA,Maple Bay,Maple Bay,YAQ,0.0,0.0,America/Regina,-360,UTC-06:00
NL,Leeuwarden,Leeuwarden,EHLW|LWR,53.228611,5.760556,Europe/Amsterdam,120,UTC+02:00
AU,Scone,Scone,NSO|YSCO,-32.0372,150.832,Australia/Sydney,600,UTC+10:00
US,"Quinhagak, Alaska","Quinhagak, Alaska",KWN|PAQH,59.755,-161.845278,America/Anchorage,-480,UTC-08:00
NP,Bhadrapur,Bhadrapur,BDP|VNCG,26.570822,88.079578,Asia/Kathmandu,345,UTC+05:45
US,"San Angelo, Texas","San Angelo, Texas",KSJT|SJT,31.35775,-100.496306,America/Chicago,-300,UTC-05:00
ES,Fuerteventura,Fuerteventura,FUE|GCFV,28.452717,-13.863761,Atlantic/Canary,60,UTC+01:00
US,"Brookings, South Dakota","Brookings, South Dakota",BKX,44.3048,-96.8169,America/Chicago,-300,UTC-05:00
IN,Pantnagar,Pantnagar,PGH|VIPT,29.033408,79.473744,Asia/Kolkata,330,UTC+05:30
PE,Yurimaguas,Yurimaguas,SPMS|YMS,-5.893772,-76.118211,America/Lima,-300,UTC-05:00
ID,Palembang,Palembang,PLM|WIPP,-2.89825,104.699903,Asia/Jakarta,420,UTC+07:00
KI,Makin Island,Makin Island,MTK|NGMN,3.383333,173.0,Pacific/Tarawa,720,UTC+12:00
MX,Saltillo,Saltillo,MMIO|SLW,25.549497,-100.928669,America/Monterrey,-360,UTC-06:00
KZ,Semey,Semey,PLX|UASS,50.3513,80.2344,Asia/Qyzylorda,300,UTC+05:00
US,"Minneapolis, Minnesota","Minneapolis, Minnesota",FCM|KMSP|MIC|MSP,44.881956,-93.221767,America/Chicago,-300,UTC-05:00
DE,Bremen,Bremen,BRE|DHC|EDDW,53.0475,8.786667,Europe/Berlin,120,UTC+02:00
ID,Tambolaka,Tambolaka,TMC|WADT,-9.409717,119.244494,Asia/Makassar,480,UTC+08:00
KR,Pohang,Pohang,KPO|RKTH,35.987858,129.420486,Asia/Seoul,540,UTC+09:00
BJ,Cotonou,Cotonou,COO|DBBB,6.357228,2.384353,Africa/Porto-Novo,60,UTC+01:00
AU,Blackwater,Blackwater,BLT|YBTR,-23.6031,148.807,Australia/Brisbane,600,UTC+10:00
FR,Rennes,Rennes,LFRN|RNS|ZFJ,48.069508,-1.734794,Europe/Paris,120,UTC+02:00
GE,Tbilisi,Tbilisi,TBS|UGTB,41.669167,44.954722,Asia/Tbilisi,240,UTC+04:00
VE,Ciudad Guayana,Ciudad Guayana,CGU,8.288527,-62.760361,America/Caracas,-240,UTC-04:00
GA,Lastourville,Lastourville,LTL,-0.83333,12.71667,Africa/Libreville,60,UTC+01:00
IT,Olbia,Olbia,LIEO|OLB,40.898661,9.517628,Europe/Rome,120,UTC+02:00
KE,Kitale,Kitale,HKKT|KTL,0.971989,34.958556,Africa/Nairobi,180,UTC+03:00
AO,Porto Amboim,Porto Amboim,FNPA|PBN,-10.721956,13.765528,Africa/Luanda,60,UTC+01:00
DZ,Algiers,Algiers,ALG|DAAG,36.691014,3.215408,Africa/Algiers,60,UTC+01:00
PG,Losuia,Losuia,LSA,-8.50582,151.081,Pacific/Port_Moresby,600,UTC+10:00
ID,Teminabuan,Teminabuan,TXM,-1.44472,132.021,Asia/Jayapura,540,UTC+09:00
IT,Lamezia Terme,Lamezia Terme,LICA|LTZ|SUF,38.905394,16.242269,Europe/Rome,120,UTC+02:00
GL,Thule,Thule,BGTL|THU,76.531203,-68.703161,America/Thule,-180,UTC-03:00
LY,Tripoli,Tripoli,HLLT|TIP,32.663544,13.159011,Africa/Tripoli,120,UTC+02:00
CO,Manizales,Manizales,MZL|SKMZ,5.029597,-75.464708,America/Bogota,-300,UTC-05:00
US,"Uganik, Alaska","Uganik, Alaska",UGI,0.0,0.0,America/Anchorage,-480,UTC-08:00
SA,Wedjh,Wedjh,EJH|OEWJ,26.198553,36.476381,Asia/Riyadh,180,UTC+03:00
SE,Uppsala,Uppsala,QYX,59.858333,17.646111,Europe/Stockholm,120,UTC+02:00
MY,Pulau Layang,Pulau Layang,LAC,7.372222,113.841667,Asia/Hong_Kong,480,UTC+08:00
MX,Tapachula,Tapachula,MMTP|TAP,14.794339,-92.370025,America/Mexico_City,-360,UTC-06:00
DZ,Touggourt,Touggourt,DAUK|TGR,33.067803,6.088672,Africa/Algiers,60,UTC+01:00
US,"Stevens Village, Alaska","Stevens Village, Alaska",SVS,66.0146,-149.05983,America/Anchorage,-480,UTC-08:00
CA,Comox,Comox,CYQQ|YQQ,49.710833,-124.886667,America/Vancouver,-420,UTC-07:00
US,"Saint Joseph, Missouri","Saint Joseph, Missouri",KSTJ|STJ,39.771944,-94.909706,America/Chicago,-300,UTC-05:00
RU,Elista,Elista,ESL|URWI,46.3739,44.3309,Europe/Moscow,180,UTC+03:00
US,"Petersburg, Alaska","Petersburg, Alaska",PAPG|PSG,56.801667,-132.945278,America/Sitka,-480,UTC-08:00
ZA,Ellisras,Ellisras,ELL|FAEA,-23.666667,27.75,Africa/Johannesburg,120,UTC+02:00
RU,Aldan,Aldan,ADH,58.6028,125.409,Asia/Yakutsk,540,UTC+09:00
AU,Birdsville,Birdsville,BVI|YBDV,-25.8975,139.348,Australia/Brisbane,600,UTC+10:00
GB,Lands End,Lands End,EGHC|LEQ,50.1028,-5.67056,Europe/London,60,UTC+01:00
KE,Garissa,Garissa,GAS|HKGA,-0.468611,39.649444,Africa/Nairobi,180,UTC+03:00
ET,Tum,Tum,TUJ,0.0,0.0,Asia/Aden,180,UTC+03:00
MG,Morombe,Morombe,FMSR|MXM,-21.753867,43.375533,Indian/Antananarivo,180,UTC+03:00
ID,Tolitoli,Tolitoli,TLI,0.0,0.0,Asia/Makassar,480,UTC+08:00
MA,Casablanca,Casablanca,CMN|GMMN,33.367467,-7.589967,Africa/Casablanca,60,UTC+01:00
KY,Cayman Brac Is,Cayman Brac Is,CYB|MWCB,19.686981,-79.882789,America/Cayman,-300,UTC-05:00
GB,Coventry,Coventry,CVT|EGBE,52.369722,-1.479722,Europe/London,60,UTC+01:00
NZ,Chatham Island,Chatham Island,CHT|NZCI,-43.81,-176.457222,Pacific/Chatham,765,UTC+12:45
FR,Le Castellet,Le Castellet,CTT|LFMQ,43.252506,5.785189,Europe/Paris,120,UTC+02:00
CA,Cartwright,Cartwright,CYCA|YRF,53.6828,-57.0419,America/Goose_Bay,-180,UTC-03:00
DE,Bayreuth,Bayreuth,BYU|EDQD,49.984428,11.638569,Europe/Berlin,120,UTC+02:00
MG,Besalampy,Besalampy,BPY|FMNQ,-16.741945,44.481388,Indian/Antananarivo,180,UTC+03:00
PG,Telefomin,Telefomin,TFM,-5.117,141.633,Asia/Vladivostok,600,UTC+10:00
US,"Madera, California","Madera, California",KMAE|MAE,36.9886111,-120.1124444,America/Los_Angeles,-420,UTC-07:00
US,"Mammoth Lakes, California","Mammoth Lakes, California",KMMH|MMH,37.624049,-118.837772,America/Los_Angeles,-420,UTC-07:00
GB,Inverness,Inverness,EGPE|INV|ZIV,57.5425,-4.0475,Europe/London,60,UTC+01:00
LA,Houeisay,Houeisay,HOE|VLHS,20.2573,100.437,Asia/Pontianak,420,UTC+07:00
IN,Simla,Simla,SLV|VISM,31.081803,77.067967,Asia/Kolkata,330,UTC+05:30
CA,Kugluktuk Coppermine,Kugluktuk Coppermine,CYCO|YCO,67.816667,-115.143889,America/Cambridge_Bay,-360,UTC-06:00
US,"Napakiak, Alaska","Napakiak, Alaska",WNA,60.69344,-161.97779,America/Anchorage,-480,UTC-08:00
CA,Tofino,Tofino,CYAZ|YAZ,49.082222,-125.7725,America/Vancouver,-420,UTC-07:00
CN,Hohhot,Hohhot,HET|ZBHH,40.851422,111.824103,Asia/Chongqing,480,UTC+08:00
TZ,Kilimanjaro,Kilimanjaro,HTKJ|JRO,-3.429406,37.074461,Africa/Dar_es_Salaam,180,UTC+03:00
CA,Keewaywin,Keewaywin,CPV8|KEW,52.991111,-92.836389,America/Winnipeg,-300,UTC-05:00
DE,Bremerhaven,Bremerhaven,BRV|EDWB,53.507081,8.572878,Europe/Berlin,120,UTC+02:00
SB,Gizo,Gizo,AGGN|GZO,-8.09778,156.864,Pacific/Guadalcanal,660,UTC+11:00
BR,Porto Seguro,Porto Seguro,BPS|SBPS,-16.438611,-39.080833,America/Bahia,-180,UTC-03:00
PG,Tapini,Tapini,TPI,-8.35,146.983,Pacific/Port_Moresby,600,UTC+10:00
US,"Tuluksak, Alaska","Tuluksak, Alaska",TLT,61.096944,-160.969444,America/Anchorage,-480,UTC-08:00
MH,Jeh,Jeh,JEJ,7.56535,168.962,Pacific/Wallis,720,UTC+12:00
BR,Imperatriz,Imperatriz,IMP|SBIZ,-5.531292,-47.46005,America/Fortaleza,-180,UTC-03:00
AF,Gardez,Gardez,GRG,0.0,0.0,Asia/Kabul,270,UTC+04:30
FI,Kittila,Kittila,EFKT|KTT,67.701022,24.84685,Europe/Helsinki,180,UTC+03:00
YE,Taiz,Taiz,OYTZ|TAI,13.685964,44.139056,Asia/Aden,180,UTC+03:00
US,"Laramie, WY","Laramie, WY",KLAR|LAR,41.3121,-105.675,America/Denver,-360,UTC-06:00
US,"Fort Knox, Kentucky","Fort Knox, Kentucky",FTK|KFTK,37.907058,-85.972106,America/New_York,-240,UTC-04:00
US,"Zachar Bay, Alaska","Zachar Bay, Alaska",KZB,57.55,-153.75,America/Anchorage,-480,UTC-08:00
CA,Paulatuk,Paulatuk,CYPC|YPC,62.35,-124.3333,America/Yellowknife,-360,UTC-06:00
US,"False Island, Alaska","False Island, Alaska",FAK,0.0,0.0,America/Anchorage,-480,UTC-08:00
JP,Matsumoto,Matsumoto,MMJ|RJAF,36.166758,137.922669,Asia/Tokyo,540,UTC+09:00
US,"Hayden, Colorado","Hayden, Colorado",HDN|KHDN,40.481181,-107.21766,America/Denver,-360,UTC-06:00
MX,Veracruz,Veracruz,MMVR|VER,19.145931,-96.187267,America/Mexico_City,-360,UTC-06:00
IN,Kolkata,Kolkata,CCU|VECC,22.654739,88.446722,Asia/Kolkata,330,UTC+05:30
US,Monterey California,Monterey California,KMRY|KOAR|MRY|OAR,36.587,-121.842944,America/Los_Angeles,-420,UTC-07:00
RU,Chkalovskiy,Chkalovskiy,CKL|UUMU,55.878333,38.061667,Europe/Moscow,180,UTC+03:00
GB,Barra,Barra,BRR|EGPR,57.0228,-7.44306,Europe/London,60,UTC+01:00
US,"Thomasville, Georgia","Thomasville, Georgia",KTVI|TVI,30.9017921,-83.8811285,America/New_York,-240,UTC-04:00
MR,Selibaby,Selibaby,GQNS|SEY,15.179692,-12.207272,Africa/Nouakchott,0,UTC+00:00
US,"Wheeling, West Virginia","Wheeling, West Virginia",HLG,40.175,-80.6463,America/New_York,-240,UTC-04:00
ZA,Johannesburg,Johannesburg,FAGC|FAGM|FAJS|FALA|GCJ|HLA|JNB|QRA,-26.139166,28.246,Africa/Johannesburg,120,UTC+02:00
IN,Aurangabad,Aurangabad,IXU|VAAU,19.862728,75.398114,Asia/Kolkata,330,UTC+05:30
TH,Ubon Ratchathani,Ubon Ratchathani,UBP|VTUU,15.251278,104.870231,Asia/Bangkok,420,UTC+07:00
IR,Sahand,Sahand,ACP|OITM,37.348017,46.127903,Asia/Tehran,210,UTC+03:30
GY,Georgetown,Georgetown,GEO|SYCJ,6.498553,-58.254119,America/Guyana,-240,UTC-04:00
CA,"Calgary, AB","Calgary, AB",CYYC|YYC,51.113888,-114.020278,America/Edmonton,-360,UTC-06:00
US,"Beckley, West Virginia","Beckley, West Virginia",BKW|KBKW,37.7873,-81.1242,America/New_York,-240,UTC-04:00
RU,Khanty-Mansiysk,Khanty-Mansiysk,HMA|USHH,61.028479,69.086067,Asia/Yekaterinburg,300,UTC+05:00
PG,Satwag,Satwag,SWG,0.0,0.0,Pacific/Port_Moresby,600,UTC+10:00
CU,Las Tunas,Las Tunas,MUVT|VTU,20.987642,-76.9358,America/Havana,-240,UTC-04:00
AR,Cordoba,Cordoba,COR|SACO,-31.323619,-64.207953,America/Argentina/Cordoba,-180,UTC-03:00
GA,Moabi,Moabi,MGX,-2.433,11.0,Africa/Libreville,60,UTC+01:00
RU,Perm,Perm,PEE|USPP|ПЦА,57.914517,56.021214,Asia/Yekaterinburg,300,UTC+05:00
RU,Nyagan,Nyagan,NYA|USHN,62.11,65.615,Asia/Yekaterinburg,300,UTC+05:00
RU,Mirny (Resp. Yakutiya),Mirny (Resp. Yakutiya),MJZ|UERR,62.534689,114.038928,Asia/Yakutsk,540,UTC+09:00
MN,Arvaikheer,Arvaikheer,AVK|ZMAH,46.2503,102.802,Asia/Ulaanbaatar,480,UTC+08:00
US,"Bethel, Alaska","Bethel, Alaska",BET|PABE,60.779778,-161.838,America/Anchorage,-480,UTC-08:00
US,"Green River, Utah","Green River, Utah",RVR|TJRV,18.245278,-65.643333,America/Denver,-360,UTC-06:00
US,"Prudhoe Bay Deadh, Alaska","Prudhoe Bay Deadh, Alaska",PASC|SCC,70.19475,-148.465167,America/Anchorage,-480,UTC-08:00
CA,Jenpeg,Jenpeg,ZJG,54.5189,-98.0461,America/Winnipeg,-300,UTC-05:00
ID,Manado,Manado,MDC|WAMM,1.549447,124.925878,Asia/Makassar,480,UTC+08:00
KZ,Atyrau,Atyrau,GUW|UATG,47.121944,51.821389,Asia/Qyzylorda,300,UTC+05:00
US,"Coldfoot, Alaska","Coldfoot, Alaska",CXF,67.251389,-150.176111,America/Anchorage,-480,UTC-08:00
KM,Anjouan,Anjouan,AJN|FMCV,-12.131667,44.430279,Indian/Comoro,180,UTC+03:00
FR,Creil,Creil,CSF|LFPC,49.253547,2.519139,Europe/Paris,120,UTC+02:00
IT,Pantelleria,Pantelleria,LICG|PNL,36.816519,11.968864,Europe/Rome,120,UTC+02:00
CA,Edson,Edson,CYET|YET,53.578888,-116.465,America/Edmonton,-360,UTC-06:00
CA,Anahim Lake,Anahim Lake,CAJ4|YAA,52.4525,-125.303,America/Vancouver,-420,UTC-07:00
PE,Cuzco,Cuzco,CUZ|SPZO,-13.535722,-71.938781,America/Lima,-300,UTC-05:00
US,"Fort Dodge, Iowa","Fort Dodge, Iowa",FOD|KFOD,42.5512,-94.191842,America/Chicago,-300,UTC-05:00
AU,Alice Springs,Alice Springs,ASP|YBAS,-23.806667,133.902222,Australia/Darwin,570,UTC+09:30
PG,Mussau,Mussau,MWU,0.0,0.0,Asia/Vladivostok,600,UTC+10:00
RU,Novorossijsk,Novorossijsk,NOI,44.959885,37.991839,Europe/Moscow,180,UTC+03:00
ES,Sabadell,Sabadell,LELL|QSA,41.5209,2.10508,Europe/Monaco,120,UTC+02:00
JP,Okayama,Okayama,OKJ|RJOB,34.756944,133.855278,Asia/Tokyo,540,UTC+09:00
US,"Falmouth, Massachusetts","Falmouth, Massachusetts",FMH|KFMH,41.658439,-70.521417,America/New_York,-240,UTC-04:00
PH,Kalibo,Kalibo,KLO|RPVK,11.679431,122.376294,Asia/Manila,480,UTC+08:00
SB,Kirakira,Kirakira,AGGK|IRA,-10.4497,161.898,Pacific/Guadalcanal,660,UTC+11:00
VN,Hue,Hue,HUI,16.401499,107.702614,Asia/Ho_Chi_Minh,420,UTC+07:00
US,"Lock Haven, Pennsylvania","Lock Haven, Pennsylvania",KLHV|LHV,41.1357778,-77.4223056,America/Indiana/Indianapolis,-240,UTC-04:00
RU,Blagoveschensk (Amur Oblast),Blagoveschensk (Amur Oblast),BQS|UHBB,50.425394,127.412478,Asia/Yakutsk,540,UTC+09:00
NZ,Kaitaia,Kaitaia,KAT|NZKT,-35.07,173.285278,Pacific/Auckland,720,UTC+12:00
US,"Fort Polk, Louisiana","Fort Polk, Louisiana",KPOE|POE,31.044833,-93.191667,America/Chicago,-300,UTC-05:00
TH,Trang,Trang,TST|VTST,7.508744,99.616578,Asia/Bangkok,420,UTC+07:00
US,"Willoughby, Ohio","Willoughby, Ohio",KLNN|LNN,41.6840278,-81.38975,America/New_York,-240,UTC-04:00
US,"Kapalua, Hawaii","Kapalua, Hawaii",JHM|PHJH,20.962936,-156.673031,Pacific/Honolulu,-600,UTC-10:00
CO,Tarapaca,Tarapaca,TCD,-2.867,-69.733,America/Cayman,-300,UTC-05:00
US,"Show Low, Arizona","Show Low, Arizona",KSOW|SOW,34.265556,-110.005556,America/Phoenix,-420,UTC-07:00
SA,Madinah,Madinah,MED|OEMA,24.553422,39.705061,Asia/Riyadh,180,UTC+03:00
US,"Winder, Georgia","Winder, Georgia",KWDR|WDR,33.9828611,-83.6674167,America/New_York,-240,UTC-04:00
US,"Twin Falls, Idaho","Twin Falls, Idaho",KTWF|TWF,42.481803,-114.487733,America/Boise,-360,UTC-06:00
US,"Bar Harbor, Maine","Bar Harbor, Maine",BHB|KBHB,44.4497689,-68.3615653,America/New_York,-240,UTC-04:00
AU,Cue,Cue,CUY,-27.4467,117.918,Australia/Perth,480,UTC+08:00
US,"Evansville, Indiana","Evansville, Indiana",EVV|KEVV,38.036997,-87.532364,America/Chicago,-300,UTC-05:00
US,"Alexandria, Louisiana","Alexandria, Louisiana",AEX|ESF|KAEX|KESF,31.3274,-92.549833,America/Chicago,-300,UTC-05:00
PF,Tikehau Atoll,Tikehau Atoll,NTGC|TIH,-15.119617,-148.230697,Pacific/Tahiti,-600,UTC-10:00
PE,Lima,Lima,LIM|SPIM,-12.021889,-77.114319,America/Lima,-300,UTC-05:00
CN,Changzhi,Changzhi,CIH|ZBCZ,36.2475,113.126,Asia/Shanghai,480,UTC+08:00
US,"Del Rio, Texas","Del Rio, Texas",DLF|DRT|KDLF|KDRT,29.374208,-100.927158,America/Chicago,-300,UTC-05:00
GI,Gibraltar,Gibraltar,GIB|LXGB,36.151219,-5.349664,Europe/Gibraltar,120,UTC+02:00
PE,Piura,Piura,PIU|SPUR,-5.20575,-80.616444,America/Lima,-300,UTC-05:00
ZA,Mala Mala,Mala Mala,AAM|FAMD,-24.818111,31.544584,Africa/Johannesburg,120,UTC+02:00
US,"Schenectady, New York","Schenectady, New York",KSCH|SCH,42.85245555,-73.92886667,America/New_York,-240,UTC-04:00
EG,Taba,Taba,HETB|TCP,29.587778,34.778056,Africa/Cairo,180,UTC+03:00
US,"Jamestown, New York","Jamestown, New York",JHW|KJHW,42.153333,-79.258056,America/New_York,-240,UTC-04:00
CA,Kasabonika,Kasabonika,CYAQ|XKS,53.5247,-88.6428,America/Winnipeg,-300,UTC-05:00
US,"Pahokee, Florida","Pahokee, Florida",PHK,26.789,-80.692,America/Indiana/Indianapolis,-240,UTC-04:00
DE,Freiburg,Freiburg,QFB,47.995916,7.837421,Europe/Berlin,120,UTC+02:00
CN,Hanzhong,Hanzhong,HZG|ZLHZ,33.0636,107.008,Asia/Chongqing,480,UTC+08:00
AU,Maningrida,Maningrida,MNG|YMGD,-12.0561,134.234,Australia/Darwin,570,UTC+09:30
MX,San Jose Cabo,San Jose Cabo,MMSD|SJD,23.15185,-109.721044,America/Mazatlan,-420,UTC-07:00
PY,Asuncion,Asuncion,ASU|SGAS,-25.23985,-57.519133,America/Asuncion,-180,UTC-03:00
MA,Goulimime,Goulimime,GLN,29.0267,-10.0503,Africa/Dakar,0,UTC+00:00
BR,Labrea,Labrea,LBR|SWLB,-7.258889,-64.797778,America/Manaus,-240,UTC-04:00
US,"Smithfield, Rhode Island","Smithfield, Rhode Island",KSFZ|SFZ,41.920764,-71.491381,America/New_York,-240,UTC-04:00
VU,Dillons Bay,Dillons Bay,DLY|NVVD,-18.7694,169.001,Pacific/Efate,660,UTC+11:00
SA,Qaisumah,Qaisumah,AQI|OEPA,28.335192,46.125069,Asia/Riyadh,180,UTC+03:00
PG,Malekolon,Malekolon,MKN,0.0,0.0,Asia/Vladivostok,600,UTC+10:00
DK,Bornholm,Bornholm,EKRN|RNN,55.063267,14.759558,Europe/Copenhagen,120,UTC+02:00
JP,Hakodate,Hakodate,HKD|RJCH,41.77,140.821944,Asia/Tokyo,540,UTC+09:00
IT,Aosta,Aosta,AOT|LIMW,45.738456,7.368719,Europe/Rome,120,UTC+02:00
BR,Concordia,Concordia,CCI|SSCK,-27.180556,-52.052778,America/Sao_Paulo,-180,UTC-03:00
JP,Ishigaki,Ishigaki,ISG|ROIG,24.344525,124.186983,Asia/Tokyo,540,UTC+09:00
BZ,Corozal,Corozal,CZH,18.3822,-88.4119,America/Regina,-360,UTC-06:00
US,"Savoonga, Alaska","Savoonga, Alaska",PASA|SVA,63.6864,-170.493,America/Nome,-480,UTC-08:00
BR,Bom Jesus Da Lapa,Bom Jesus Da Lapa,LAZ|SBLP,-13.262086,-43.408114,America/Bahia,-180,UTC-03:00
US,"McGrath, Alaska","McGrath, Alaska",MCG|PAMC,62.9529,-155.606,America/Anchorage,-480,UTC-08:00
AF,Jalalabad,Jalalabad,JAA|OAJL,34.399842,70.498625,Asia/Kabul,270,UTC+04:30
US,"Elim, Alaska","Elim, Alaska",ELI|PFEL,64.615,-162.270556,America/Nome,-480,UTC-08:00
US,"Glasgow, Montana","Glasgow, Montana",GGW|KGGW,48.2125,-106.615,America/Denver,-360,UTC-06:00
TH,U Tapao,U Tapao,UTP|VTBU,12.679944,101.005028,Asia/Bangkok,420,UTC+07:00
SA,Hafr Albatin,Hafr Albatin,HBT|OEKK,27.900917,45.528194,Asia/Riyadh,180,UTC+03:00
ZA,Thohoyandou,Thohoyandou,THY,-23.0769,30.3836,Africa/Johannesburg,120,UTC+02:00
CI,Yamoussoukro,Yamoussoukro,ASK|DIYO,6.903167,-5.365581,Africa/Abidjan,0,UTC+00:00
US,"Clinton, Iowa","Clinton, Iowa",CWI|KCWI,41.83075,-90.3289722,America/Chicago,-300,UTC-05:00
GY,Kaieteur,Kaieteur,KAI|SYKA,5.167,-59.483,America/Antigua,-240,UTC-04:00
US,"Greenville, Mississipi","Greenville, Mississipi",GLH,33.4829,-90.9856,America/Chicago,-300,UTC-05:00
ET,Awassa,Awassa,AWA|HALA,7.067,38.5,Africa/Addis_Ababa,180,UTC+03:00
CL,Pucon,Pucon,SCPC|ZPC,-39.2928,-71.9159,America/Santiago,-240,UTC-04:00
IL,Beer Sheba,Beer Sheba,BEV|LLBS,31.287003,34.722953,Asia/Jerusalem,180,UTC+03:00
FR,Cognac,Cognac,CNG|LFBG,45.658333,-0.3175,Europe/Paris,120,UTC+02:00
FR,Lyon,Lyon,GNB|LFLL|LFLS|LFLY|LYN|LYS|XYD,45.726387,5.090833,Europe/Paris,120,UTC+02:00
DE,Cochstedt,Cochstedt,CSO|EDBC,51.855833,11.418333,Europe/Berlin,120,UTC+02:00
CN,Foshan,Foshan,FUO,23.133333,113.28333,Asia/Hong_Kong,480,UTC+08:00
US,"Worland, Wyoming","Worland, Wyoming",KWRL|WRL,43.9657,-107.951,America/Denver,-360,UTC-06:00
KI,Abemama Atoll,Abemama Atoll,AEA|NGTB,0.490833,173.828611,Pacific/Tarawa,720,UTC+12:00
US,"Bangor, Maine","Bangor, Maine",BGR|KBGR,44.807444,-68.828139,America/New_York,-240,UTC-04:00
TZ,Mtwara,Mtwara,HTMT|MYW,-10.339058,40.181781,Africa/Dar_es_Salaam,180,UTC+03:00
US,"Valdosta, Georgia","Valdosta, Georgia",KVAD|KVLD|VAD|VLD,30.7825,-83.2767,America/New_York,-240,UTC-04:00
PK,Turbat,Turbat,OPTU|TUK,25.986369,63.030167,Asia/Karachi,300,UTC+05:00
UG,Moyo,Moyo,OYG,3.633,31.75,Africa/Juba,120,UTC+02:00
BR,Belo Horizonte,Belo Horizonte,BHZ|CNF|PLU|SBBH|SBCF,0.0,0.0,America/Sao_Paulo,-180,UTC-03:00
US,"Saint George, Utah","Saint George, Utah",KSGU|SGU,37.090583,-113.593056,America/Denver,-360,UTC-06:00
AU,Winton,Winton,WIN|YWTN,-22.3636,143.086,Australia/Brisbane,600,UTC+10:00
CO,Cartagena,Cartagena,CTG|SKCG,10.442381,-75.512961,America/Bogota,-300,UTC-05:00
US,"Lexington, Kentucky","Lexington, Kentucky",KLEX|LEX,38.0365,-84.605889,America/New_York,-240,UTC-04:00
US,"San Francisco, California","San Francisco, California",EMB|KSFO|SFO,37.618972,-122.374889,America/Los_Angeles,-420,UTC-07:00
CA,The Pas,The Pas,CYQD|YQD,53.9714,-101.091,America/Winnipeg,-300,UTC-05:00
CA,Prince George,Prince George,CYXS|YXS,53.889444,-122.678889,America/Vancouver,-420,UTC-07:00
ET,Tippi,Tippi,HATP|TIE,7.117,35.383,Africa/Addis_Ababa,180,UTC+03:00
US,"Pilot Station, Alaska","Pilot Station, Alaska",PQS,61.934444,-162.899444,America/Anchorage,-480,UTC-08:00
BO,Cochabamba,Cochabamba,CBB|SLCB,-17.421058,-66.177114,America/La_Paz,-240,UTC-04:00
DE,Railway Germany,Railway Germany,QYG,0.0,0.0,Europe/Monaco,120,UTC+02:00
MG,Bealanana,Bealanana,WBE,0.0,0.0,Africa/Juba,120,UTC+02:00
US,"Brigham City, Utah","Brigham City, Utah",BMC|KBMC,41.552,-112.062,America/Denver,-360,UTC-06:00
SA,Arar,Arar,OERR|RAE,30.906589,41.138217,Asia/Riyadh,180,UTC+03:00
ES,Ceuta,Ceuta,GECT|JCU,35.8969,-5.29908,Africa/Ceuta,120,UTC+02:00
CA,"Charlottetown, NL","Charlottetown, NL",YHG,0.0,0.0,America/Halifax,-180,UTC-03:00
PG,Alotau,Alotau,AYGN|GUR,-10.3115,150.334,Pacific/Port_Moresby,600,UTC+10:00
IN,Silchar,Silchar,IXS|VEKU,24.912928,92.978742,Asia/Kolkata,330,UTC+05:30
CA,Nakina,Nakina,CYQN|YQN,50.182777,-86.696388,America/Toronto,-240,UTC-04:00
KE,Nairobi,Nairobi,HKJK|HKNW|NBO|WIL,-1.319167,36.9275,Africa/Nairobi,180,UTC+03:00
CD,Kinshasa,Kinshasa,FIH|FZAA|FZAB|NLO,-4.38575,15.444569,Africa/Kinshasa,60,UTC+01:00
KN,Saint Kitts,Saint Kitts,SKB|TKPK,17.311194,-62.718667,America/St_Kitts,-240,UTC-04:00
PE,Juanjui,Juanjui,JJI|SPJI,-7.1691,-76.728561,America/Lima,-300,UTC-05:00
NZ,Rotorua,Rotorua,NZRO|ROT,-38.109167,176.317222,Pacific/Auckland,720,UTC+12:00
US,"Naples, Florida","Naples, Florida",APF|KAPF,26.152619,-81.775294,America/New_York,-240,UTC-04:00
AU,Ramingining,Ramingining,RAM|YRNG,-12.3564,134.898,Australia/Darwin,570,UTC+09:30
LR,Monrovia,Monrovia,GLMR|GLRB|MLW|ROB,6.289061,-10.758722,Africa/Monrovia,0,UTC+00:00
BR,Porto Alegre,Porto Alegre,POA|SBPA,-29.994428,-51.171428,America/Sao_Paulo,-180,UTC-03:00
CA,Faro,Faro,CZFA|ZFA,62.2075,-133.375833,America/Whitehorse,-420,UTC-07:00
CA,Iqaluit,Iqaluit,CYFB|YFB,63.75639,-68.555832,America/Iqaluit,-240,UTC-04:00
US,"Rochester, New York","Rochester, New York",KROC|ROC,43.118866,-77.672389,America/New_York,-240,UTC-04:00
SA,Hofuf,Hofuf,HOF|OEAH,25.285306,49.485189,Asia/Riyadh,180,UTC+03:00
BR,Porto Alegre Do Norte,Porto Alegre Do Norte,KPBX|PBX,37.5617639,-82.5663889,Africa/Dakar,0,UTC+00:00
NZ,Tauranga,Tauranga,NZTG|TRG,-37.671944,176.19611,Pacific/Auckland,720,UTC+12:00
NI,Bluefields,Bluefields,BEF|MNBL,11.990961,-83.774086,America/Managua,-360,UTC-06:00
FR,Le Touquet,Le Touquet,LFAT|LTQ,50.517385,1.620587,Europe/Paris,120,UTC+02:00
IN,Tezpur,Tezpur,TEZ|VETZ,26.7091,92.7847,Asia/Kolkata,330,UTC+05:30
IR,Lar,Lar,LRR|OISL,27.674725,54.383278,Asia/Tehran,210,UTC+03:30
SK,Sliac,Sliac,LZSL|SLD,48.637839,19.134108,Europe/Bratislava,120,UTC+02:00
CA,Kitchener,Kitchener,CYKF|YKF,43.460833,-80.378611,America/Toronto,-240,UTC-04:00
CY,Larnaca,Larnaca,LCA|LCLK,34.875117,33.62485,Asia/Nicosia,180,UTC+03:00
SE,Karlstad,Karlstad,ESOK|KSD,59.4447,13.3374,Europe/Stockholm,120,UTC+02:00
BG,Haskovo,Haskovo,HKV|LB14,41.976375,25.589817,Europe/Helsinki,180,UTC+03:00
US,"Kingsville, Texas","Kingsville, Texas",KNQI|NQI,27.507223,-97.809723,America/Chicago,-300,UTC-05:00
GB,Bury St Edmunds,Bury St Edmunds,BEQ|EGXH,52.342611,0.772939,Europe/London,60,UTC+01:00
CA,Masset,Masset,CZMT|ZMT,54.0275,-132.125,America/Vancouver,-420,UTC-07:00
IL,Haifa,Haifa,HFA|LLHA,32.809444,35.043056,Asia/Jerusalem,180,UTC+03:00
MA,Rabat,Rabat,GMME|RBA,34.051467,-6.751519,Africa/Casablanca,60,UTC+01:00
JP,Kumejima,Kumejima,ROKJ|UEO,26.363506,126.713806,Asia/Tokyo,540,UTC+09:00
US,"Onion Bay, Alaska","Onion Bay, Alaska",ONN,0.0,0.0,America/Anchorage,-480,UTC-08:00
MA,Essaouira,Essaouira,ESU|GMMI,31.3975,-9.681667,Africa/Casablanca,60,UTC+01:00
US,"Allakaket, Alaska","Allakaket, Alaska",AET|PFAL,66.5519,-152.6222,America/Anchorage,-480,UTC-08:00
US,"Ponca City, Oklahoma","Ponca City, Oklahoma",KPNC|PNC,36.731958,-97.099781,America/Chicago,-300,UTC-05:00
AR,Sierra Grande,Sierra Grande,SAVS|SGV,-41.592,-65.341,America/Argentina/Salta,-180,UTC-03:00
NZ,Ardmore,Ardmore,AMZ|NZAR,-37.029722,174.973333,Pacific/Auckland,720,UTC+12:00
CN,Xuzhou,Xuzhou,XUZ|ZSXZ,34.16,117.11,Asia/Shanghai,480,UTC+08:00
CU,Manzanillo,Manzanillo,MUMZ|MZO,20.288172,-77.0893,America/Havana,-240,UTC-04:00
ID,Malang,Malang,MLG|WARA,-7.926556,112.714514,Asia/Jakarta,420,UTC+07:00
US,"Rancho, California","Rancho, California",KF70|RBK,33.5741791,-117.1284732,America/Vancouver,-420,UTC-07:00
NP,Biratnagar,Biratnagar,BIR|VNVT,26.481453,87.264036,Asia/Kathmandu,345,UTC+05:45
US,"Friday Harbor, Washington","Friday Harbor, Washington",FRD|KFHR,48.521944,-123.024444,America/Los_Angeles,-420,UTC-07:00
US,"Blakely Island, Washington","Blakely Island, Washington",BYW,48.56025,-122.80243,America/Los_Angeles,-420,UTC-07:00
TH,Nakon Si Thammarat,Nakon Si Thammarat,NST|VTSF,8.539617,99.944725,Asia/Bangkok,420,UTC+07:00
CN,Jilin,Jilin,JIL,44.0022,126.396,Asia/Harbin,480,UTC+08:00
TR,Erzurum,Erzurum,ERZ|LTCE,39.956501,41.170166,Europe/Istanbul,180,UTC+03:00
BW,Ghanzi,Ghanzi,FBGZ|GNZ,-21.6925,21.6581,Africa/Gaborone,120,UTC+02:00
GB,Preston,Preston,XPT,53.756,-2.7072,Europe/London,60,UTC+01:00
CZ,Prague,Prague,LKPR|PFL|PRG|XYG,50.100833,14.26,Europe/Prague,120,UTC+02:00
SE,Sundsvall,Sundsvall,ESNN|SDL|XXZ,62.528125,17.443928,Europe/Stockholm,120,UTC+02:00
US,"Napaskiak, Alaska","Napaskiak, Alaska",PKA,60.7069,-161.77325,America/Anchorage,-480,UTC-08:00
US,"Scottsdale, Arizona","Scottsdale, Arizona",KSDL|ZSY,33.6228889,-111.9105278,America/Phoenix,-420,UTC-07:00
AE,Ras Al Khaimah,Ras Al Khaimah,OMRK|RKT,25.613483,55.938817,Asia/Dubai,240,UTC+04:00
PG,Sagarai,Sagarai,SGJ,29.95925,-81.3397222,Asia/Vladivostok,600,UTC+10:00
AU,Great Keppel Isla,Great Keppel Isla,GKL|YGKL,-23.186,150.943,Australia/Brisbane,600,UTC+10:00
ID,Ternate,Ternate,TTE|WAMT,0.831414,127.381486,Asia/Jayapura,540,UTC+09:00
BD,Ishurdi,Ishurdi,IRD|VGIS,24.1525,89.049446,Asia/Dhaka,360,UTC+06:00
IL,Elat,Elat,ETH|LLET|LLOV|VDA,29.561281,34.960081,Asia/Jerusalem,180,UTC+03:00
US,"Akhiok, Alaska","Akhiok, Alaska",AKK|PAKH,56.938611,-154.1825,America/Anchorage,-480,UTC-08:00
MT,Comino,Comino,JCO,36.016,14.333,Europe/Monaco,120,UTC+02:00
BR,Boa Vista,Boa Vista,BVB|SBBV,2.846311,-60.690069,America/Boa_Vista,-240,UTC-04:00
CN,Zhaotong,Zhaotong,ZAT|ZPZT,27.3256,103.755,Asia/Chongqing,480,UTC+08:00
TW,Beigan,Beigan,MFK|RCMT,26.224153,120.00275,Asia/Taipei,480,UTC+08:00
NL,Maastricht,Maastricht,EHBK|MST|ZYT,50.911658,5.770144,Europe/Amsterdam,120,UTC+02:00
TR,Sinop,Sinop,LTCM|NOP|SIC,42.015833,35.066389,Europe/Istanbul,180,UTC+03:00
PK,Karachi,Karachi,KHI|OPKC,24.906547,67.160797,Asia/Karachi,300,UTC+05:00
CA,Bonnyville,Bonnyville,CYBF|YBY,54.304722,-110.741111,America/Edmonton,-360,UTC-06:00
VN,Phu Quoc,Phu Quoc,PQC,10.227025,103.967169,Asia/Ho_Chi_Minh,420,UTC+07:00
AU,Barcaldine,Barcaldine,BCI|YBAR,-23.5653,145.307,Australia/Brisbane,600,UTC+10:00
BG,Burgas,Burgas,BOJ|LBBG,42.569583,27.515236,Europe/Sofia,180,UTC+03:00
FR,Castres,Castres,DCM|LFCK,43.55625,2.289183,Europe/Paris,120,UTC+02:00
PL,Szczecin,Szczecin,EPSC|SZZ,53.584731,14.902206,Europe/Warsaw,120,UTC+02:00
US,"McCarthy, Alaska","McCarthy, Alaska",MXY,61.4370608,-142.9030737,America/Anchorage,-480,UTC-08:00
AU,Useless Loop,Useless Loop,USL,-26.1667,113.4,Australia/Perth,480,UTC+08:00
US,"Minto, Alaska","Minto, Alaska",MNT,65.143611,-149.37,America/Anchorage,-480,UTC-08:00
JP,Oshima,Oshima,OIM|RJTO,34.782033,139.360306,Asia/Tokyo,540,UTC+09:00
FR,Niort,Niort,LFBN|NIT,46.311303,-0.401503,Europe/Paris,120,UTC+02:00
AR,Ingeniero Jacobacci,Ingeniero Jacobacci,IGB|SAVJ,-41.3,-69.5833,America/Argentina/Salta,-180,UTC-03:00
RU,Apatity,Apatity,KVK|ULMK,67.4633,33.5883,Europe/Moscow,180,UTC+03:00
GB,Barrow In Furness,Barrow In Furness,BWF|EGNL,54.131167,-3.263667,Europe/London,60,UTC+01:00
CD,Kananga,Kananga,FZUA|KGA,-5.900055,22.469166,Africa/Lubumbashi,120,UTC+02:00
VE,Caracas,Caracas,CCS|SVMI,10.603117,-66.990583,America/Caracas,-240,UTC-04:00
PF,Bora Bora,Bora Bora,BOB|NTTB,-16.444378,-151.751286,Pacific/Tahiti,-600,UTC-10:00
CA,Williams Lake,Williams Lake,CYWL|YWL,52.183056,-122.054167,America/Vancouver,-420,UTC-07:00
PE,Trujillo,Trujillo,SPRU|TRU,-8.081411,-79.108761,America/Lima,-300,UTC-05:00
ID,Ujung Pandang,Ujung Pandang,UPG|WAAA,-5.061631,119.554042,Asia/Makassar,480,UTC+08:00
CA,New Westminister,New Westminister,YBD,0.0,0.0,America/Vancouver,-420,UTC-07:00
KR,Jeju,Jeju,CJU|RKPC,33.511306,126.493028,Asia/Seoul,540,UTC+09:00
GB,Outer Skerries,Outer Skerries,OUK,60.417,-0.75,Europe/Jersey,60,UTC+01:00
FR,Chambery,Chambery,CMF|CYY|LFLB,45.63805,5.880225,Europe/Paris,120,UTC+02:00
CA,Prince Albert,Prince Albert,CYPA|YPA,53.214167,-105.672778,America/Regina,-360,UTC-06:00
US,"Carlsbad, New Mexico","Carlsbad, New Mexico",CNM|KCNM,32.337472,-104.263278,America/Denver,-360,UTC-06:00
RU,Ryazan,Ryazan,RZN,54.5559,39.8552,Europe/Moscow,180,UTC+03:00
KZ,Ekibastuz,Ekibastuz,EKB,51.591,75.215,Asia/Qyzylorda,300,UTC+05:00
US,"Ann Arbor, Michigan","Ann Arbor, Michigan",ARB|KARB,42.132274,-83.444418,America/Detroit,-240,UTC-04:00
MO,Macau,Macau,MFM|VMMC|XZM,22.149556,113.591558,Asia/Macau,480,UTC+08:00
CR,Limon,Limon,LIO|MRLM,9.957961,-83.022006,America/Costa_Rica,-360,UTC-06:00
ZA,Mmabatho,Mmabatho,FAMM|MBD,-25.798444,25.548028,Africa/Johannesburg,120,UTC+02:00
RU,Raduzhnyi (KHMAO),Raduzhnyi (KHMAO),RAT|USNR,62.1586,77.3289,Asia/Yekaterinburg,300,UTC+05:00
BR,Guanambi,Guanambi,GNM|SNGI,-14.216667,-42.783333,America/Bahia,-180,UTC-03:00
GR,Kozani,Kozani,KZI|LGKZ,40.28611,21.840834,Europe/Athens,180,UTC+03:00
TH,Surat Thani,Surat Thani,URT|VTSB,9.1325,99.135556,Asia/Bangkok,420,UTC+07:00
AU,Leonora,Leonora,LNO|YLEO,-28.8781,121.315,Australia/Perth,480,UTC+08:00
BD,Dhaka,Dhaka,DAC|VGZR,23.843333,90.397781,Asia/Dhaka,360,UTC+06:00
PG,Manga,Manga,MGP,0.0,0.0,Asia/Vladivostok,600,UTC+10:00
US,"Columbus, Mississipi","Columbus, Mississipi",CBM|GTR|KCBM|KGTR|UBS,33.46447,-88.38239,America/Chicago,-300,UTC-05:00
DE,Siegen,Siegen,SGE,0.0,0.0,Europe/Berlin,120,UTC+02:00
US,"Pendleton, Oregon","Pendleton, Oregon",KPDT|PDT,45.695,-118.841389,America/Los_Angeles,-420,UTC-07:00
BR,Xinguera,Xinguera,XIG,0.0,0.0,America/Belem,-180,UTC-03:00
VI,Saint Croix Isl,Saint Croix Isl,SSB|STX|TISX,17.701889,-64.798556,America/St_Thomas,-240,UTC-04:00
CA,Dawson Creek,Dawson Creek,CYDQ|YDQ,55.742333,-120.183,America/Dawson_Creek,-420,UTC-07:00
US,"Killeen, Texas","Killeen, Texas",GRK|HLR|ILE|KGRK|KHLR,31.08333,-97.68333,America/Chicago,-300,UTC-05:00
BW,Francistown,Francistown,FBFT|FRW,-21.159597,27.474525,Africa/Gaborone,120,UTC+02:00
GR,Porto Heli,Porto Heli,LGHL|PKH,37.298792,23.148986,Europe/Athens,180,UTC+03:00
NL,Hilversum,Hilversum,QYI,52.226389,5.181667,Europe/Monaco,120,UTC+02:00
AU,Taree,Taree,TRO|YTRE,-31.8886,152.514,Australia/Sydney,600,UTC+10:00
AU,Blackall,Blackall,BKQ|YBCK,-24.427778,145.428611,Australia/Brisbane,600,UTC+10:00
AI,Anguilla,Anguilla,AXA|TQPF,18.204834,-63.055084,America/Anguilla,-240,UTC-04:00
US,"Ely, Minnesota","Ely, Minnesota",KELO|LYU,47.824444,-91.830833,America/Chicago,-300,UTC-05:00
IN,Port Blair,Port Blair,IXZ|VOPB,11.641161,92.729744,Asia/Kolkata,330,UTC+05:30
JP,Iki,Iki,IKI|RJDB,33.749027,129.785417,Asia/Tokyo,540,UTC+09:00
IS,Reykjavik,Reykjavik,BIKF|BIRK|KEF|REV|RKV,0.0,0.0,Atlantic/Reykjavik,0,UTC+00:00
BR,Rio De Janeiro,Rio De Janeiro,GIG|RRJ|SBGL|SBRJ|SDU,-22.808903,-43.243647,America/Sao_Paulo,-180,UTC-03:00
MG,Mandritsara,Mandritsara,FMNX|WMA,-15.817,48.833,Indian/Antananarivo,180,UTC+03:00
CO,Carimagua,Carimagua,CCO|KCCO,33.3115656,-84.7697554,America/Bogota,-300,UTC-05:00
AR,Cutral,Cutral,CUT,-38.9397,-69.2646,America/Argentina/Salta,-180,UTC-03:00
ZA,Plettenberg Bay,Plettenberg Bay,PBZ,-34.088056,23.328889,Africa/Johannesburg,120,UTC+02:00
MQ,Fort De France,Fort De France,FDF|TFFF,14.591033,-61.003175,America/Martinique,-240,UTC-04:00
DO,Santiago,Santiago,MDST|STI,19.406092,-70.604689,America/Santo_Domingo,-240,UTC-04:00
UZ,Andizhan,Andizhan,AZN|UTKA,40.7277,72.294,Asia/Tashkent,300,UTC+05:00
CA,Lloydminster,Lloydminster,CYLL|YLL,53.309166,-110.0725,America/Edmonton,-360,UTC-06:00
US,"Tulsa, Oklahoma","Tulsa, Oklahoma",KTUL|TUL,36.198389,-95.888111,America/Chicago,-300,UTC-05:00
BR,Santos,Santos,SBST|SSZ,-23.925206,-46.2875,America/Sao_Paulo,-180,UTC-03:00
PR,Culebra,Culebra,CPX|TJCP,18.3127,-65.3034,America/Puerto_Rico,-240,UTC-04:00
RU,Taganrog,Taganrog,TGK,47.198102,38.849245,Europe/Moscow,180,UTC+03:00
YE,Al Ghaydah,Al Ghaydah,AAY|OYGD,16.191667,52.175,Asia/Aden,180,UTC+03:00
AU,Snake Bay,Snake Bay,SNB,-11.4228,130.65401,Australia/Darwin,570,UTC+09:30
CA,Miramichi,Miramichi,CYCH|YCH,47.007778,-65.449167,America/Moncton,-180,UTC-03:00
BR,Maues,Maues,MBZ|SWMW,-3.383611,-57.718611,America/Manaus,-240,UTC-04:00
VE,Los Roques,Los Roques,LRV|SVRS,11.95,-66.67,America/Caracas,-240,UTC-04:00
MK,Ohrid,Ohrid,LWOH|OHD,41.179956,20.742325,Europe/Skopje,120,UTC+02:00
US,"Scranton, Pennsylvania","Scranton, Pennsylvania",AVP|KAVP|KWBW|WBW,41.338478,-75.723403,America/New_York,-240,UTC-04:00
MX,Uruapan,Uruapan,MMPN|UPN,19.396692,-102.039056,America/Mexico_City,-360,UTC-06:00
US,"Monroe, Louisiana","Monroe, Louisiana",KMLU|MLU,32.510864,-92.037689,America/Chicago,-300,UTC-05:00
US,"Daytona Beach, Florida","Daytona Beach, Florida",DAB|KDAB,29.179917,-81.058056,America/New_York,-240,UTC-04:00
DE,Giebelstadt,Giebelstadt,ETEU|GHF,49.648131,9.966494,Europe/Berlin,120,UTC+02:00
CO,Turbo,Turbo,TRB,8.07453,-76.7415,America/Bogota,-300,UTC-05:00
ID,Langgur,Langgur,LUV|WAPL,-5.661619,132.731431,Asia/Jayapura,540,UTC+09:00
GR,Chania,Chania,CHQ|LGSA,35.531747,24.149678,Europe/Athens,180,UTC+03:00
DZ,In Salah,In Salah,DAUI|INZ,27.251022,2.512017,Africa/Algiers,60,UTC+01:00
US,"Montpelier, Vermont","Montpelier, Vermont",KMPV|MPV,44.203503,-72.562328,America/New_York,-240,UTC-04:00
CH,Morges,Morges,ZJQ,0.0,0.0,Europe/Monaco,120,UTC+02:00
BR,Livramento,Livramento,LVB,-13.6506,-41.8339,America/Bahia,-180,UTC-03:00
GB,Norwich,Norwich,EGSH|NWI,52.675833,1.282778,Europe/London,60,UTC+01:00
RU,Saransk,Saransk,SKX|UWPS,54.1251,45.2123,Europe/Moscow,180,UTC+03:00
BR,Fortaleza,Fortaleza,FOR|SBFZ,-3.776283,-38.532556,America/Fortaleza,-180,UTC-03:00
US,"Ouzinkie, Alaska","Ouzinkie, Alaska",KOZ,57.922876,-152.500511,America/Anchorage,-480,UTC-08:00
PG,Vanimo,Vanimo,AYVN|VAI,-2.69717,141.302,Pacific/Port_Moresby,600,UTC+10:00
CA,Lutsel Ke Snowdrift,Lutsel Ke Snowdrift,CYLK|YSG,62.4183,-110.682,America/Yellowknife,-360,UTC-06:00
TR,Merzifon,Merzifon,LTAP|MZH,40.829375,35.521992,Europe/Istanbul,180,UTC+03:00
US,"Chicken, Alaska","Chicken, Alaska",CKX,0.0,0.0,America/Anchorage,-480,UTC-08:00
GM,Banjul,Banjul,BJL|GBYD,13.337961,-16.652206,Africa/Banjul,0,UTC+00:00
IL,Jerusalem,Jerusalem,JRS,0.0,0.0,Asia/Hebron,180,UTC+03:00
CA,Wabush,Wabush,CYWK|YWK,52.921944,-66.864444,America/Goose_Bay,-180,UTC-03:00
FR,Laval,Laval,LFOV|LVA,48.031361,-0.742986,Europe/Paris,120,UTC+02:00
KI,Beru,Beru,BEZ|NGBR,-1.254722,176.007222,Pacific/Tarawa,720,UTC+12:00
IQ,Baghdad,Baghdad,BGW|ORBI,33.262539,44.234578,Asia/Baghdad,180,UTC+03:00
US,"Pensacola, Florida","Pensacola, Florida",KNPA|KPNS|NPA|PNS,30.473425,-87.186611,America/Chicago,-300,UTC-05:00
ET,Gore,Gore,GOR|HAGR,8.167,35.55,Africa/Addis_Ababa,180,UTC+03:00
SE,Joenkoeping,Joenkoeping,ESGJ|JKG,57.757594,14.068731,Europe/Stockholm,120,UTC+02:00
TR,Van,Van,LTCI|VAN,38.468219,43.3323,Europe/Istanbul,180,UTC+03:00
CA,Bromont,Bromont,CZBM|ZBM,45.290833,-72.741944,America/Montreal,-240,UTC-04:00
CN,Liuzhou (Guangxi),Liuzhou (Guangxi),LZH|ZGZH,24.2075,109.391,Asia/Chongqing,480,UTC+08:00
DE,Aue,Aue,ZAU,48.3655,10.8863,Europe/Monaco,120,UTC+02:00
PF,Nuku Hiva,Nuku Hiva,NHV|NTMD,-8.795603,-140.228789,Pacific/Marquesas,-570,UTC-09:30
CN,Nanchang,Nanchang,KHN|ZSCN,28.865,115.9,Asia/Shanghai,480,UTC+08:00
US,"Marquette, Michigan","Marquette, Michigan",KMQT|MQT,46.353611,-87.395278,America/Detroit,-240,UTC-04:00
CD,Gbadolite,Gbadolite,BDT|FZFD,4.253206,20.975283,Africa/Kinshasa,60,UTC+01:00
ID,Soroako,Soroako,SQR,-2.5312,121.358,Asia/Makassar,480,UTC+08:00
ID,Mangole,Mangole,MAL,-1.87579,125.83,Asia/Makassar,480,UTC+08:00
US,"Cape Girardeau, Missouri","Cape Girardeau, Missouri",CGI|KCGI,37.2253,-89.5708,America/Chicago,-300,UTC-05:00
LY,Kufrah,Kufrah,AKF|HLKF,24.178728,23.313958,Africa/Tripoli,120,UTC+02:00
NO,Sandnessjoen,Sandnessjoen,ENST|SSJ,65.956828,12.468944,Europe/Oslo,120,UTC+02:00
PA,Mulatupo,Mulatupo,MPP,8.95,-77.75,America/Panama,-300,UTC-05:00
JP,Oita,Oita,OIT|RJFO,33.479444,131.737222,Asia/Tokyo,540,UTC+09:00
BR,Paulo Afonso,Paulo Afonso,PAV|SBUF,-9.400878,-38.250575,America/Bahia,-180,UTC-03:00
AS,Ofu,Ofu,OFU,-14.184444,-169.67,Pacific/Pago_Pago,-660,UTC-11:00
EG,Assiut,Assiut,ATZ|HEAT,27.046508,31.011983,Africa/Cairo,180,UTC+03:00
US,"Camden, South Carolina","Camden, South Carolina",CDN|KCDN,34.2835833,-80.5648611,America/New_York,-240,UTC-04:00
CR,Tortuquero,Tortuquero,MRAO|TTQ,10.569,-83.5148,America/Costa_Rica,-360,UTC-06:00
AU,Darwin,Darwin,DRW|YPDN,-12.4083333,130.87266,Australia/Darwin,570,UTC+09:30
RU,Tura,Tura,GOY|UNIT,64.2,100.26,Asia/Krasnoyarsk,420,UTC+07:00
US,"Fort Leonard Wood, Missouri","Fort Leonard Wood, Missouri",KTBN|TBN,37.741631,-92.140736,America/Chicago,-300,UTC-05:00
AU,Telfer,Telfer,TEF|YTEF,-21.713057,122.21222,Australia/Perth,480,UTC+08:00
IE,Kerry County,Kerry County,EIKY|KIR,52.180878,-9.523783,Europe/Dublin,60,UTC+01:00
FR,Lorient,Lorient,LFRH|LRT,47.760555,-3.44,Europe/Paris,120,UTC+02:00
FR,Valence,Valence,LFLU|VAF|XHK,44.921594,4.9699,Europe/Paris,120,UTC+02:00
NO,Oslo,Oslo,ENFB|ENGM|ENRY|ENTO|FBU|OSL|RYG|TRF,60.193917,11.100361,Europe/Oslo,120,UTC+02:00
MY,Alor Setar,Alor Setar,AOR|WMKA,6.189667,100.398183,Asia/Kuala_Lumpur,480,UTC+08:00
BR,Teresina,Teresina,SBTE|THE,-5.059942,-42.823478,America/Fortaleza,-180,UTC-03:00
US,"Longview, Texas","Longview, Texas",GGG|KGGG,32.384014,-94.711486,America/Chicago,-300,UTC-05:00
DE,Guetersloh,Guetersloh,ETUO|GUT,51.922833,8.306333,Europe/Berlin,120,UTC+02:00
HN,San Pedro Sula,San Pedro Sula,MHLM|SAP,15.452639,-87.923556,America/Tegucigalpa,-360,UTC-06:00
LY,Ubari,Ubari,QUB,26.5675,12.8231,Africa/Tripoli,120,UTC+02:00
RU,Rostov-on-Don,Rostov-on-Don,ROV|URRP,47.488342,39.929081,Europe/Moscow,180,UTC+03:00
US,"Dalton, Georgia","Dalton, Georgia",DNN|KDNN,34.7229444,-84.87025,America/New_York,-240,UTC-04:00
US,"Manteo, North Carolina","Manteo, North Carolina",MEO,0.0,0.0,America/New_York,-240,UTC-04:00
CO,Popayan,Popayan,PPN|SKPP,2.4544,-76.609319,America/Bogota,-300,UTC-05:00
SA,Gurayat,Gurayat,OEGT|URY,31.411942,37.279469,Asia/Riyadh,180,UTC+03:00
IS,Vestmannaeyjar,Vestmannaeyjar,BIVM|VEY,63.424303,-20.278875,Atlantic/Reykjavik,0,UTC+00:00
RU,Zonalnoe (Sakhalin Oblast),Zonalnoe (Sakhalin Oblast),ZZO,50.669212,142.756348,Asia/Sakhalin,660,UTC+11:00
CN,Tongren,Tongren,TEN|ZUTR,27.884,109.31,Asia/Chongqing,480,UTC+08:00
MX,Cuernavaca,Cuernavaca,CVJ|MMCB,18.834764,-99.2613,America/Mexico_City,-360,UTC-06:00
VU,Redcliffe,Redcliffe,NVSR|RCL,-15.472,167.835,Pacific/Efate,660,UTC+11:00
PE,Huanuco,Huanuco,HUU|SPNC,-9.878811,-76.204797,America/Lima,-300,UTC-05:00
BR,Araraquara,Araraquara,AQA|SBAQ,-21.812,-48.133028,America/Sao_Paulo,-180,UTC-03:00
US,"Traverse City, Michigan","Traverse City, Michigan",KTVC|TVC,44.741445,-85.582235,America/Detroit,-240,UTC-04:00
US,"Tampa, FL","Tampa, FL",KMCF|KPIE|KSPG|KTPA|KYO|MCF|PIE|SPG|TPA|TPF,27.975472,-82.53325,America/New_York,-240,UTC-04:00
VN,Son La,Son La,SQH|VVNS,21.217,104.033,Asia/Ho_Chi_Minh,420,UTC+07:00
US,"Wilmington, Ohio","Wilmington, Ohio",ILN|KILN,39.42792,-83.792118,America/New_York,-240,UTC-04:00
LA,Vientiane,Vientiane,VLVT|VTE,17.988322,102.563256,Asia/Vientiane,420,UTC+07:00
US,"Marathon, Florida","Marathon, Florida",KMTH|MTH,24.726111,-81.051389,America/New_York,-240,UTC-04:00
NC,Kone,Kone,KNQ|NWWD,-21.053428,164.837806,Pacific/Noumea,660,UTC+11:00
CO,Medellin,Medellin,EOH|MDE|SKMD|SKRG,6.164536,-75.423119,America/Bogota,-300,UTC-05:00
CU,Bayamo,Bayamo,BYM|MUBY,20.396331,-76.621494,America/Havana,-240,UTC-04:00
GB,Newcastle,Newcastle,EGNT|NCL,55.0375,-1.691667,Europe/London,60,UTC+01:00
ID,Roti,Roti,RTI,-10.4843,123.374,Asia/Makassar,480,UTC+08:00
TH,Lampang,Lampang,LPT|VTCL,18.270933,99.504167,Asia/Bangkok,420,UTC+07:00
MG,Antalaha,Antalaha,ANM|FMNH,-14.999411,50.320233,Indian/Antananarivo,180,UTC+03:00
US,"Las Vegas, Nevada","Las Vegas, Nevada",HSH|KHND|KLAS|KLSV|LAS|LSV|VGT,36.080056,-115.15225,America/Los_Angeles,-420,UTC-07:00
TH,Ranong,Ranong,UNN,9.777622,98.585483,Asia/Bangkok,420,UTC+07:00
US,"Tucson, Arizona","Tucson, Arizona",AVW|DMA|KAVQ|KDMA|KTUS|TUS,32.116083,-110.941028,America/Phoenix,-420,UTC-07:00
CA,Hearst,Hearst,CYHF|YHF,49.713889,-83.686944,America/Toronto,-240,UTC-04:00
GB,Nottingham,Nottingham,EGBN|EGNX|EMA|NQT,52.92,-1.079167,Europe/London,60,UTC+01:00
MD,Balti,Balti,BZY,47.8381,27.7815,Europe/Chisinau,180,UTC+03:00
NF,Norfolk Island,Norfolk Island,NLK|YSNF,-29.041625,167.938742,Pacific/Norfolk,660,UTC+11:00
GB,Leicester,Leicester,QEW,52.632,-1.124,Europe/London,60,UTC+01:00
US,"Chalkyitsik, Alaska","Chalkyitsik, Alaska",CIK|PACI,66.645,-143.74,America/Anchorage,-480,UTC-08:00
KE,Bamburi,Bamburi,BMQ|KBMQ,-3.982688889,39.73089722,Africa/Nairobi,180,UTC+03:00
PF,Kaukura Atoll,Kaukura Atoll,KKR|NTGK,-15.663333,-146.884769,Pacific/Tahiti,-600,UTC-10:00
ID,Serui,Serui,ZRI,0.0,0.0,Asia/Jayapura,540,UTC+09:00
RE,Saint Denis Reunion,Saint Denis Reunion,FMEE|RUN,-20.8871,55.510308,Indian/Reunion,240,UTC+04:00
NO,Vardoe,Vardoe,ENSS|VAW,70.355392,31.044889,Europe/Oslo,120,UTC+02:00
US,"Chignik, Alaska","Chignik, Alaska",KBW|KCG|KCL|KCQ,56.311111,-158.534167,America/Anchorage,-480,UTC-08:00
ZW,Buffalo Range,Buffalo Range,BFO|FVCZ,-21.008083,31.57855,Africa/Harare,120,UTC+02:00
RU,Sovetskaya Gavan,Sovetskaya Gavan,GVN|UHKM,48.928928,140.03294,Asia/Magadan,660,UTC+11:00
FR,Cherbourg Octeville,Cherbourg Octeville,CER|LFRC,49.650106,-1.470281,Europe/Paris,120,UTC+02:00
CH,Neuchatel,Neuchatel,LSGN|QNC,46.9575,6.86472,Europe/Monaco,120,UTC+02:00
MG,Miandrivazo,Miandrivazo,FMMN|ZVA,-19.562778,45.450832,Indian/Antananarivo,180,UTC+03:00
CA,Moosonee,Moosonee,CYMO|YMO,51.291111,-80.607778,America/Toronto,-240,UTC-04:00
DE,Chemnitz,Chemnitz,ZTZ,0.0,0.0,Europe/Monaco,120,UTC+02:00
KI,Nonouti,Nonouti,NGTO|NON,-0.616667,174.366667,Pacific/Tarawa,720,UTC+12:00
PH,Catarman,Catarman,CRM|RPVF,12.502417,124.635778,Asia/Manila,480,UTC+08:00
AU,Port Hunter,Port Hunter,PHJ,0.0,0.0,Pacific/Tahiti,-600,UTC-10:00
US,"Valparaiso, Indiana","Valparaiso, Indiana",VPZ,41.4539722,-87.0070833,America/Chicago,-300,UTC-05:00
PH,Lwbak,Lwbak,KLWA|LWA,42.3511944,-86.2556389,Asia/Irkutsk,480,UTC+08:00
TD,Faya,Faya,FTTY|FYT,17.917053,19.111078,Africa/Ndjamena,60,UTC+01:00
CO,La Primavera,La Primavera,LPE,0.0,0.0,America/Cayman,-300,UTC-05:00
CA,Brandon,Brandon,CYBR|YBR,49.91,-99.951944,America/Winnipeg,-300,UTC-05:00
US,"Klamath Falls, Oregon","Klamath Falls, Oregon",KLMT|LMT,42.1561,-121.733,America/Los_Angeles,-420,UTC-07:00
BS,Cat Cays,Cat Cays,CXY|KCXY,40.2171389,-76.8513611,America/Nassau,-240,UTC-04:00
RU,Nizhniy Novgorod,Nizhniy Novgorod,GOJ|UWGG|ННЖ,56.218073,43.791613,Europe/Moscow,180,UTC+03:00
US,"Palacios, Texas","Palacios, Texas",KPSX|PSX,28.727508,-96.250958,America/Chicago,-300,UTC-05:00
IR,Rasht,Rasht,OIGG|RAS,37.325314,49.605817,Asia/Tehran,210,UTC+03:30
US,"Conroe, TX","Conroe, TX",CXO|KCXO,30.351833,-95.414467,America/Chicago,-300,UTC-05:00
RU,Khabarovsk,Khabarovsk,KHV|UHHH,48.528044,135.188361,Asia/Vladivostok,600,UTC+10:00
ER,Massawa,Massawa,HHMS|MSW,15.669989,39.370103,Africa/Asmara,180,UTC+03:00
ZA,Pretoria,Pretoria,FAWB|PRY,-25.653858,28.224231,Africa/Johannesburg,120,UTC+02:00
TZ,Bukoba,Bukoba,BKZ|HTBU,-1.3,31.8,Africa/Dar_es_Salaam,180,UTC+03:00
IR,Bam,Bam,BXR|OIKM,29.084169,58.450042,Asia/Tehran,210,UTC+03:30
VI,Saint Thomas,Saint Thomas,STT|TIST,18.337306,-64.973361,America/St_Thomas,-240,UTC-04:00
US,"Lebanon, New Hampshire","Lebanon, New Hampshire",KLEB|LEB,43.6261,-72.3042,America/New_York,-240,UTC-04:00
CO,Barrancabermeja,Barrancabermeja,EJA|SKEJ,7.024331,-73.8068,America/Bogota,-300,UTC-05:00
CO,San Jose Del Gua,San Jose Del Gua,SJE|SKSJ,2.579694,-72.639358,America/Bogota,-300,UTC-05:00
ES,San Sebastian De La Gom,San Sebastian De La Gom,GCGM|GMZ,28.0296,-17.2146,Atlantic/Canary,60,UTC+01:00
US,"Keokuk, Iowa","Keokuk, Iowa",EOK|KEOK,40.4599078,-91.4285011,America/Chicago,-300,UTC-05:00
PG,Kavieng,Kavieng,AYKV|KVG,-2.5794,150.808,Pacific/Port_Moresby,600,UTC+10:00
CA,Umiujaq,Umiujaq,CYMU|YUD,56.5361,-76.5183,America/Montreal,-240,UTC-04:00
CN,Zhanjiang,Zhanjiang,ZGZJ|ZHA,21.2144,110.358,Asia/Urumqi,360,UTC+06:00
AR,Rio Cuarto,Rio Cuarto,RCU|SAOC,-33.085128,-64.261314,America/Argentina/Cordoba,-180,UTC-03:00
EC,Coca,Coca,OCC|SECO,-0.462886,-76.986842,America/Guayaquil,-300,UTC-05:00
MG,Farafangana,Farafangana,FMSG|RVA|RVE|SKSA,-22.805286,47.820614,America/Bogota,-300,UTC-05:00
DE,Egelsbach,Egelsbach,QEF,49.9608,8.64361,Europe/Monaco,120,UTC+02:00
US,"Alice, Texas","Alice, Texas",ALI|KALI,27.740889,-98.026944,America/Chicago,-300,UTC-05:00
TR,Tokat,Tokat,TJK,40.302223,36.36778,Europe/Istanbul,180,UTC+03:00
TZ,Musoma,Musoma,HTMU|MUZ,-1.483,33.8,Africa/Dar_es_Salaam,180,UTC+03:00
ID,Karubaga,Karubaga,KBF,-3.75,138.33299,Asia/Yakutsk,540,UTC+09:00
RS,Belgrade,Belgrade,BEG|LYBE|БГБ,44.818444,20.309139,Europe/Belgrade,120,UTC+02:00
CV,Sal,Sal,GVAC|SID,16.741389,-22.949444,Atlantic/Cape_Verde,-60,UTC-01:00
HN,Guanaja,Guanaja,GJA|MHNJ,16.445367,-85.906611,America/Tegucigalpa,-360,UTC-06:00
BR,Campinas,Campinas,CPQ|SDAM,-22.8592,-47.1082,America/Sao_Paulo,-180,UTC-03:00
US,"Staunton, Virginia","Staunton, Virginia",KSHD|SHD,38.263889,-78.896389,America/New_York,-240,UTC-04:00
CI,San Pedro,San Pedro,DISP|SPY,4.746717,-6.660817,Africa/Abidjan,0,UTC+00:00
VN,HaiPhong,HaiPhong,HPH|VVCI,20.819386,106.724989,Asia/Ho_Chi_Minh,420,UTC+07:00
EC,Portoviejo,Portoviejo,PVO|SEPV,-1.041647,-80.472206,America/Guayaquil,-300,UTC-05:00
AU,Cooinda,Cooinda,CDA|YCOO,-12.9033,132.532,Australia/Darwin,570,UTC+09:30
VE,Valencia,Valencia,SVVA|VLN,10.149733,-67.9284,America/Caracas,-240,UTC-04:00
JP,Amami O Shima,Amami O Shima,ASJ|RJKA,28.430633,129.712542,Asia/Tokyo,540,UTC+09:00
CD,Kamina,Kamina,FZSA|KMN,-8.642025,25.252897,Africa/Lubumbashi,120,UTC+02:00
CN,Changsha,Changsha,CSX|HHA|ZGHA,28.189158,113.219633,Asia/Shanghai,480,UTC+08:00
CL,La Serena,La Serena,LSC|SCSE,-29.916233,-71.199522,America/Santiago,-240,UTC-04:00
US,"Terre Haute, Indiana","Terre Haute, Indiana",HUF|KHUF,39.451464,-87.307561,America/Indiana/Indianapolis,-240,UTC-04:00
PF,Takaroa,Takaroa,NTKR|TKX,-14.455781,-145.024542,Pacific/Tahiti,-600,UTC-10:00
PH,Zamboanga,Zamboanga,RPMZ|ZAM,6.922419,122.059633,Asia/Manila,480,UTC+08:00
SE,Karlskoga,Karlskoga,ESKK|KSK,59.345867,14.495922,Europe/Stockholm,120,UTC+02:00
GR,Rhodes,Rhodes,LGRP|RHO,36.405419,28.086192,Europe/Athens,180,UTC+03:00
PK,Sialkot,Sialkot,OPST|SKT,32.5356,74.3639,Asia/Karachi,300,UTC+05:00
MV,Gan Island,Gan Island,GAN|VRMG,-0.693342,73.1556,Indian/Maldives,300,UTC+05:00
CO,Guapi,Guapi,GPI|SKGP,2.570133,-77.8986,America/Bogota,-300,UTC-05:00
US,"Minocqua, WI","Minocqua, WI",ARV|KARV,45.927778,-89.730833,America/Chicago,-300,UTC-05:00
ID,Palu,Palu,PLW|WAML,-0.918542,119.909642,Asia/Makassar,480,UTC+08:00
ID,Jakarta,Jakarta,CGK|HLP|WIHH|WIII,-6.26661,106.891,Asia/Jakarta,420,UTC+07:00
US,"Altus, Oklahoma","Altus, Oklahoma",KLTS|LTS,34.667067,-99.266681,America/Chicago,-300,UTC-05:00
CX,Christmas Island,Christmas Island,XCH|YPXM,-10.450556,105.690278,Indian/Christmas,420,UTC+07:00
AU,Ceduna,Ceduna,CED|YCDU,-32.1306,133.71,Australia/Adelaide,570,UTC+09:30
GT,Quetzaltenango,Quetzaltenango,AAZ|MGQZ,14.8656,-91.502,America/Costa_Rica,-360,UTC-06:00
AO,Lukapa,Lukapa,FNLK|LBZ,-8.443056,20.732222,Africa/Luanda,60,UTC+01:00
US,"Rochester, MN","Rochester, MN",KRST|RST,43.908283,-92.500014,America/Chicago,-300,UTC-05:00
RU,Sovetsky (KhMAD),Sovetsky (KhMAD),OVS|USHS,61.32,63.6044,Asia/Yekaterinburg,300,UTC+05:00
CA,Inuvik,Inuvik,CYEV|YEV,68.304167,-133.482778,America/Inuvik,-360,UTC-06:00
CN,Dali,Dali,DLU|ZPDL,25.649444,100.319444,Asia/Chongqing,480,UTC+08:00
IE,Caherciveen,Caherciveen,CHE,51.933334,-10.233333,Europe/Dublin,60,UTC+01:00
AF,Khwahan,Khwahan,KWH,37.883,70.217,Asia/Kabul,270,UTC+04:30
RU,Noyabrsk,Noyabrsk,NOJ|USRO,63.183813,75.268858,Asia/Yekaterinburg,300,UTC+05:00
MY,Bakalalan,Bakalalan,BKM|WBGQ,3.974,115.618,Asia/Kuching,480,UTC+08:00
EC,Guayaquil,Guayaquil,GYE|SEGU,-2.157419,-79.883558,America/Guayaquil,-300,UTC-05:00
US,"Greenwood, Mississipi","Greenwood, Mississipi",GWO|KGWO,33.494328,-90.084706,America/Chicago,-300,UTC-05:00
TH,Khon Kaen,Khon Kaen,KKC|VTUK,16.466628,102.783661,Asia/Bangkok,420,UTC+07:00
US,"Toccoa, Georgia","Toccoa, Georgia",KTOC|TOC,34.5928117,-83.2963717,America/New_York,-240,UTC-04:00
AR,Santa Rosa,Santa Rosa,RSA|SAZR,-36.588322,-64.275694,America/Argentina/Salta,-180,UTC-03:00
ES,Menorca,Menorca,LEMH|MAH,39.862597,4.218647,Europe/Madrid,120,UTC+02:00
RU,Murmansk,Murmansk,MMK|ULMM,68.781672,32.750822,Europe/Moscow,180,UTC+03:00
ES,Santa Cruz Palma,Santa Cruz Palma,GCLA|SPC,28.626478,-17.755611,Atlantic/Canary,60,UTC+01:00
IS,Husavik,Husavik,BIHU|HZK,65.952328,-17.425978,Atlantic/Reykjavik,0,UTC+00:00
US,"Lopez Island, Washington","Lopez Island, Washington",LPS|S31,48.4839,-122.938,America/Los_Angeles,-420,UTC-07:00
PH,Basco,Basco,BSO|RPUO,20.451322,121.979883,Asia/Manila,480,UTC+08:00
NO,Vadso,Vadso,ENVD|VDS,70.065,29.844,Europe/Oslo,120,UTC+02:00
MG,Tambohorano,Tambohorano,FMMU|WTA,-17.4761,43.9728,Indian/Antananarivo,180,UTC+03:00
SL,Yengema,Yengema,GFYE|WYE,8.615308,-11.047192,Africa/Freetown,0,UTC+00:00
US,"Beaver Falls, Pennsylvania","Beaver Falls, Pennsylvania",BFP|KBFP,40.7724722,-80.3914444,America/New_York,-240,UTC-04:00
IN,Gwalior,Gwalior,GWL|VIGR,26.293336,78.227753,Asia/Kolkata,330,UTC+05:30
MR,Nema,Nema,EMN|GQNI,16.622,-7.316567,Africa/Nouakchott,0,UTC+00:00
MW,Lilongwe,Lilongwe,FWKI|LLW,-13.789378,33.781,Africa/Blantyre,120,UTC+02:00
JP,Nagasaki,Nagasaki,NGS|RJFU,32.916944,129.913611,Asia/Tokyo,540,UTC+09:00
SE,Lulea,Lulea,ESPA|LLA,65.543758,22.121989,Europe/Stockholm,120,UTC+02:00
CR,Fortuna,Fortuna,FON|MRAN,10.478,-84.6345,America/Costa_Rica,-360,UTC-06:00
US,"Lawrence, Massachusetts","Lawrence, Massachusetts",KLWM|LWM,42.7171944,-71.1234167,America/New_York,-240,UTC-04:00
CO,Ocana,Ocana,OCV|SKOC,8.315061,-73.358331,America/Bogota,-300,UTC-05:00
TR,Ankara,Ankara,ANK|ESB|LTAC|LTAD,39.949831,32.688622,Europe/Istanbul,180,UTC+03:00
GR,Thira,Thira,JTR|LGSR,36.399169,25.479333,Europe/Athens,180,UTC+03:00
FR,Saint Nazaire,Saint Nazaire,LFRZ|SNR,47.312189,-2.149181,Europe/Paris,120,UTC+02:00
GB,Gloucester,Gloucester,EGBJ|GLO,51.894167,-2.167222,Europe/London,60,UTC+01:00
US,"Augusta, GA","Augusta, GA",AGS|KAGS,33.369944,-81.9645,America/New_York,-240,UTC-04:00
VE,Maturin,Maturin,MUN|SVMT,9.749067,-63.1534,America/Caracas,-240,UTC-04:00
CO,Urrao,Urrao,URR,6.32883,-76.1425,America/Bogota,-300,UTC-05:00
BM,Bermuda,Bermuda,BDA|TXKF,32.364042,-64.678703,Atlantic/Bermuda,-180,UTC-03:00
TH,Pattani,Pattani,PAN|VTSK,6.785458,101.153569,Asia/Bangkok,420,UTC+07:00
US,"Charlotte, North Carolina","Charlotte, North Carolina",CLT|KCLT,35.214,-80.943139,America/New_York,-240,UTC-04:00
CN,Korla,Korla,KRL|ZWKL,41.6978,86.1289,Asia/Urumqi,360,UTC+06:00
US,"Bettles, Alaska","Bettles, Alaska",BTT|PABT,66.913944,-151.529056,America/Anchorage,-480,UTC-08:00
CA,Kangiqsujuaq,Kangiqsujuaq,CYKG|YWB,61.588611,-71.929444,America/Montreal,-240,UTC-04:00
MH,Woja,Woja,WJA,7.083,171.133,Pacific/Wallis,720,UTC+12:00
AE,Minhad Ab,Minhad Ab,NHD|OMDM,25.02694,55.36611,Asia/Dubai,240,UTC+04:00
RU,Kurgan,Kurgan,KRO|USUU,55.4753,65.4156,Asia/Yekaterinburg,300,UTC+05:00
MZ,Nacala,Nacala,FQNC|MNC,-14.488233,40.71225,Africa/Maputo,120,UTC+02:00
NO,Hammerfest,Hammerfest,ENHF|HFT,70.679722,23.668889,Europe/Oslo,120,UTC+02:00
DO,Punta Cana,Punta Cana,MDPC|PUJ,18.567367,-68.363431,America/Santo_Domingo,-240,UTC-04:00
PK,Ormara,Ormara,OPOR|ORW,25.2747,64.586,Asia/Karachi,300,UTC+05:00
CO,Condoto,Condoto,COG|SKCD,5.071667,-76.676389,America/Bogota,-300,UTC-05:00
BR,Ponta Pora,Ponta Pora,PMG|SBPP,-22.549639,-55.702614,America/Campo_Grande,-240,UTC-04:00
TO,Tongatapu,Tongatapu,NFTF|TBU,-21.241214,-175.149644,Pacific/Tongatapu,780,UTC+13:00
MH,Kili Island,Kili Island,KIO|Q51,5.64452,169.12,Pacific/Wallis,720,UTC+12:00
AU,Meekatharra,Meekatharra,MKR|YMEK,-26.6117,118.548,Australia/Perth,480,UTC+08:00
SA,Abha,Abha,AHB|OEAB,18.240367,42.656625,Asia/Riyadh,180,UTC+03:00
IE,Inishmore,Inishmore,EIIM|IOR,53.1067,-9.65361,Europe/Dublin,60,UTC+01:00
IT,Bolzano,Bolzano,BZO|BZQ|LIPB,46.460194,11.326383,Europe/Rome,120,UTC+02:00
DK,Esbjerg,Esbjerg,EBJ|EKEB,55.525942,8.553403,Europe/Copenhagen,120,UTC+02:00
VE,Puerto Ayacucho,Puerto Ayacucho,PYH|SVPA,5.619992,-67.606103,America/Caracas,-240,UTC-04:00
DO,Constanza,Constanza,COZ|MDCZ,18.907626,-70.719852,America/Santo_Domingo,-240,UTC-04:00
CA,Kimmirut Lake Harbour,Kimmirut Lake Harbour,CYLC|YLC,62.85,-69.8833,America/Iqaluit,-240,UTC-04:00
NL,Breda,Breda,QRZ,51.595,4.78,Europe/Amsterdam,120,UTC+02:00
CD,Bukavu,Bukavu,BKY|FZMA,-2.308978,28.808803,Africa/Lubumbashi,120,UTC+02:00
GB,Chester,Chester,CEG|EGNR,53.178056,-2.977778,Europe/London,60,UTC+01:00
NP,Surkhet,Surkhet,SKH|VNSK,28.586,81.636,Asia/Kathmandu,345,UTC+05:45
YE,Qishn,Qishn,IHN,15.417,51.683,Asia/Aden,180,UTC+03:00
AU,Hamilton,Hamilton,HLT|YHML,-37.648889,142.065278,Australia/Melbourne,600,UTC+10:00
US,"Austin, Texas","Austin, Texas",AUS|KAUS,30.194528,-97.669889,America/Chicago,-300,UTC-05:00
BR,Maringa,Maringa,MGF|SBMG,-23.476392,-52.016406,America/Sao_Paulo,-180,UTC-03:00
BE,Antwerpen,Antwerpen,ANR|EBAW|ZAY|ZWE|ZYZ,51.189444,4.460278,Europe/Brussels,120,UTC+02:00
FR,Montlucon,Montlucon,LFLT|MCU,46.352525,2.570486,Europe/Paris,120,UTC+02:00
AU,Leigh Creek,Leigh Creek,LGH,-30.59833,138.42583,Australia/Adelaide,570,UTC+09:30
US,"Kamuela, Hawaii","Kamuela, Hawaii",MUE|PHMU,20.001328,-155.668108,Pacific/Honolulu,-600,UTC-10:00
CN,Wuxi,Wuxi,WUB|WUX|ZSWX,31.4944,120.429,Asia/Shanghai,480,UTC+08:00
BR,Novo Aripuana,Novo Aripuana,NVP|SWNA,-5.121389,-60.380556,America/Manaus,-240,UTC-04:00
SS,Wau,Wau,HSWW|WUU,7.725,27.98,Africa/Juba,120,UTC+02:00
US,"Medford, Oregon","Medford, Oregon",KMFR|MFR,42.374228,-122.8735,America/Los_Angeles,-420,UTC-07:00
NP,Phaplu,Phaplu,PPL|VNPL,27.517,86.6,Asia/Kathmandu,345,UTC+05:45
CA,London,London,CYXU|XDQ|YXU,43.033056,-81.151111,America/Toronto,-240,UTC-04:00
US,"Grand Rapids, Minnesota","Grand Rapids, Minnesota",GPZ|KGPZ,47.211111,-93.509722,America/Chicago,-300,UTC-05:00
CO,Quibdo,Quibdo,SKUI|UIB,5.690758,-76.641181,America/Bogota,-300,UTC-05:00
CA,Vancouver,Vancouver,CAQ3|CXH|CYVR|CZBB|YDT|YVR,49.193889,-123.184444,America/Vancouver,-420,UTC-07:00
US,"Wendover, Utah","Wendover, Utah",ENV|KENV,40.718694,-114.030889,America/Denver,-360,UTC-06:00
IR,Ramsar,Ramsar,OINR|RZR,36.909908,50.679589,Asia/Tehran,210,UTC+03:30
LY,Beida,Beida,HLLQ|LAQ,32.788673,21.964333,Africa/Tripoli,120,UTC+02:00
US,"Elko, Nevada","Elko, Nevada",EKO|KEKO,40.8249,-115.792,America/Los_Angeles,-420,UTC-07:00
NG,Benin City,Benin City,BNI|DNBE,6.316981,5.599503,Africa/Lagos,60,UTC+01:00
TH,Sukhothai,Sukhothai,THS|VTPO,17.237992,99.818183,Asia/Bangkok,420,UTC+07:00
RU,Magadan,Magadan,GDX|UHMM,59.910989,150.720439,Asia/Magadan,660,UTC+11:00
AU,Horn Island Qld,Horn Island Qld,HID|YHID,-10.5864,142.29,Australia/Brisbane,600,UTC+10:00
AU,Shepparton,Shepparton,SHT|YSHT,-36.428902,145.393005,Australia/Melbourne,600,UTC+10:00
US,"Alakanuk, Alaska","Alakanuk, Alaska",AUK|PAUK,62.68,-164.66,America/Nome,-480,UTC-08:00
TW,Hengchun,Hengchun,HCN|RCKW,22.041075,120.730208,Asia/Taipei,480,UTC+08:00
US,"New Bedford, Massachusetts","New Bedford, Massachusetts",EWB|KEWB,41.6761,-70.9569,America/New_York,-240,UTC-04:00
US,"Quantico, Virginia","Quantico, Virginia",KNYG|NYG,38.501683,-77.305333,America/New_York,-240,UTC-04:00
CA,Pakuashipi,Pakuashipi,CYIF|YIF,51.2117,-58.6583,America/Blanc-Sablon,-240,UTC-04:00
US,"Stuart, Florida","Stuart, Florida",KSUA|SUA,27.1816996,-80.221294,America/New_York,-240,UTC-04:00
CN,Wuhu,Wuhu,WHA,31.104444,118.667222,Asia/Shanghai,480,UTC+08:00
RO,Cluj Napoca,Cluj Napoca,CLJ|LRCL,46.785167,23.686167,Europe/Bucharest,180,UTC+03:00
RU,Kodinsk,Kodinsk,KNY,58.478978,99.101872,Asia/Krasnoyarsk,420,UTC+07:00
PF,Atuona,Atuona,AUQ|NTMN,-9.768794,-139.011256,Pacific/Marquesas,-570,UTC-09:30
GR,Kasos Island,Kasos Island,KSJ|LGKS,35.421358,26.910047,Europe/Athens,180,UTC+03:00
TN,Tunis,Tunis,DTTA|TUN,36.851033,10.227217,Africa/Tunis,60,UTC+01:00
IR,Tabriz,Tabriz,OITT|TBZ,38.133889,46.235,Asia/Tehran,210,UTC+03:30
US,"Rock Hill, South Carolina","Rock Hill, South Carolina",KUZA|RKH,34.9878,-81.0572,America/New_York,-240,UTC-04:00
AU,Saibai Island,Saibai Island,SBR|YSII,-9.37833,142.625,Australia/Brisbane,600,UTC+10:00
CA,Kuujjuaq,Kuujjuaq,CYVP|YVP,58.096111,-68.426944,America/Montreal,-240,UTC-04:00
GR,Skiathos,Skiathos,JSI|LGSK,39.1771,23.503675,Europe/Athens,180,UTC+03:00
PG,Kikori,Kikori,AYKK|KRI,-7.42438,144.25,Pacific/Port_Moresby,600,UTC+10:00
EG,Hurghada,Hurghada,HEGN|HRG,27.178317,33.799436,Africa/Cairo,180,UTC+03:00
NE,Zinder,Zinder,DRZR|ZND,13.778997,8.983761,Africa/Niamey,60,UTC+01:00
CA,Dease Lake,Dease Lake,CYDL|YDL,58.422222,-130.032222,America/Vancouver,-420,UTC-07:00
NO,Orsta Volda,Orsta Volda,ENOV|HOV,62.18,6.0742,Europe/Oslo,120,UTC+02:00
LU,Luxembourg,Luxembourg,ELLX|LUX,49.626575,6.211517,Europe/Luxembourg,120,UTC+02:00
AU,Grafton,Grafton,GFN|YGFN,-29.7594,153.03,Australia/Sydney,600,UTC+10:00
BR,Vitoria Da Conquista,Vitoria Da Conquista,SBQV|VDC,-14.862761,-40.863106,America/Bahia,-180,UTC-03:00
CO,Bogota,Bogota,BOG|SKBO,4.701594,-74.146947,America/Bogota,-300,UTC-05:00
IT,Siena,Siena,LIQS|SAY,43.256286,11.255036,Europe/Rome,120,UTC+02:00
CN,Tianjin,Tianjin,TSN|ZBTJ,39.124353,117.346183,Asia/Shanghai,480,UTC+08:00
FJ,Vatulele,Vatulele,VTF,-18.51148,177.63755,Pacific/Fiji,720,UTC+12:00
IT,Alghero,Alghero,AHO|LIEA,40.632133,8.290772,Europe/Rome,120,UTC+02:00
US,"Homestead, Florida","Homestead, Florida",HST|KHST,25.48855,-80.383567,America/New_York,-240,UTC-04:00
RO,Baia Mare,Baia Mare,BAY|LRBM,47.658389,23.470022,Europe/Bucharest,180,UTC+03:00
MA,Oujda,Oujda,GMFO|OUD,34.78715,-1.923986,Africa/Casablanca,60,UTC+01:00
US,"Ocala, Florida","Ocala, Florida",KOCF|OCF,29.1725,-82.224167,America/New_York,-240,UTC-04:00
US,"Teterboro, New Jersey","Teterboro, New Jersey",KTEB|TEB,40.850103,-74.060837,America/New_York,-240,UTC-04:00
PK,Mohenjodaro,Mohenjodaro,MJD|OPMJ,27.335156,68.143053,Asia/Karachi,300,UTC+05:00
IN,Rajkot,Rajkot,HSR|RAJ|VAHS|VARK,22.309183,70.779525,Asia/Kolkata,330,UTC+05:30
TN,Sfax,Sfax,DTTX|SFA,34.717953,10.690972,Africa/Tunis,60,UTC+01:00
MN,Moron,Moron,MXV|ZMMN,49.6633,100.099,Asia/Ulaanbaatar,480,UTC+08:00
BR,Pirassununga,Pirassununga,QPS|SBYS,-21.984561,-47.334764,America/Sao_Paulo,-180,UTC-03:00
BR,Manaus,Manaus,MAO|SBEG,-3.038611,-60.049721,America/Manaus,-240,UTC-04:00
FR,Frejus,Frejus,FRJ|LFTU,43.416667,6.733333,Europe/Paris,120,UTC+02:00
AF,Bost,Bost,BST|OABT,31.558889,64.364167,Asia/Kabul,270,UTC+04:30
CN,Nanchong,Nanchong,NAO|ZUNC,30.754,106.062,Asia/Chongqing,480,UTC+08:00
AU,Paraburdoo,Paraburdoo,PBO|YPBO,-23.1711,117.745,Australia/Perth,480,UTC+08:00
CA,Hartley Bay,Hartley Bay,YTB,0.0,0.0,America/Vancouver,-420,UTC-07:00
CN,Yibin,Yibin,YBP|ZUYB,28.800278,104.544444,Asia/Chongqing,480,UTC+08:00
JO,Aqaba,Aqaba,AQJ|OJAQ,29.611619,35.018067,Asia/Amman,180,UTC+03:00
IT,Aviano,Aviano,AVB|LIPA,46.031889,12.596472,Europe/Rome,120,UTC+02:00
PG,Goroka,Goroka,AYGA|GKA,-6.081689,145.391881,Pacific/Port_Moresby,600,UTC+10:00
RU,Nizhnekamsk,Nizhnekamsk,NBC|UWKE,55.564936,52.105945,Europe/Moscow,180,UTC+03:00
US,"Yuma, Arizona","Yuma, Arizona",KYUM|YUM,32.656578,-114.60598,America/Phoenix,-420,UTC-07:00
US,"Douglas, Arizona","Douglas, Arizona",DUG|KDUG,31.469028,-109.603667,America/Phoenix,-420,UTC-07:00
ID,Oksibil,Oksibil,OKL,-5.09106,140.61,Asia/Jayapura,540,UTC+09:00
JP,Rebun,Rebun,RBJ,45.45,141.03333,Asia/Tokyo,540,UTC+09:00
AR,Jujuy,Jujuy,JUJ|SASJ,-24.392778,-65.097778,America/Argentina/Jujuy,-180,UTC-03:00
US,"Honolulu, Hawaii","Honolulu, Hawaii",HIK|HNL|PHNL,21.318681,-157.922428,Pacific/Honolulu,-600,UTC-10:00
ID,Natuna Ranai,Natuna Ranai,NTX|WION,3.908714,108.387897,Asia/Jakarta,420,UTC+07:00
ZW,Bulawayo,Bulawayo,BUQ|FVBU,-20.017431,28.617869,Africa/Harare,120,UTC+02:00
CA,York Landing,York Landing,CZAC|ZAC,56.0894,-96.0892,America/Winnipeg,-300,UTC-05:00
NZ,Coromandel,Coromandel,CMV,-36.7917,175.509,Pacific/Auckland,720,UTC+12:00
US,"Bainbridge, Georgia","Bainbridge, Georgia",BGE|KBGE,30.9715981,-84.6369278,America/New_York,-240,UTC-04:00
NO,Roros,Roros,ENRO|RRS,62.578411,11.342347,Europe/Oslo,120,UTC+02:00
US,"Amarillo, Texas","Amarillo, Texas",AMA|KAMA,35.219369,-101.705931,America/Chicago,-300,UTC-05:00
US,"Norwood, Massachusetts","Norwood, Massachusetts",KOWD|OWD,42.1905278,-71.1729444,America/New_York,-240,UTC-04:00
NO,Stord,Stord,ENSO|SRP,59.791925,5.34085,Europe/Oslo,120,UTC+02:00
GF,Saul,Saul,SOOS|XAU,3.61361,-53.2042,America/Cayenne,-180,UTC-03:00
US,"Manley Hot Spring, Alaska","Manley Hot Spring, Alaska",MLY|PAML,64.9975,-150.644167,America/Anchorage,-480,UTC-08:00
US,"Block Island, Rhode Island","Block Island, Rhode Island",BID|KBID,41.168056,-71.577778,America/New_York,-240,UTC-04:00
VU,Mota Lava,Mota Lava,MTV|NVSA,-13.666,167.712,Pacific/Efate,660,UTC+11:00
NZ,Nelson,Nelson,NSN|NZNS,-41.298333,173.221111,Pacific/Auckland,720,UTC+12:00
CN,Qingdao,Qingdao,0|TAO|ZSQD,36.361944,120.088333,Asia/Shanghai,480,UTC+08:00
AU,Garden Point,Garden Point,GPN,-11.4025,130.422,Australia/Darwin,570,UTC+09:30
SB,Tulagi Island,Tulagi Island,TLG|TREU,49.04,11.081944,Pacific/Guadalcanal,660,UTC+11:00
CO,Necocli,Necocli,NCI,8.45,-76.7833,America/Bogota,-300,UTC-05:00
US,"Renton, Washington","Renton, Washington",KRNT|RNT,47.4931389,-122.21575,America/Los_Angeles,-420,UTC-07:00
CO,Ibague,Ibague,IBE|SKIB,4.421608,-75.1333,America/Bogota,-300,UTC-05:00
TM,Dashoguz,Dashoguz,TAZ|UTAT,41.764722,59.833056,Asia/Ashgabat,300,UTC+05:00
FI,Kokkola Pietarsaa,Kokkola Pietarsaa,EFKK|KOK,63.721172,23.143131,Europe/Helsinki,180,UTC+03:00
FJ,Nadi,Nadi,NAN|NFFN,-17.755392,177.443378,Pacific/Fiji,720,UTC+12:00
GR,Leros,Leros,LGLE|LRS,37.184903,26.800289,Europe/Athens,180,UTC+03:00
KZ,Almaty,Almaty,ALA|UAAA,43.352072,77.040508,Asia/Qyzylorda,300,UTC+05:00
GP,Saint Martin,Saint Martin,SFG|TFFG,18.099914,-63.047197,America/Lower_Princes,-240,UTC-04:00
IR,Ahwaz,Ahwaz,AWZ|OIAW,31.337431,48.76195,Asia/Tehran,210,UTC+03:30
US,"Port Protection, Alaska","Port Protection, Alaska",PPV,56.328889,-133.61,America/Anchorage,-480,UTC-08:00
US,"Ely, Nevada","Ely, Nevada",ELY|KELY,39.299722,-114.841944,America/Los_Angeles,-420,UTC-07:00
ID,Tembagapura,Tembagapura,TIM|WABP,-4.528275,136.887375,Asia/Jayapura,540,UTC+09:00
SA,Jouf,Jouf,AJF|OESK,29.785133,40.100006,Asia/Riyadh,180,UTC+03:00
CA,Arctic Bay,Arctic Bay,CJX7|YAB,73.006389,-85.047222,America/Rankin_Inlet,-300,UTC-05:00
PG,Asapa,Asapa,APP,0.0,0.0,Asia/Vladivostok,600,UTC+10:00
US,"Danville, Virginia","Danville, Virginia",DAN,36.57432,-79.33978,America/New_York,-240,UTC-04:00
US,"Atka, Alaska","Atka, Alaska",AKB|PAAK,52.220278,-174.206389,America/Adak,-540,UTC-09:00
NG,Ilorin,Ilorin,DNIL|ILR,8.440211,4.493919,Africa/Lagos,60,UTC+01:00
GB,Isle Of Man,Isle Of Man,EGNS|IOM,54.083333,-4.623889,Europe/Isle_of_Man,60,UTC+01:00
NC,Noumea,Noumea,GEA|NOU|NWWM|NWWW,-22.014553,166.212972,Pacific/Noumea,660,UTC+11:00
VN,Tamky,Tamky,TMK,27.052222,86.861944,Asia/Jakarta,420,UTC+07:00
CK,Manihiki Island,Manihiki Island,MHX|NCMH,-10.3767,-161.002,Pacific/Rarotonga,-600,UTC-10:00
FI,Oulu,Oulu,EFOU|OUL,64.930061,25.354564,Europe/Helsinki,180,UTC+03:00
ME,Podgorica,Podgorica,LYPG|TGD,42.359392,19.251894,Europe/Podgorica,120,UTC+02:00
US,"Oceana, Virginia","Oceana, Virginia",KNTU|NTU,36.820703,-76.033542,America/New_York,-240,UTC-04:00
US,"Fort Bragg, North Carolina","Fort Bragg, North Carolina",FBG|KPOB|POB,38.298416,-77.456875,America/New_York,-240,UTC-04:00
CG,Sibiti,Sibiti,SIB,45.4649,24.053,Africa/Brazzaville,60,UTC+01:00
CU,La Coloma,La Coloma,LCL|MULM,22.336261,-83.642111,America/Havana,-240,UTC-04:00
GB,Exeter,Exeter,EGTE|EXS|EXT,50.734444,-3.413889,Europe/London,60,UTC+01:00
MT,Gozo,Gozo,GZM|LMMG,36.027222,14.272778,Europe/Malta,120,UTC+02:00
CK,Penrhyn Island,Penrhyn Island,NCPY|PYE,-9.00667,-158.037,Pacific/Rarotonga,-600,UTC-10:00
BF,Bogande,Bogande,XBG,48.329498,-70.995697,Africa/Ouagadougou,0,UTC+00:00
IN,Goa,Goa,GOI|GOX|VAGO,15.380833,73.831422,Asia/Kolkata,330,UTC+05:30
CI,Odienne,Odienne,KEO,9.5,-7.56667,Africa/Abidjan,0,UTC+00:00
FR,Limoges,Limoges,LFBL|LIG,45.862778,1.179444,Europe/Paris,120,UTC+02:00
US,"Hartford, CT","Hartford, CT",BDL|BNH|HFD|KBDL|KHFD|ZRT,41.736722,-72.649444,America/New_York,-240,UTC-04:00
CA,Kangirsuk,Kangirsuk,CYAS|YKG,60.0272,-69.9992,America/Montreal,-240,UTC-04:00
GN,Labe,Labe,GULB|LEK,11.326058,-12.28685,Africa/Conakry,0,UTC+00:00
US,"Hopkinsville, Kentucky","Hopkinsville, Kentucky",HOP|KHOP,36.668567,-87.496183,America/Chicago,-300,UTC-05:00
KR,Daegu,Daegu,RKTN|TAE|XDK,35.894108,128.658856,Asia/Seoul,540,UTC+09:00
SO,Bossaso,Bossaso,BSA|HCMF,11.2753,49.1494,Africa/Mogadishu,180,UTC+03:00
YE,Albuq,Albuq,BUK,0.0,0.0,Asia/Riyadh,180,UTC+03:00
BR,Toledo,Toledo,SBTD|TOW,-24.6863,-53.6975,America/Sao_Paulo,-180,UTC-03:00
PL,Rzeszow,Rzeszow,EPRZ|RZE,50.109958,22.019,Europe/Warsaw,120,UTC+02:00
US,"Lone Rock, Wisconsin","Lone Rock, Wisconsin",KLNR|LNR,43.211667,-90.181667,America/Chicago,-300,UTC-05:00
MY,Long Akah,Long Akah,LKH|WBGL,3.3,114.783,Asia/Kuching,480,UTC+08:00
US,"Janesville, WI","Janesville, WI",JVL|KJVL,42.62025,-89.0415556,America/Chicago,-300,UTC-05:00
CA,Victoria,Victoria,CYWH|CYYJ|YWH|YYJ,48.646944,-123.425833,America/Vancouver,-420,UTC-07:00
IT,Turin,Turin,ITT|LIMF|TPY|TRN|ZTC,45.200761,7.649631,Europe/Rome,120,UTC+02:00
US,"Sugar Land, Texas","Sugar Land, Texas",KSGR|SGR,29.62225,-95.6565278,America/Chicago,-300,UTC-05:00
US,"Saint Augustine, Florida","Saint Augustine, Florida",KSGJ|UST,29.959167,-81.339722,America/New_York,-240,UTC-04:00
CA,Cape Dorset,Cape Dorset,CYTE|YTE,64.23,-76.526667,America/Iqaluit,-240,UTC-04:00
US,"Kwethluk, Alaska","Kwethluk, Alaska",KWT|PFKW,60.790278,-161.443611,America/Anchorage,-480,UTC-08:00
KR,Osan,Osan,OSN|RKSO,37.090617,127.029594,Asia/Seoul,540,UTC+09:00
NP,Lukla,Lukla,LUA|VNLK,27.687778,86.731389,Asia/Kathmandu,345,UTC+05:45
US,"Safford, Arizona","Safford, Arizona",KSAD|SAD,32.8533333,-109.6350833,America/Phoenix,-420,UTC-07:00
CA,Uranium City,Uranium City,CYBE|YBE,59.5614,-108.481,America/Regina,-360,UTC-06:00
GY,Imbaimadai,Imbaimadai,IMB|SYIB,5.69252,-60.28198,America/Guyana,-240,UTC-04:00
AU,Mount Gambier,Mount Gambier,MGB|YMTG,-37.7456,140.785,Australia/Adelaide,570,UTC+09:30
IR,Gorgan,Gorgan,GBT|OING,36.909381,54.401339,Asia/Tehran,210,UTC+03:30
AU,Bussellton,Bussellton,BQB|YBLN,-33.687222,115.400278,Australia/Perth,480,UTC+08:00
NG,Jos,Jos,DNJO|JOS,9.639828,8.86905,Africa/Lagos,60,UTC+01:00
AU,Proserpine,Proserpine,PPP|YBPN,-20.495,148.552222,Australia/Brisbane,600,UTC+10:00
BQ,Saba Island,Saba Island,SAB|TNCS,17.645278,-63.220556,America/Kralendijk,-240,UTC-04:00
SE,Landskrona,Landskrona,ESML|JLD,55.944444,12.869444,Europe/Monaco,120,UTC+02:00
AU,Quirindi,Quirindi,UIR,-31.4906,150.51401,Australia/Sydney,600,UTC+10:00
MA,Al Hoceima,Al Hoceima,AHU|GMTA,35.177103,-3.839525,Africa/Casablanca,60,UTC+01:00
US,"Iron Mountain, Michigan","Iron Mountain, Michigan",IMT|KIMT,45.8183611,-88.1145556,America/Menominee,-300,UTC-05:00
SR,Stoelmans Eiland,Stoelmans Eiland,SMST|SMZ,4.35,-54.41667,America/Paramaribo,-180,UTC-03:00
CO,Cali,Cali,CLO|SKCL,3.543222,-76.381583,America/Bogota,-300,UTC-05:00
MY,Lahad Datu,Lahad Datu,LDU|WBKD,5.032247,118.324036,Asia/Kuching,480,UTC+08:00
SY,Palmyra,Palmyra,OSPR|PMS,34.557361,38.316889,Asia/Damascus,180,UTC+03:00
CA,Port Menier,Port Menier,CYPN|YPN,49.836389,-64.288611,America/Montreal,-240,UTC-04:00
SB,Atoifi,Atoifi,AGAT|ATD,-8.87333,161.011,Pacific/Guadalcanal,660,UTC+11:00
JP,Misawa,Misawa,MSJ|RJSM,40.703222,141.368364,Asia/Tokyo,540,UTC+09:00
BR,Gurupi,Gurupi,GRP|SWGI,-11.728889,-49.068889,America/Araguaina,-180,UTC-03:00
SE,Hudiksvall,Hudiksvall,ESNH|HUV,61.768092,17.080719,Europe/Stockholm,120,UTC+02:00
SC,Mahe Island,Mahe Island,FSIA|SEZ,-4.674342,55.521839,Indian/Mahe,240,UTC+04:00
UM,Johnston Island,Johnston Island,JON|PJON,16.7286,-169.534,Pacific/Johnston,-600,UTC-10:00
NC,Belep Island,Belep Island,BMY|NWWC,-19.7206,163.661,Pacific/Noumea,660,UTC+11:00
FR,Perigueux,Perigueux,LFBX|PGX,45.198055,0.815556,Europe/Paris,120,UTC+02:00
MG,Belo,Belo,BMD|FMML,-19.6867,44.5419,Indian/Antananarivo,180,UTC+03:00
MH,Ine Island,Ine Island,IMI,7.016667,171.483333,Pacific/Wallis,720,UTC+12:00
AU,Strahan,Strahan,SRN|YSRN,-42.155,145.292,Australia/Hobart,600,UTC+10:00
VE,El Tigre,El Tigre,ELX,-49.328889,-72.93,America/Caracas,-240,UTC-04:00
IR,Hamadan,Hamadan,HDM|OIHH,34.869167,48.5525,Asia/Tehran,210,UTC+03:30
AS,Pago Pago,Pago Pago,NSTU|PPG,-14.331,-170.7105,Pacific/Pago_Pago,-660,UTC-11:00
RO,Oradea,Oradea,LROD|OMR,47.025278,21.9025,Europe/Bucharest,180,UTC+03:00
JP,Miyazaki,Miyazaki,KMI|RJFM,31.877222,131.448611,Asia/Tokyo,540,UTC+09:00
AU,Lockhart River,Lockhart River,IRG|YLHR,-12.7869,143.305,Australia/Brisbane,600,UTC+10:00
LA,Pakse,Pakse,PKZ|VLPS,15.132053,105.781417,Asia/Vientiane,420,UTC+07:00
TR,Edremit Korfez,Edremit Korfez,EDO|LTFD,39.5546,27.0138,Europe/Istanbul,180,UTC+03:00
JM,Kingston,Kingston,KIN|KTP|MKJP|MKTP,17.935667,-76.7875,America/Jamaica,-300,UTC-05:00
SR,Botopasie,Botopasie,BTO,4.233333,-55.45,America/Argentina/San_Juan,-180,UTC-03:00
GB,Wick,Wick,EGPC|WIC,58.458889,-3.093056,Europe/London,60,UTC+01:00
NG,Port Harcourt,Port Harcourt,DNPO|PHC,5.015494,6.949594,Africa/Lagos,60,UTC+01:00
PF,Hao Island,Hao Island,HOI|NTTO,-18.074814,-140.945886,Pacific/Tahiti,-600,UTC-10:00
US,"Pocatello, Idaho","Pocatello, Idaho",KPIH|PIH,42.9098,-112.596,America/Boise,-360,UTC-06:00
TR,Elazig,Elazig,EZS|LTCA,38.606925,39.291417,Europe/Istanbul,180,UTC+03:00
ID,Dobo,Dobo,DOB,-5.77222,134.21201,Asia/Jayapura,540,UTC+09:00
ID,Senggo,Senggo,ZEG,-5.98333,139.367,Pacific/Gambier,-540,UTC-09:00
JP,Fukuoka,Fukuoka,FUK|RJFF,33.585942,130.450686,Asia/Tokyo,540,UTC+09:00
DO,El Portillo/Samana,El Portillo/Samana,EPS|MDAB,19.198586,-69.429772,America/Santo_Domingo,-240,UTC-04:00
FI,Rovaniemi,Rovaniemi,EFRO|RVN,66.564822,25.830411,Europe/Helsinki,180,UTC+03:00
ID,Poso,Poso,PSJ|WAMP,-1.416753,120.657669,Asia/Makassar,480,UTC+08:00
US,"Menominee, MI","Menominee, MI",KMNM|MNM,45.12665,-87.638443,America/Menominee,-300,UTC-05:00
MH,Ujae Island,Ujae Island,UJAP|UJE,8.92806,165.762,Pacific/Wallis,720,UTC+12:00
VU,South West Bay,South West Bay,NVSX|SWJ,-16.495,167.438,Pacific/Efate,660,UTC+11:00
ID,Moanamani,Moanamani,ONI,-3.9834,136.0833,Asia/Jayapura,540,UTC+09:00
US,"Marion, Illinois","Marion, Illinois",KMWA|MWA,37.7549569,-89.0110936,America/Chicago,-300,UTC-05:00
CN,Anshan,Anshan,AOG,41.105301,122.853996,Asia/Shanghai,480,UTC+08:00
US,"Fargo, ND","Fargo, ND",FAR|KFAR,46.92065,-96.8157639,America/Chicago,-300,UTC-05:00
US,"Miles City, Montana","Miles City, Montana",KMLS|MLS,46.428,-105.886,America/Denver,-360,UTC-06:00
FR,Cannes,Cannes,CEQ|JCA|LFMD,43.54205,6.953478,Europe/Paris,120,UTC+02:00
MG,Port Berge,Port Berge,FMNG|WPB,-15.583,47.617,Indian/Antananarivo,180,UTC+03:00
PG,Wanigela,Wanigela,AGL,-9.333,149.15,Asia/Vladivostok,600,UTC+10:00
VU,Olpoi,Olpoi,OLJ,0.0,0.0,Pacific/Efate,660,UTC+11:00
CA,Gods Narrows,Gods Narrows,CYGO|YGO,54.5589,-94.4914,America/Winnipeg,-300,UTC-05:00
US,"Gunnison, Colorado","Gunnison, Colorado",GUC|KGUC,38.533889,-106.933056,America/Denver,-360,UTC-06:00
TR,Erzincan,Erzincan,ERC|LTCD,39.710203,39.527003,Europe/Istanbul,180,UTC+03:00
DZ,Adrar,Adrar,AZR|DAUA,27.837589,-0.186414,Africa/Algiers,60,UTC+01:00
IS,Akureyri,Akureyri,AEY|BIAR,65.659994,-18.072703,Atlantic/Reykjavik,0,UTC+00:00
AU,Moruya,Moruya,MYA|YMRY,-35.8978,150.144,Australia/Sydney,600,UTC+10:00
CH,Altenrhein,Altenrhein,ACH|LSZR,47.485033,9.560775,Europe/Zurich,120,UTC+02:00
DK,Billund,Billund,BLL|EKBI,55.740322,9.151778,Europe/Copenhagen,120,UTC+02:00
NZ,Timaru,Timaru,NZTU|TIU,-44.302778,171.225278,Pacific/Auckland,720,UTC+12:00
US,"Kwigillingok, Alaska","Kwigillingok, Alaska",KWK|PAGG,59.876389,-163.168611,America/Anchorage,-480,UTC-08:00
GB,High Wycombe,High Wycombe,HYC,0.0,0.0,Europe/London,60,UTC+01:00
AU,Arrabury,Arrabury,AAB,0.0,0.0,Australia/Brisbane,600,UTC+10:00
ID,Naha,Naha,NAH|WAMH,3.683214,125.528019,Asia/Makassar,480,UTC+08:00
BZ,Sartaneja,Sartaneja,SJX,18.355556,-88.130833,America/Regina,-360,UTC-06:00
SI,Ljubljana,Ljubljana,LJLJ|LJR|LJU,46.223686,14.457611,Europe/Ljubljana,120,UTC+02:00
US,"Sandusky, Ohio","Sandusky, Ohio",KSKY|SKY,41.433361,-82.652333,America/New_York,-240,UTC-04:00
US,"Utopia Creek, Alaska","Utopia Creek, Alaska",PAIM|UTO,65.992794,-153.704289,America/Anchorage,-480,UTC-08:00
LT,Kaunas,Kaunas,EYKA|KUN,54.963919,24.084778,Europe/Vilnius,180,UTC+03:00
ES,Ciudad Real,Ciudad Real,CQM|LERL|XJI,38.856389,-3.97,Europe/Madrid,120,UTC+02:00
US,"Egegik, Alaska","Egegik, Alaska",EGX|PAII,58.185556,-157.375556,America/Anchorage,-480,UTC-08:00
PH,Tandag,Tandag,RPMW|TDG,9.07211,126.171,Asia/Manila,480,UTC+08:00
CA,Gorge Harbor,Gorge Harbor,CYGE|YGE,51.2992,-116.982,America/Vancouver,-420,UTC-07:00
US,"Alpena, Michigan","Alpena, Michigan",APN|KAPN,45.0781,-83.5603,America/Detroit,-240,UTC-04:00
CA,Chibougamau,Chibougamau,CYMT|YMT,49.7719,-74.5281,America/Montreal,-240,UTC-04:00
US,"Santa Barbara, California","Santa Barbara, California",KSBA|SBA,34.426211,-119.840372,America/Los_Angeles,-420,UTC-07:00
US,"La Crosse, WI","La Crosse, WI",KLSE|LSE,43.878986,-91.256711,America/Chicago,-300,UTC-05:00
SB,Balalae,Balalae,AGGE|BAS,-6.967,155.883,Pacific/Guadalcanal,660,UTC+11:00
AR,Rio Gallegos,Rio Gallegos,RGL|SAWG,-51.608875,-69.312636,America/Argentina/Rio_Gallegos,-180,UTC-03:00
NZ,Taupo,Taupo,NZAP|TUO,-38.739723,176.084444,Pacific/Auckland,720,UTC+12:00
KP,Pyongyang,Pyongyang,FNJ|ZKPY,39.224061,125.67015,Asia/Pyongyang,540,UTC+09:00
DE,Altenburg,Altenburg,AOC|EDAC,50.981817,12.506361,Europe/Berlin,120,UTC+02:00
KR,Seoul,Seoul,GMP|ICN|RKSI|RKSM|RKSS|SSN|XSM,37.445833,127.113889,Asia/Seoul,540,UTC+09:00
IT,Cagliari,Cagliari,CAG|LIEE,39.251469,9.054283,Europe/Rome,120,UTC+02:00
IR,Abadan,Abadan,ABD|OIAA,30.371111,48.228333,Asia/Tehran,210,UTC+03:30
ES,Moron,Moron,LEMO|OZP,37.174917,-5.615944,Europe/Madrid,120,UTC+02:00
AU,Lindeman Island,Lindeman Island,LDC,-20.4536,149.03999,Australia/Lindeman,600,UTC+10:00
SG,Singapore,Singapore,QPG|SIN|WSAP|WSSL|WSSS|XSP,1.350189,103.994433,Asia/Singapore,480,UTC+08:00
AU,Thangool,Thangool,THG|YTNG,-24.493889,150.576111,Australia/Brisbane,600,UTC+10:00
IR,Chah Bahar,Chah Bahar,OIZC|ZBR,25.44335,60.382114,Asia/Tehran,210,UTC+03:30
US,"Keene, New Hampshire","Keene, New Hampshire",EEN,72.270833,42.898333,America/New_York,-240,UTC-04:00
CN,Jiamusi,Jiamusi,JMU|ZYJM,46.843394,130.465389,Asia/Harbin,480,UTC+08:00
PF,Puka Puka,Puka Puka,NTGP|PKP,-14.809458,-138.812811,Pacific/Tahiti,-600,UTC-10:00
TN,Djerba,Djerba,DJE|DTTJ,33.875031,10.775461,Africa/Tunis,60,UTC+01:00
ID,Batu Besar,Batu Besar,BTH|WIDD,1.120833,104.118611,Asia/Jakarta,420,UTC+07:00
VU,Valesdir,Valesdir,NVSV|VLS,-16.7961,168.177,Pacific/Efate,660,UTC+11:00
HR,Pula,Pula,LDPL|PUY,44.893533,13.922192,Europe/Zagreb,120,UTC+02:00
VU,Sara,Sara,NVSH|SSR,-15.4708,168.152,Pacific/Efate,660,UTC+11:00
BR,Niquelandia,Niquelandia,NQL,-14.4349,-48.4915,America/Sao_Paulo,-180,UTC-03:00
GB,Cambridge,Cambridge,CBG|EGSC,52.205,0.175,Europe/London,60,UTC+01:00
US,"Stony River, Alaska","Stony River, Alaska",SRV,61.7875,-156.591111,America/Anchorage,-480,UTC-08:00
US,"Sedona, Arizona","Sedona, Arizona",KSEZ|SDX,34.848628,-111.788472,America/Phoenix,-420,UTC-07:00
AR,Formosa,Formosa,FMA|SARF,-26.212722,-58.228111,America/Argentina/Cordoba,-180,UTC-03:00
US,"Jacksonville, North Carolina","Jacksonville, North Carolina",KOAJ|OAJ,34.829164,-77.612139,America/New_York,-240,UTC-04:00
BR,Minacu,Minacu,MQH|SBMC,-13.526944,-48.220556,America/Sao_Paulo,-180,UTC-03:00
TZ,Lindi,Lindi,HTLI|LDI,-9.85111,39.7578,Africa/Dar_es_Salaam,180,UTC+03:00
GB,Stronsay,Stronsay,EGER|SOY,59.1553,-2.64139,Europe/London,60,UTC+01:00
US,"Kalskag, Alaska","Kalskag, Alaska",KLG|PALG,61.5363,-160.341,America/Anchorage,-480,UTC-08:00
SR,Albina,Albina,ABN|SMBN,5.516667,-54.05,America/Paramaribo,-180,UTC-03:00
US,"Nondalton, Alaska","Nondalton, Alaska",NNL|PANO,59.966944,-154.851667,America/Anchorage,-480,UTC-08:00
US,"Jackson, Wyoming","Jackson, Wyoming",JAC|KJAC,43.60733333,-110.73775,America/Denver,-360,UTC-06:00
FR,Pau,Pau,LFBP|PUF,43.38,-0.418611,Europe/Paris,120,UTC+02:00
TH,Tak,Tak,TKT,16.89599,99.25335,Asia/Bangkok,420,UTC+07:00
BR,Oiapoque,Oiapoque,OYK,3.85549,-51.79687,America/Belem,-180,UTC-03:00
AU,Port Lincoln,Port Lincoln,PLO|YPLC,-34.6053,135.88,Australia/Adelaide,570,UTC+09:30
US,"Nome, Alaska","Nome, Alaska",OME|PAOM,64.512203,-165.445247,America/Nome,-480,UTC-08:00
NP,Rukumkot,Rukumkot,RUK|VNRK,28.627,82.195,Asia/Kathmandu,345,UTC+05:45
FI,Hyvinkaa,Hyvinkaa,EFHV|HYV,60.654444,24.881111,Europe/Helsinki,180,UTC+03:00
KE,Kisumu,Kisumu,HKKI|KIS,-0.086139,34.728892,Africa/Nairobi,180,UTC+03:00
PK,Bannu,Bannu,BNP|OPBN,32.9729,70.5279,Asia/Karachi,300,UTC+05:00
BS,Mayaguana,Mayaguana,MYG|MYMM,22.379528,-73.0135,America/Nassau,-240,UTC-04:00
DK,Stauning,Stauning,EKVJ|STA,55.990122,8.353906,Europe/Copenhagen,120,UTC+02:00
TR,Istanbul,Istanbul,ISL|IST|LTBA|LTFJ|SAW|СТ3,41.260775,28.74238,Europe/Istanbul,180,UTC+03:00
YE,Aden,Aden,ADE|OYAA,12.829542,45.028792,Asia/Aden,180,UTC+03:00
US,"Ontario, California","Ontario, California",KONT|ONT,34.056,-117.601194,America/Los_Angeles,-420,UTC-07:00
US,"Nuiqsut, Alaska","Nuiqsut, Alaska",NUI|PAQT,70.21,-151.005556,America/Anchorage,-480,UTC-08:00
DZ,Constantine,Constantine,CZL|DABC,36.276028,6.620386,Africa/Algiers,60,UTC+01:00
ID,Sumbawa,Sumbawa,SWQ|WADS,-8.489039,117.412119,Asia/Makassar,480,UTC+08:00
FM,Ulithi,Ulithi,ULI,10.01669979,139.8000031,Australia/Lindeman,600,UTC+10:00
AO,Huambo,Huambo,FNHU|NOV,-12.808878,15.760547,Africa/Luanda,60,UTC+01:00
CR,Palmar,Palmar,MRPM|PMZ,8.951025,-83.468583,America/Costa_Rica,-360,UTC-06:00
BE,Oostende,Oostende,EBOS|OST,51.198889,2.862222,Europe/Brussels,120,UTC+02:00
CZ,Prerov,Prerov,LKPO|PRV,49.425833,17.404722,Europe/Prague,120,UTC+02:00
SO,Kismayu,Kismayu,HCMK|KMU,-0.377353,42.459233,Africa/Mogadishu,180,UTC+03:00
CA,Churchill,Churchill,CYYQ|YYQ,58.739167,-94.065,America/Winnipeg,-300,UTC-05:00
US,"Port Bailey, Alaska","Port Bailey, Alaska",KPY,57.93,-153.040556,America/Anchorage,-480,UTC-08:00
VU,Tanna,Tanna,TAH,-19.455198,169.22394,Pacific/Efate,660,UTC+11:00
US,"Caribou, Maine","Caribou, Maine",CAR|KCAR,46.8715,-68.017917,America/New_York,-240,UTC-04:00
DE,Muenster,Muenster,EDDG|FMO|MKF|ZPE,52.134642,7.684831,Europe/Berlin,120,UTC+02:00
SK,Kosice,Kosice,KSC|LZKZ,48.663055,21.241112,Europe/Bratislava,120,UTC+02:00
ID,Pekanbaru,Pekanbaru,PKU|WIBB,0.460786,101.444539,Asia/Jakarta,420,UTC+07:00
BS,Walkers Cay,Walkers Cay,WKR,0.0,0.0,America/Nassau,-240,UTC-04:00
ID,Fak Fak,Fak Fak,FKQ|WASF,-2.920192,132.267031,Asia/Jayapura,540,UTC+09:00
VN,Ho Chi Minh City,Ho Chi Minh City,SGN|VVTS,10.818797,106.651856,Asia/Ho_Chi_Minh,420,UTC+07:00
US,"Lompoc, California","Lompoc, California",KLPC|KVBG|LPC|VBG,34.6656,-120.4675,America/Vancouver,-420,UTC-07:00
AU,Kununurra,Kununurra,KNX|YPKU,-15.778056,128.7075,Australia/Perth,480,UTC+08:00
ST,Sao Tome Is,Sao Tome Is,FPST|TMS,0.378175,6.712153,Africa/Sao_Tome,0,UTC+00:00
BR,Lins,Lins,LIP|SBLN,-21.664039,-49.730519,America/Sao_Paulo,-180,UTC-03:00
ID,Balikpapan,Balikpapan,BPN|WALL,-1.268272,116.894478,Asia/Makassar,480,UTC+08:00
CO,El Yopal,El Yopal,EYP|SKYP,5.319114,-72.383975,America/Bogota,-300,UTC-05:00
US,"Camp Springs, Maryland","Camp Springs, Maryland",ADW|KADW,38.810806,-76.867028,America/New_York,-240,UTC-04:00
US,"Fort Sill, Oklahoma","Fort Sill, Oklahoma",FSI|KFSI,34.649833,-98.402167,America/Chicago,-300,UTC-05:00
CA,Ekati,Ekati,CYOA|YOA,64.698889,-110.614722,America/Yellowknife,-360,UTC-06:00
FJ,Moala,Moala,MFJ|NFMO,-18.5667,179.951,Pacific/Fiji,720,UTC+12:00
CN,Sanya,Sanya,SYX|ZJSY,18.302897,109.412272,Asia/Chongqing,480,UTC+08:00
AR,General Pico,General Pico,GPO,-35.69618,-63.75829,America/Argentina/Salta,-180,UTC-03:00
TR,Balikesir,Balikesir,BZI|LTBF,39.619258,27.925958,Europe/Istanbul,180,UTC+03:00
FJ,Mana Islands,Mana Islands,MNF|NFMA,-17.6731,177.098,Pacific/Fiji,720,UTC+12:00
FR,Avignon,Avignon,AVN|LFMV|XZN,43.9073,4.901831,Europe/Paris,120,UTC+02:00
PE,Tarapoto,Tarapoto,SPST|TPP,-6.508742,-76.373247,America/Lima,-300,UTC-05:00
DE,Hamburg,Hamburg,EDDH|EDHL|HAM|LBC|ZMB,53.630389,9.988228,Europe/Berlin,120,UTC+02:00
FR,Troyes,Troyes,LFQB|QYR,48.322136,4.016703,Europe/Paris,120,UTC+02:00
AE,Dubai,Dubai,DWC|DXB|OMDB|OMDW|XHB|XMB|XNB,25.252778,55.364444,Asia/Dubai,240,UTC+04:00
VE,Maracay,Maracay,MYC|SVBS,10.249978,-67.649419,America/Caracas,-240,UTC-04:00
DE,Cuxhaven,Cuxhaven,KNDZ|NDZ,53.768612,8.644722,Europe/Berlin,120,UTC+02:00
FR,Basel Mulhouse,Basel Mulhouse,BSL|EAP|LFSB|MLH|ZDH,47.589583,7.529914,Europe/Paris,120,UTC+02:00
MV,Hanimaadhoo,Hanimaadhoo,HAQ|VRMH,6.74423,73.1705,Indian/Maldives,300,UTC+05:00
GB,Bournemouth,Bournemouth,BOH|EGHH,50.78,-1.8425,Europe/London,60,UTC+01:00
AU,Kowanyama,Kowanyama,KWM|YKOW,-15.4856,141.751,Australia/Brisbane,600,UTC+10:00
US,"Los Alamos, New Mexico","Los Alamos, New Mexico",KLAM|LAM,35.8798019,-106.2694153,America/Denver,-360,UTC-06:00
GA,Mouila,Mouila,FOGM|MJL,-1.84514,11.0567,Africa/Libreville,60,UTC+01:00
KR,Yeosu,Yeosu,RKJY|RSU,34.842328,127.61685,Asia/Seoul,540,UTC+09:00
CO,Santa Rosalia,Santa Rosalia,SSL,0.0,0.0,America/Cayman,-300,UTC-05:00
RU,Velikiye Luki,Velikiye Luki,ULOL|VLU,56.381667,30.61,Europe/Moscow,180,UTC+03:00
LC,Saint Lucia,Saint Lucia,SLU|TLPC|TLPL|UVF,14.020228,-60.992936,America/St_Lucia,-240,UTC-04:00
US,"Bryce, Utah","Bryce, Utah",BCE|KBCE,37.706444,-112.145806,America/Denver,-360,UTC-06:00
PF,Takapoto,Takapoto,NTGT|TKP,-14.709544,-145.245814,Pacific/Tahiti,-600,UTC-10:00
AU,Yam Island,Yam Island,XMY|YYMI,-9.90111,142.776,Australia/Brisbane,600,UTC+10:00
CA,Baie Comeau,Baie Comeau,CYBC|YBC,49.1325,-68.204444,America/Montreal,-240,UTC-04:00
IR,Birjand,Birjand,OIMB|XBJ,32.898056,59.266111,Asia/Tehran,210,UTC+03:30
CA,Rankin Inlet,Rankin Inlet,CYRT|YRT,62.81139,-92.115833,America/Rankin_Inlet,-300,UTC-05:00
ID,Samarinda,Samarinda,SRI|WALS,-0.484531,117.157111,Asia/Makassar,480,UTC+08:00
EC,Machala,Machala,MCH|SEMH,-3.268903,-79.961572,America/Guayaquil,-300,UTC-05:00
US,"Port Clarence, Alaska","Port Clarence, Alaska",KPC|PAPC,65.2537,-166.859,America/Nome,-480,UTC-08:00
BR,Tucurui,Tucurui,SBTU|TUR,-3.786008,-49.720267,America/Belem,-180,UTC-03:00
US,"Aiken, SC","Aiken, SC",AIK|KAIK,33.6493889,-81.6850278,America/New_York,-240,UTC-04:00
CA,Sydney,Sydney,CYQY|YQY,46.161388,-60.047779,America/Glace_Bay,-180,UTC-03:00
EG,Port Said,Port Said,HEPS|PSD,31.279444,32.24,Africa/Cairo,180,UTC+03:00
CD,Matadi,Matadi,FZAM|MAT,-5.79961,13.4404,Africa/Kinshasa,60,UTC+01:00
CA,Akulivik,Akulivik,AKV|CYKO,60.8186,-78.1486,America/Montreal,-240,UTC-04:00
GL,Neerlerit Inaat,Neerlerit Inaat,BGCO|CNP,70.7433,-22.6606,America/Scoresbysund,-60,UTC-01:00
NZ,Takaka,Takaka,KTF|NZTK,-40.85,172.8,Pacific/Auckland,720,UTC+12:00
PG,Simbai,Simbai,SIM,-4.0,144.0,Pacific/Port_Moresby,600,UTC+10:00
FI,Mikkeli,Mikkeli,EFMI|MIK,61.6866,27.201794,Europe/Helsinki,180,UTC+03:00
TR,Usak,Usak,LTBO|USQ,38.681478,29.471675,Europe/Istanbul,180,UTC+03:00
EG,Kharga,Kharga,UVL,25.4736,30.5907,Africa/Cairo,180,UTC+03:00
PG,Agaun,Agaun,AUP,0.0,0.0,Asia/Vladivostok,600,UTC+10:00
AU,Mildura,Mildura,MQL|YMIA,-34.2292,142.086,Australia/Melbourne,600,UTC+10:00
US,"Warrensburg, Missouri","Warrensburg, Missouri",KSZL|SZL,38.730306,-93.547864,America/Chicago,-300,UTC-05:00
US,"Rutland, Vermont","Rutland, Vermont",KRUT|RUT,43.5294,-72.9496,America/New_York,-240,UTC-04:00
ID,Anggi,Anggi,AGD,-1.38333,133.867,Asia/Yakutsk,540,UTC+09:00
AU,Cleve,Cleve,CVC,-33.7097,136.505,Australia/Adelaide,570,UTC+09:30
US,"Cape Romanzof, Alaska","Cape Romanzof, Alaska",CZF|PACZ,61.780297,-166.038747,America/Nome,-480,UTC-08:00
MG,Nossi Be,Nossi Be,FMNN|NOS,-13.312067,48.314822,Indian/Antananarivo,180,UTC+03:00
US,"Port Lions, Alaska","Port Lions, Alaska",ORI,57.885278,-152.846111,America/Anchorage,-480,UTC-08:00
BG,Gorna Orechovitsa,Gorna Orechovitsa,GOZ|LBGO,43.151444,25.712889,Europe/Sofia,180,UTC+03:00
DE,Westerland,Westerland,EDXW|GWT,54.91325,8.340472,Europe/Berlin,120,UTC+02:00
MN,Bulgan,Bulgan,UGA|ZMBN,48.854167,103.484167,Asia/Ulaanbaatar,480,UTC+08:00
MX,Mexico City,Mexico City,AZP|MEX|MMMX|MMTO|NLU|TLC,19.436303,-99.072097,America/Mexico_City,-360,UTC-06:00
PK,Zhob,Zhob,OPZB|PZH,31.358381,69.463606,Asia/Karachi,300,UTC+05:00
FR,Arcachon,Arcachon,LFCH|XAC,44.59639,-1.110833,Europe/Paris,120,UTC+02:00
US,"Saint Paul Island, Alaska","Saint Paul Island, Alaska",PASN|SNP,57.167333,-170.220444,America/Nome,-480,UTC-08:00
MA,Tan Tan,Tan Tan,GMAT|TTA,28.448194,-11.161347,Africa/Casablanca,60,UTC+01:00
BS,Governors Harbour,Governors Harbour,GHB|MYEM,25.284706,-76.331011,America/Nassau,-240,UTC-04:00
CA,Rainbow Lake,Rainbow Lake,CYOP|YOP,58.491389,-119.407778,America/Edmonton,-360,UTC-06:00
MG,Fort Dauphin,Fort Dauphin,FMSD|FTU,-25.038056,46.956111,Indian/Antananarivo,180,UTC+03:00
AU,Renmark,Renmark,RMK|YREN,-34.118,140.404,Australia/Adelaide,570,UTC+09:30
SC,Praslin Island,Praslin Island,FSPP|PRI,-4.319292,55.691417,Indian/Mahe,240,UTC+04:00
FO,Faroe Islands,Faroe Islands,EKVG|FAE,62.063628,-7.277219,Atlantic/Faroe,60,UTC+01:00
ES,Tenerife,Tenerife,GCTS|GCXO|TFN|TFS,28.482653,-16.341536,Atlantic/Canary,60,UTC+01:00
KR,Busan,Busan,PUS|RKPK,35.179528,128.938222,Asia/Seoul,540,UTC+09:00
DE,Finkenwerder,Finkenwerder,EDHI|XFW,53.535886,9.837025,Europe/Berlin,120,UTC+02:00
AF,Faizabad,Faizabad,FBD|OAFZ,37.1211,70.5181,Asia/Kabul,270,UTC+04:30
NO,Namsos,Namsos,ENNM|OSY,64.4722,11.5786,Europe/Oslo,120,UTC+02:00
CA,Paradise River,Paradise River,YDE,0.0,0.0,America/Halifax,-180,UTC-03:00
US,"Great Falls, Montana","Great Falls, Montana",GTF|KGTF,47.482,-111.370689,America/Denver,-360,UTC-06:00
RU,Volgograd,Volgograd,URWW|VOG,48.782528,44.345544,Europe/Volgograd,180,UTC+03:00
CD,Ilebo,Ilebo,FZVS|PFR,-4.333,20.583,Africa/Lubumbashi,120,UTC+02:00
RU,Olyokminsk,Olyokminsk,OLZ|UEMO,60.39677,120.464144,Asia/Yakutsk,540,UTC+09:00
US,"Adak Island, Alaska","Adak Island, Alaska",ADK|PADK,51.878,-176.646,America/Adak,-540,UTC-09:00
US,"Bloomington, Indiana","Bloomington, Indiana",BMG|KBMG,39.1460208,-86.6166805,America/Indiana/Indianapolis,-240,UTC-04:00
US,"Manistee, Michigan","Manistee, Michigan",KMBL|MBL,44.2725,-86.246944,America/Detroit,-240,UTC-04:00
CA,Gjoa Haven,Gjoa Haven,CYHK|YHK,68.635556,-95.849722,America/Cambridge_Bay,-360,UTC-06:00
GB,Birmingham,Birmingham,BHX|EGBB|QQN|ZBC,52.453856,-1.748028,Europe/London,60,UTC+01:00
RU,Bodaybo,Bodaybo,ODO|UIKB,57.861296,114.23228,Asia/Irkutsk,480,UTC+08:00
CA,Portage La Prairie,Portage La Prairie,CYPG|YPG,49.903056,-98.273889,America/Winnipeg,-300,UTC-05:00
US,"Charleston, SC","Charleston, SC",CHS|KCHS,32.898647,-80.040528,America/New_York,-240,UTC-04:00
PG,Aitape,Aitape,ATP,-3.18985,142.43,Asia/Vladivostok,600,UTC+10:00
NC,Koumac,Koumac,KOC|NWWK,-20.546314,164.255625,Pacific/Noumea,660,UTC+11:00
US,"Amook, Alaska","Amook, Alaska",AOS,57.471389,-153.815278,America/Anchorage,-480,UTC-08:00
US,"Joplin, Missouri","Joplin, Missouri",JLN|KJLN,37.151814,-94.498269,America/Chicago,-300,UTC-05:00
ID,Namrole,Namrole,NRE,-3.82081,126.718,Asia/Jayapura,540,UTC+09:00
CA,Tadoule Lake,Tadoule Lake,CYBQ|XTL,58.706111,-98.512222,America/Winnipeg,-300,UTC-05:00
MY,Long Lellang,Long Lellang,LGL|WBGF,3.421,115.154,Asia/Kuching,480,UTC+08:00
FR,Lille,Lille,LFQQ|LIL|XDB|XFA,50.561942,3.089444,Europe/Paris,120,UTC+02:00
AR,Parana,Parana,PRA|SAAP,-31.794778,-60.480361,America/Argentina/Cordoba,-180,UTC-03:00
FR,Villefranche Sur Saone,Villefranche Sur Saone,LFHV|XVF,45.901947,4.634906,Europe/Paris,120,UTC+02:00
TW,Taitung,Taitung,RCFN|TTT,22.754986,121.101681,Asia/Taipei,480,UTC+08:00
CA,"Deer Lake, ON","Deer Lake, ON",CYVZ|YVZ,52.6558,-94.0614,America/Winnipeg,-300,UTC-05:00
PK,Peshawar,Peshawar,OPPS|PEW,33.993911,71.514581,Asia/Karachi,300,UTC+05:00
AU,Bundaberg,Bundaberg,BDB|YBUD,-24.903889,152.318611,Australia/Brisbane,600,UTC+10:00
IE,Inisheer,Inisheer,EIIR|INQ,53.0647,-9.5109,Europe/Dublin,60,UTC+01:00
US,"Bakersfield, California","Bakersfield, California",BFL|KBFL,35.433598,-119.05677,America/Los_Angeles,-420,UTC-07:00
US,"Alliance, Nebraska","Alliance, Nebraska",AIA|KAIA,42.053333,-102.803889,America/Denver,-360,UTC-06:00
NG,Calabar,Calabar,CBQ|DNCA,4.976019,8.347197,Africa/Lagos,60,UTC+01:00
CA,Resolute,Resolute,CYRB|YRB,74.716944,-94.969444,America/Resolute,-300,UTC-05:00
RU,Yekaterinburg,Yekaterinburg,SVX|USSS,56.744733,60.80268,Asia/Yekaterinburg,300,UTC+05:00
US,"Silver City, New Mexico","Silver City, New Mexico",SVC,32.6365,-108.156,America/Denver,-360,UTC-06:00
JP,Otaru,Otaru,QOT,43.1894444,141.0022222,Asia/Tokyo,540,UTC+09:00
VG,Beef Island,Beef Island,EIS|TUPJ,18.444834,-64.542975,America/Tortola,-240,UTC-04:00
RS,Nis,Nis,INI|LYNI,43.337289,21.853722,Europe/Belgrade,120,UTC+02:00
IN,Aizawl,Aizawl,AJL|VEAZ,23.746603,92.802767,Asia/Kolkata,330,UTC+05:30
FJ,Labasa,Labasa,LBS|NFNL,-16.466749,179.33986,Pacific/Fiji,720,UTC+12:00
EG,Tour Sinai City,Tour Sinai City,ELT|HETR,28.209028,33.645517,Africa/Cairo,180,UTC+03:00
AU,Argyle,Argyle,GYL|YARG,-16.6369,128.451,Australia/Perth,480,UTC+08:00
CN,Dandong,Dandong,DDG|ZYDD,40.0255,124.2866,Asia/Shanghai,480,UTC+08:00
VE,Acarigua,Acarigua,AGV|SVAC,9.553422,-69.237536,America/Caracas,-240,UTC-04:00
NO,Andenes,Andenes,ANX|ENAN,69.2925,16.144167,Europe/Oslo,120,UTC+02:00
KW,Kuwait,Kuwait,KWI|OKBK,29.226567,47.968928,Asia/Kuwait,180,UTC+03:00
DZ,Biskra,Biskra,BSK|DAUB,34.793289,5.738231,Africa/Algiers,60,UTC+01:00
US,"Polk Inlet, Alaska","Polk Inlet, Alaska",POQ,0.0,0.0,America/Anchorage,-480,UTC-08:00
US,"Lewistown, Montana","Lewistown, Montana",KLWT|LWT,47.0493,-109.467,America/Denver,-360,UTC-06:00
ES,Oviedo,Oviedo,LEAS|OVD|OVI,43.563567,-6.034622,Europe/Madrid,120,UTC+02:00
NI,Rosita,Rosita,MNRT|RFS,13.897222,-84.404722,America/Managua,-360,UTC-06:00
SE,Soederhamn,Soederhamn,ESCL|SOO,61.261667,17.098056,Europe/Stockholm,120,UTC+02:00
CN,Anqing,Anqing,AQG|ZSAQ,30.5822,117.0502,Asia/Shanghai,480,UTC+08:00
UZ,Nukus,Nukus,NCU|UTNN,42.4884,59.6233,Asia/Samarkand,300,UTC+05:00
IN,Dibrugarh,Dibrugarh,DIB|VEMN,27.483853,95.016922,Asia/Kolkata,330,UTC+05:30
CF,Bria,Bria,BIV|KBIV,42.7427778,-86.1078333,Africa/Bangui,60,UTC+01:00
CA,Nanaimo,Nanaimo,CAC8|CYCD|YCD|ZNA,49.052333,-123.870167,America/Vancouver,-420,UTC-07:00
TW,Green Island,Green Island,GNI|RCGI,22.673853,121.466481,Asia/Taipei,480,UTC+08:00
BH,Bahrain,Bahrain,BAH|OBBI,26.270834,50.63361,Asia/Bahrain,180,UTC+03:00
SH,Georgetown,Georgetown,ASI,-7.969597,-14.393664,Atlantic/St_Helena,0,UTC+00:00
US,"Franklin, Pennsylvania","Franklin, Pennsylvania",FKL|KFKL,41.377874,-79.860362,America/New_York,-240,UTC-04:00
BO,Bermejo,Bermejo,BJO|SLBJ,-22.773336,-64.312881,America/La_Paz,-240,UTC-04:00
PT,Lisboa,Lisboa,LIS|LPPT,38.781311,-9.135919,Europe/Lisbon,60,UTC+01:00
AU,Bunbury,Bunbury,BUY|KBUY,36.0485433,-79.4748892,Australia/Perth,480,UTC+08:00
GA,Franceville,Franceville,FOON|MVB,-1.656156,13.438036,Africa/Libreville,60,UTC+01:00
IS,Borgarfjordur Eystri,Borgarfjordur Eystri,BGJ,65.5164,-13.805,Atlantic/Reykjavik,0,UTC+00:00
US,"Scottsbluff, Nebraska","Scottsbluff, Nebraska",BFF|KBFF,41.874,-103.596,America/Denver,-360,UTC-06:00
SB,Choiseul Bay,Choiseul Bay,AGGC|CHY,-6.711944,156.396111,Pacific/Guadalcanal,660,UTC+11:00
CG,Brazzaville,Brazzaville,BZV|FCBB,-4.2517,15.253031,Africa/Brazzaville,60,UTC+01:00
CH,Lucerne,Lucerne,QLJ,47.1899,8.2047,Europe/Zurich,120,UTC+02:00
US,"Gambell, Alaska","Gambell, Alaska",GAM|PAGM,63.7668,-171.733,America/Nome,-480,UTC-08:00
FR,Angouleme,Angouleme,ANG|LFBU,45.729247,0.221456,Europe/Paris,120,UTC+02:00
PE,Puerto Maldonado,Puerto Maldonado,PEM|SPTU,-12.613611,-69.228611,America/Lima,-300,UTC-05:00
CN,Kunming,Kunming,KMG|ZPPP,24.992364,102.743536,Asia/Chongqing,480,UTC+08:00
CA,Cranbrook,Cranbrook,CYXC|YXC,49.612222,-115.781944,America/Edmonton,-360,UTC-06:00
AR,Rio Hondo,Rio Hondo,RHD|SANH,-27.509946,-64.936666,America/Argentina/Cordoba,-180,UTC-03:00
CO,Puerto Carreno,Puerto Carreno,PCR|SKPC,6.184717,-67.493164,America/Bogota,-300,UTC-05:00
US,"Decatur, Illinois","Decatur, Illinois",DEC|KDEC,39.834564,-88.865689,America/Chicago,-300,UTC-05:00
US,"Akiak, Alaska","Akiak, Alaska",AKI|PFAK,60.902778,-161.230556,America/Anchorage,-480,UTC-08:00
FR,Bastia,Bastia,BIA|LFKB,42.552664,9.483731,Europe/Paris,120,UTC+02:00
CO,Tulua,Tulua,SKUL|ULQ,4.088358,-76.235133,America/Bogota,-300,UTC-05:00
US,"Helena, Montana","Helena, Montana",HLN|KHLN,46.606806,-111.98275,America/Denver,-360,UTC-06:00
PG,Namatanai,Namatanai,ATN,0.0,0.0,Asia/Vladivostok,600,UTC+10:00
CD,Basankusu,Basankusu,BSU|FZEN,1.22472,19.7889,Africa/Kinshasa,60,UTC+01:00
SE,Ronneby,Ronneby,ESDF|RNB,56.266667,15.265,Europe/Stockholm,120,UTC+02:00
US,"Millville, New Jersey","Millville, New Jersey",KMIV|MIV,39.367806,-75.072222,America/New_York,-240,UTC-04:00
CN,Jiujiang,Jiujiang,JIU|ZSJJ,29.733,115.983,Asia/Shanghai,480,UTC+08:00
NO,Sorkjosen,Sorkjosen,ENSR|SOJ,69.7868,20.9594,Europe/Oslo,120,UTC+02:00
US,"Berkeley, California","Berkeley, California",JBK,0.0,0.0,America/Vancouver,-420,UTC-07:00
CA,Whitecourt,Whitecourt,CYZU|YZU,54.14389,-115.786667,America/Edmonton,-360,UTC-06:00
NZ,Gisborne,Gisborne,GIS|NZGS,-38.663333,177.978333,Pacific/Auckland,720,UTC+12:00
KI,Christmas Island,Christmas Island,CXI|PLCH,1.986161,-157.349778,Pacific/Kiritimati,840,UTC+14:00
OM,Dibaa,Dibaa,BYB,0.0,0.0,Asia/Dubai,240,UTC+04:00
HN,Roatan,Roatan,MHRO|RTB,16.316814,-86.522961,America/Tegucigalpa,-360,UTC-06:00
DK,Odense,Odense,EKOD|ODE,55.476664,10.330933,Europe/Copenhagen,120,UTC+02:00
EG,Abu Simbel,Abu Simbel,ABS|HEBL,22.375953,31.611722,Africa/Cairo,180,UTC+03:00
GB,Sanday,Sanday,EGES|NDY,59.2503,-2.57667,Europe/London,60,UTC+01:00
CA,Chapleau,Chapleau,CYLD|YLD,47.82,-83.346667,America/Toronto,-240,UTC-04:00
AU,Goondiwindi,Goondiwindi,GOO,-28.5214,150.32001,Australia/Brisbane,600,UTC+10:00
GB,Duxford,Duxford,EGSU|QFO,52.09083,0.13194,Europe/Jersey,60,UTC+01:00
US,"Tucumcari, New Mexico","Tucumcari, New Mexico",KTCC|TCC,35.182777,-103.603186,America/Denver,-360,UTC-06:00
KE,Kalokol,Kalokol,HYFG|KLK,3.49,35.84,Africa/Nairobi,180,UTC+03:00
US,"Tatitlek, Alaska","Tatitlek, Alaska",TEK,60.8725,-146.691111,America/Anchorage,-480,UTC-08:00
SE,Storuman,Storuman,ESUD|SQO,64.960894,17.696583,Europe/Stockholm,120,UTC+02:00
US,"Memphis, Tennessee","Memphis, Tennessee",KMEM|KNQA|MEM|NQA,35.042417,-89.976667,America/Chicago,-300,UTC-05:00
DE,Wangerooge,Wangerooge,AGE|EDWG,53.7828,7.91389,Europe/Berlin,120,UTC+02:00
AU,Bourke,Bourke,BRK|YBKE,-30.0392,145.952,Australia/Sydney,600,UTC+10:00
US,"Willow Grove, Pennsylvania","Willow Grove, Pennsylvania",KNXX|NXX,40.199833,-75.148167,America/New_York,-240,UTC-04:00
JP,Okino Erabu,Okino Erabu,OKE,27.42552,128.7009,Asia/Tokyo,540,UTC+09:00
GB,Fair Isle,Fair Isle,EGEF|FIE,59.5358,-1.62806,Europe/London,60,UTC+01:00
ET,Dire Dawa,Dire Dawa,DIR|HADR,9.6247,41.854203,Africa/Addis_Ababa,180,UTC+03:00
RU,Smolensk,Smolensk,LNX,54.745,32.065,Europe/Moscow,180,UTC+03:00
JP,Kochi,Kochi,KCZ|RJOK,33.546111,133.669444,Asia/Tokyo,540,UTC+09:00
ET,Goba,Goba,GOB|HAGB,6.733333,44.266667,Africa/Addis_Ababa,180,UTC+03:00
UZ,Tashkent,Tashkent,TAS|UTTT,41.257861,69.281186,Asia/Tashkent,300,UTC+05:00
US,Plattsburgh,Plattsburgh,KPBG|PBG|PLB,44.650944,-73.468139,America/New_York,-240,UTC-04:00
LT,Vilnius,Vilnius,EYVI|VNO,54.634133,25.285767,Europe/Vilnius,180,UTC+03:00
PF,Mataiva,Mataiva,MVT|NTGV,-14.868055,-148.717225,Pacific/Tahiti,-600,UTC-10:00
RW,Gisenyi,Gisenyi,GYI|HRYG,-1.677203,29.258875,Africa/Kigali,120,UTC+02:00
GA,Mbigou,Mbigou,MBC,-1.883,11.933,Africa/Libreville,60,UTC+01:00
DE,Berlin,Berlin,BER|EDDB|EDDI|EDDT|QPP|SXF|THF|TXL,52.366667,13.503333,Europe/Berlin,120,UTC+02:00
NO,Honningsvag,Honningsvag,ENHV|HVG,70.99,25.83,Europe/Oslo,120,UTC+02:00
PK,Bahawalpur,Bahawalpur,BHV|OPBW,29.3481,71.717981,Asia/Karachi,300,UTC+05:00
IN,Kochi,Kochi,COK|VOCI,10.155556,76.391389,Asia/Kolkata,330,UTC+05:30
KI,Butaritari,Butaritari,BBG|NGTU,3.086521,172.811465,Pacific/Tarawa,720,UTC+12:00
PF,Gambier Is,Gambier Is,GMR|NTGJ,-23.079861,-134.890333,Pacific/Gambier,-540,UTC-09:00
IN,Gaya,Gaya,GAY|VEGY,24.744308,84.951175,Asia/Kolkata,330,UTC+05:30
RU,Magnitogorsk,Magnitogorsk,MQF|USCM,53.393131,58.755661,Asia/Yekaterinburg,300,UTC+05:00
IN,Bilaspur,Bilaspur,PAB|VABI,21.9884,82.110983,Asia/Kolkata,330,UTC+05:30
BR,Patos De Minas,Patos De Minas,POJ|SNPD,-18.672778,-46.491111,America/Sao_Paulo,-180,UTC-03:00
IN,Hubli,Hubli,HBX|VAHB,15.3617,75.0849,Asia/Kolkata,330,UTC+05:30
NZ,Wellington,Wellington,NZWN|WLG,-41.327221,174.805278,Pacific/Auckland,720,UTC+12:00
US,"Broomfield, Colorado","Broomfield, Colorado",BJC|KBJC,39.90888888,-105.1172222,America/Denver,-360,UTC-06:00
MY,Mukah,Mukah,MKM|WBGK,2.90639,112.08,Asia/Kuching,480,UTC+08:00
GB,Islay,Islay,EGPI|ILY,55.681944,-6.256667,Europe/London,60,UTC+01:00
AU,Roper Bar,Roper Bar,RPB|YRRB,-14.73457,134.5252,Australia/Darwin,570,UTC+09:30
AR,Tartagal,Tartagal,SAST|TTG,-22.619167,-63.793189,America/Argentina/Salta,-180,UTC-03:00
AU,Carnarvon,Carnarvon,CVQ|YCAR,-24.8806,113.672,Australia/Perth,480,UTC+08:00
PG,Wasu,Wasu,WSU,0.0,0.0,Pacific/Port_Moresby,600,UTC+10:00
US,"Newport, Oregon","Newport, Oregon",KNOP|ONP,44.580361,-124.057917,America/Los_Angeles,-420,UTC-07:00
US,"Kill Devil Hills, North Carolina","Kill Devil Hills, North Carolina",FFA|KFFA,36.02,-75.67,America/New_York,-240,UTC-04:00
PT,Pico Island,Pico Island,LPPI|PIX,38.554333,-28.441333,Atlantic/Azores,0,UTC+00:00
FR,Montpellier,Montpellier,LFMT|MPL|XPJ|XPU,43.576194,3.963014,Europe/Paris,120,UTC+02:00
AU,Julia Creek,Julia Creek,JCK|YJLC,-20.6683,141.723,Australia/Brisbane,600,UTC+10:00
CA,Fort Nelson,Fort Nelson,CYYE|YYE,58.836389,-122.596944,America/Vancouver,-420,UTC-07:00
AU,Mallacoota,Mallacoota,XMC|YMCO,-37.598301,149.720001,Australia/Melbourne,600,UTC+10:00
CA,Wiarton,Wiarton,CYVV|YVV,44.745834,-81.107222,America/Toronto,-240,UTC-04:00
PE,Chachapoyas,Chachapoyas,CHH|SPPY,-6.201806,-77.856064,America/Lima,-300,UTC-05:00
AU,Oakey,Oakey,OKY|YBOK,-27.411389,151.735278,Australia/Brisbane,600,UTC+10:00
US,"Breckenridge, Texas","Breckenridge, Texas",BKD|KBKD,32.719047,-98.891,America/Chicago,-300,UTC-05:00
AU,Kingscote,Kingscote,KGC|YKSC,-35.713889,137.521389,Australia/Adelaide,570,UTC+09:30
CN,Weifang,Weifang,WEF|ZSWF,36.6467,119.119,Asia/Shanghai,480,UTC+08:00
NP,Sanfebagar,Sanfebagar,FEB,29.233,81.217,Asia/Kathmandu,345,UTC+05:45
AU,Karratha,Karratha,KTA|YPKA,-20.712222,116.773333,Australia/Perth,480,UTC+08:00
GB,Stornoway,Stornoway,EGPO|SYY,58.215556,-6.331111,Europe/London,60,UTC+01:00
HT,Jeremie,Jeremie,JEE|MTJE,18.6631,-74.1703,America/Port-au-Prince,-240,UTC-04:00
IN,Delhi,Delhi,DEL|VIDP,28.5665,77.103088,Asia/Kolkata,330,UTC+05:30
IT,Perugia,Perugia,LIRZ|PEG,43.095906,12.513222,Europe/Rome,120,UTC+02:00
US,"Oneonta, New York","Oneonta, New York",ONH,42.524722,-75.064444,America/New_York,-240,UTC-04:00
CA,Trois Rivieres,Trois Rivieres,CYRQ|YRQ,46.351667,-72.680556,America/Montreal,-240,UTC-04:00
CA,Fort Severn,Fort Severn,CYER|YER,56.0189,-87.6761,America/Toronto,-240,UTC-04:00
PK,Sehwen Sharif,Sehwen Sharif,OPSN|SYW,26.4731,67.7172,Asia/Karachi,300,UTC+05:00
TD,Ndjamena,Ndjamena,FTTJ|NDJ,12.133689,15.034019,Africa/Ndjamena,60,UTC+01:00
IN,Jabalpur,Jabalpur,JLR|VAJB,23.177817,80.052047,Asia/Kolkata,330,UTC+05:30
ZA,Aggeneys,Aggeneys,AGZ|FAAG,-29.281767,18.813869,Africa/Johannesburg,120,UTC+02:00
DE,Kiel,Kiel,EDHK|KEL,54.3795,10.145167,Europe/Berlin,120,UTC+02:00
KE,Mandera,Mandera,NDE,3.93333,41.86667,Africa/Nairobi,180,UTC+03:00
IR,Rafsanjan,Rafsanjan,OIKR|RJN,30.297714,56.051139,Asia/Tehran,210,UTC+03:30
GP,La Desirade,La Desirade,DSD|TFFA,16.2969,-61.0844,America/Guadeloupe,-240,UTC-04:00
MZ,Chimoio,Chimoio,FQCH|VPY,-19.151267,33.428958,Africa/Maputo,120,UTC+02:00
US,"Vail Eagle, Colorado","Vail Eagle, Colorado",EGE|KEGE,39.642556,-106.917694,America/Denver,-360,UTC-06:00
KI,Nikunau,Nikunau,NGNU|NIG,-1.35,176.45,Pacific/Tarawa,720,UTC+12:00
TW,Kaohsiung,Kaohsiung,KHH|RCKH,22.577094,120.350006,Asia/Taipei,480,UTC+08:00
FR,Le Mans,Le Mans,LFRM|LME|ZLN,47.948611,0.201667,Europe/Paris,120,UTC+02:00
US,"Livermore, California","Livermore, California",KLVK|LVK,37.41362,-121.49133,America/Los_Angeles,-420,UTC-07:00
AU,Learmonth,Learmonth,LEA|YPLM,-22.235556,114.088611,Australia/Perth,480,UTC+08:00
KI,Tabiteuea South,Tabiteuea South,NGTS|TSU,-1.35,174.8,Pacific/Tarawa,720,UTC+12:00
RU,Kotlas,Kotlas,KSZ|ULKK,61.2358,46.6975,Europe/Moscow,180,UTC+03:00
AU,Richmond,Richmond,RCM|YSRI,-33.600556,150.780833,Australia/Brisbane,600,UTC+10:00
ID,Ayawasi,Ayawasi,AYW,-1.2,132.5,Pacific/Gambier,-540,UTC-09:00
CA,Clyde River,Clyde River,CYCY|YCY,70.486111,-68.516667,America/Iqaluit,-240,UTC-04:00
NG,Uyo,Uyo,QUO,0.0,0.0,Africa/Lagos,60,UTC+01:00
US,"Olympia, Washington","Olympia, Washington",KOLM|OLM,46.9694044,-122.9025447,America/Los_Angeles,-420,UTC-07:00
CA,Burwash Landings,Burwash Landings,CYDB|YDB,61.371111,-139.040556,America/Whitehorse,-420,UTC-07:00
AU,Kalbarri,Kalbarri,KAX|YKBR,-27.69,114.262,Australia/Perth,480,UTC+08:00
PL,Gdansk,Gdansk,EPGD|GDN,54.377569,18.466222,Europe/Warsaw,120,UTC+02:00
JP,Kikaiga Shima,Kikaiga Shima,KKX|RJKI,28.321389,129.928056,Asia/Tokyo,540,UTC+09:00
PG,Popondetta,Popondetta,AYGR|PNP,-8.80454,148.309,Pacific/Port_Moresby,600,UTC+10:00
US,"Walla Walla, Washington","Walla Walla, Washington",ALW|KALW,46.0949,-118.288,America/Los_Angeles,-420,UTC-07:00
US,"Olive Branch, Mississipi","Olive Branch, Mississipi",KOLV|OLV,34.876944,-89.783333,America/Chicago,-300,UTC-05:00
VU,Longana,Longana,LOD|NVSG,-15.3067,167.967,Pacific/Efate,660,UTC+11:00
MH,Mejit Island,Mejit Island,MJB|Q30,10.2833,170.883,Pacific/Wallis,720,UTC+12:00
IT,Brindisi,Brindisi,BDS|BQD|LIBR,40.657633,17.947033,Europe/Rome,120,UTC+02:00
AU,Hay,Hay,HXX,-34.5314,144.83,Australia/Sydney,600,UTC+10:00
PH,Roxas City,Roxas City,RPVR|RXS,11.597669,122.751669,Asia/Manila,480,UTC+08:00
PH,Cuyo,Cuyo,CYU|RPLO,10.8581,121.069,Asia/Manila,480,UTC+08:00
IT,Pisa,Pisa,LIRP|PCE|PSA,43.683917,10.39275,Europe/Rome,120,UTC+02:00
CA,Kamloops,Kamloops,CYKA|YKA,50.702222,-120.444444,America/Vancouver,-420,UTC-07:00
US,"Brooks Lake, Alaska","Brooks Lake, Alaska",BKF|KBKF,39.701668,-104.75166,America/Anchorage,-480,UTC-08:00
US,"Boise, Idaho","Boise, Idaho",BOI|KBOI,43.564361,-116.222861,America/Boise,-360,UTC-06:00
US,"Hilton Head, South Carolina","Hilton Head, South Carolina",HHH|KHHH,32.216,-80.752,America/New_York,-240,UTC-04:00
US,"Aberdeen, Washington","Aberdeen, Washington",HQM,46.9711944,-123.9365556,America/Vancouver,-420,UTC-07:00
MG,Ambatondrazaka,Ambatondrazaka,FMMZ|WAM,-17.8,48.433,Indian/Antananarivo,180,UTC+03:00
US,"Red Devil, Alaska","Red Devil, Alaska",RDV,61.788056,-157.350278,America/Anchorage,-480,UTC-08:00
CA,Natashquan,Natashquan,CYNA|YNA,50.19,-61.789167,America/Montreal,-240,UTC-04:00
US,"Pellston, Michigan","Pellston, Michigan",KPLN|PLN,45.5709,-84.7967,America/Detroit,-240,UTC-04:00
US,"Oxnard, California","Oxnard, California",KOXR|OXR,34.200833,-119.207222,America/Los_Angeles,-420,UTC-07:00
AU,Port Macquarie,Port Macquarie,PQQ|YPMQ,-31.4358,152.863,Australia/Sydney,600,UTC+10:00
CD,Kindu,Kindu,FZOA|KND,-2.919178,25.915361,Africa/Lubumbashi,120,UTC+02:00
IN,Bhopal,Bhopal,BHO|VABP,23.287467,77.337375,Asia/Kolkata,330,UTC+05:30
US,"Richmond, Indiana","Richmond, Indiana",KRID|RID,39.7561006,-84.8427175,America/Indiana/Indianapolis,-240,UTC-04:00
SE,Sveg,Sveg,ESND|EVG,62.047811,14.42295,Europe/Stockholm,120,UTC+02:00
US,"Philadelphia, Pennsylvania","Philadelphia, Pennsylvania",BBX|KLOM|KPHL|KPNE|KTTN|MUV|PHL|PNE|PSQ|TTN|ZFV,39.871944,-75.241139,America/New_York,-240,UTC-04:00
NO,Longyearbyen,Longyearbyen,ENSB|LYR,78.246111,15.465556,Arctic/Longyearbyen,120,UTC+02:00
US,"Lancaster, Pennsylvania","Lancaster, Pennsylvania",KLNS|LNS,40.1217,-76.2961,America/New_York,-240,UTC-04:00
CA,Oxford House,Oxford House,CYOH|YOH,54.9333,-95.2789,America/Winnipeg,-300,UTC-05:00
ES,Alicante,Alicante,ALC|LEAL|YJE,38.282169,-0.558156,Europe/Madrid,120,UTC+02:00
ID,Padang,Padang,PDG|WIPT,-0.874989,100.351881,Asia/Jakarta,420,UTC+07:00
US,"Healy Lake, Alaska","Healy Lake, Alaska",HKB|PAHV,63.8675,-148.968889,America/Anchorage,-480,UTC-08:00
DZ,Batna,Batna,BLJ|DABT,35.752106,6.308589,Africa/Algiers,60,UTC+01:00
US,"Long Island, Alaska","Long Island, Alaska",LIJ,0.0,0.0,America/Anchorage,-480,UTC-08:00
EG,Al Arish,Al Arish,AAC|HEAR,31.073333,33.835833,Africa/Cairo,180,UTC+03:00
RU,Nadym,Nadym,NYM|USMM,65.4809,72.6989,Asia/Yekaterinburg,300,UTC+05:00
MH,Tinak Island,Tinak Island,TIC,7.133333,171.916667,Pacific/Wallis,720,UTC+12:00
CA,Suffield,Suffield,CYSD|YSD,50.2666701,-111.182999,America/Edmonton,-360,UTC-06:00
CH,Locarno,Locarno,LSZL|ZJI,46.1608,8.87861,Europe/Monaco,120,UTC+02:00
IR,Sary,Sary,OINZ|SRY,36.635833,53.193611,Asia/Tehran,210,UTC+03:30
SE,Trollhattan,Trollhattan,ESGT|THN,58.318056,12.345,Europe/Stockholm,120,UTC+02:00
US,"Springfield, Massachusetts","Springfield, Massachusetts",CEF|KCEF,42.194014,-72.534783,America/New_York,-240,UTC-04:00
US,"Coffee Point, Alaska","Coffee Point, Alaska",CFA,0.0,0.0,America/Anchorage,-480,UTC-08:00
PF,Tubuai,Tubuai,NTAT|TUB,-23.365353,-149.524072,Pacific/Tahiti,-600,UTC-10:00
NC,Ouvea,Ouvea,NWWV|UVE,-20.640556,166.572778,Pacific/Noumea,660,UTC+11:00
MN,Ulaanbaatar,Ulaanbaatar,UBN|ULN|ZMCK|ZMUB,47.843056,106.766639,Asia/Ulaanbaatar,480,UTC+08:00
IN,Lucknow,Lucknow,LKO|VILK,26.760594,80.889339,Asia/Kolkata,330,UTC+05:30
GB,Brighton,Brighton,BSH,0.0,0.0,Europe/Jersey,60,UTC+01:00
US,"Hobbs, New Mexico","Hobbs, New Mexico",HOB|KHOB,32.687528,-103.217028,America/Denver,-360,UTC-06:00
SR,Drietabbetje,Drietabbetje,DRJ|SMDA,4.11667,-54.66667,America/Paramaribo,-180,UTC-03:00
CA,Old Crow,Old Crow,CYOC|YOC,67.570556,-139.839167,America/Whitehorse,-420,UTC-07:00
DE,Emden,Emden,EDWE|EME,53.391186,7.227408,Europe/Berlin,120,UTC+02:00
MV,Kadhdhoo,Kadhdhoo,KDO|VRMK,1.85917,73.5219,Indian/Maldives,300,UTC+05:00
US,"Branson/Point Lookou, Missouri","Branson/Point Lookou, Missouri",PLK,0.0,0.0,America/Chicago,-300,UTC-05:00
US,"Springfield, Missouri","Springfield, Missouri",KSGF|SGF,37.245667,-93.388639,America/Chicago,-300,UTC-05:00
NZ,Te Anau,Te Anau,NZMO|TEU,-45.533056,167.65,Pacific/Auckland,720,UTC+12:00
SR,Awaradam,Awaradam,AAJ,3.898611,-55.577778,America/Cayenne,-180,UTC-03:00
SS,Malakal,Malakal,HSSM|MAK,9.558969,31.652242,Africa/Juba,120,UTC+02:00
MH,Likiep Island,Likiep Island,LIK,9.82316,169.308,Pacific/Wallis,720,UTC+12:00
US,"Idaho Falls, Idaho","Idaho Falls, Idaho",IDA|KIDA,43.514556,-112.07075,America/Boise,-360,UTC-06:00
AU,Jabiru,Jabiru,JAB|YJAB,-12.6571,132.893,Australia/Darwin,570,UTC+09:30
CA,Riviere Du Loup,Riviere Du Loup,CYRI|YRI,47.764444,-69.584722,America/Montreal,-240,UTC-04:00
US,"Houghton, Michigan","Houghton, Michigan",HTL|KHTL,44.359806,-84.671112,America/Detroit,-240,UTC-04:00
PG,Ambunti,Ambunti,AUJ,-4.15,142.51,Asia/Vladivostok,600,UTC+10:00
US,"Camp Douglas, Wisconsin","Camp Douglas, Wisconsin",KVOK|VOK,43.938956,-90.253433,America/Chicago,-300,UTC-05:00
BR,Santa Rosa,Santa Rosa,SRA|SSZR,-27.9067,-54.5204,America/Sao_Paulo,-180,UTC-03:00
ID,Obano,Obano,OBD,-3.9,136.2,Asia/Tokyo,540,UTC+09:00
TJ,Dushanbe,Dushanbe,DYU|UTDD,38.543333,68.825,Asia/Dushanbe,300,UTC+05:00
AU,Narrabri,Narrabri,NAA|YNBR,-30.3192,149.827,Australia/Sydney,600,UTC+10:00
CA,North Bay,North Bay,CYYB|YYB,46.363611,-79.422778,America/Toronto,-240,UTC-04:00
JP,Kagoshima,Kagoshima,KOJ|RJFK,31.803397,130.719408,Asia/Tokyo,540,UTC+09:00
AU,Young,Young,NGA,-34.2556,148.248,Australia/Sydney,600,UTC+10:00
US,"Lewisburg, West Virginia","Lewisburg, West Virginia",KLWB|LWB,37.858333,-80.399444,America/New_York,-240,UTC-04:00
GR,Chios,Chios,JKH|LGHI,38.343175,26.140572,Europe/Athens,180,UTC+03:00
CO,Tumaco,Tumaco,SKCO|TCO,1.814417,-78.749228,America/Bogota,-300,UTC-05:00
MN,Khovd,Khovd,HVD|ZMKD,47.9541,91.6282,Asia/Hovd,420,UTC+07:00
FR,Granville,Granville,GFR|LFRF,48.883057,-1.564167,Europe/Paris,120,UTC+02:00
FR,Aurillac,Aurillac,AUR|LFLW,44.891388,2.421944,Europe/Paris,120,UTC+02:00
RU,Anapa,Anapa,AAQ|URKA,44.996146,37.335766,Europe/Moscow,180,UTC+03:00
LY,Misurata,Misurata,MRA,32.325,15.061,Africa/Tripoli,120,UTC+02:00
CD,Lodja,Lodja,FZVA|LJA,-3.417,23.45,Africa/Lubumbashi,120,UTC+02:00
AU,Daydream Is,Daydream Is,DDI,0.0,0.0,Asia/Magadan,660,UTC+11:00
BE,Mechelen,Mechelen,ZGP,0.0,0.0,Europe/Brussels,120,UTC+02:00
CN,Tacheng,Tacheng,TCG|ZWTC,46.6725,83.3408,Asia/Urumqi,360,UTC+06:00
FR,Metz,Metz,ENC|ETZ|LFJL|LFSN,48.982142,6.251319,Europe/Paris,120,UTC+02:00
US,"Temple, Texas","Temple, Texas",KTPL|TPL,31.1525,-97.407778,America/Chicago,-300,UTC-05:00
BI,Bujumbura,Bujumbura,BJM|HBBA,-3.324019,29.318519,Africa/Bujumbura,120,UTC+02:00
CN,Yiwu,Yiwu,YIW|ZSYW,29.3447,120.032,Asia/Shanghai,480,UTC+08:00
NL,The Hague,The Hague,ZYH,52.069798,4.322091,Europe/Amsterdam,120,UTC+02:00
FI,Joensuu,Joensuu,EFJO|JOE,62.662906,29.60755,Europe/Helsinki,180,UTC+03:00
GR,Zakinthos Is,Zakinthos Is,LGZA|ZTH,37.750853,20.88425,Europe/Athens,180,UTC+03:00
NC,Lifou,Lifou,LIF|NWWL,-20.7748,167.239864,Pacific/Noumea,660,UTC+11:00
US,"Saint Michael, Alaska","Saint Michael, Alaska",PAMK|SMK,63.49,-162.110278,America/Anchorage,-480,UTC-08:00
RU,Kemerovo,Kemerovo,KEJ|UNEE,55.270094,86.107208,Asia/Novokuznetsk,420,UTC+07:00
US,"Hana, Hawaii","Hana, Hawaii",HNM|PHHN,20.795636,-156.014439,Pacific/Honolulu,-600,UTC-10:00
KY,Little Cayman,Little Cayman,LYB|MWCL,19.65916667,-80.09083333,America/Cayman,-300,UTC-05:00
SD,Merowe,Merowe,MWE,0.0,0.0,Africa/Khartoum,120,UTC+02:00
MG,Antsohihy,Antsohihy,FMNW|WAI,-14.89875,47.993894,Indian/Antananarivo,180,UTC+03:00
CO,Apiay,Apiay,API,0.0,0.0,America/Bogota,-300,UTC-05:00
TZ,Zanzibar,Zanzibar,HTZA|ZNZ,-6.222025,39.224886,Africa/Dar_es_Salaam,180,UTC+03:00
AU,Stradbroke Isl,Stradbroke Isl,KSRR|SRR,33.46285,-105.534751,Australia/Brisbane,600,UTC+10:00
IS,Vopnafjordur,Vopnafjordur,BIVO|VPN,65.7206,-14.8506,Atlantic/Reykjavik,0,UTC+00:00
MX,Monclova,Monclova,LOV|MMMV,26.955733,-101.470136,America/Monterrey,-360,UTC-06:00
MF,Saint Maarten,Saint Maarten,SXM|TNCM,18.040953,-63.1089,America/Lower_Princes,-240,UTC-04:00
AU,Perth,Perth,PER|YPPH,-31.940278,115.966944,Australia/Perth,480,UTC+08:00
GP,Marie Galante,Marie Galante,GBJ|TFFM,15.86875,-61.270022,America/Guadeloupe,-240,UTC-04:00
IT,Verona,Verona,LIPO|LIPX|VBS|VRN|XIX,45.395706,10.888533,Europe/Rome,120,UTC+02:00
US,"Lockport, Illinois","Lockport, Illinois",KLOT|LOT,41.606326,-88.083003,America/Chicago,-300,UTC-05:00
VU,Torres,Torres,NVSD|TOH,-13.328,166.638,Pacific/Efate,660,UTC+11:00
US,"Huntington, WV","Huntington, WV",HTS|KHTS,38.3667,-82.558,America/New_York,-240,UTC-04:00
MX,Mexicali,Mexicali,MMML|MXL,32.630634,-115.241637,America/Tijuana,-420,UTC-07:00
GE,Batumi,Batumi,BUS|UGSB,41.610278,41.599694,Asia/Tbilisi,240,UTC+04:00
ID,Solo City,Solo City,SOC|WARQ,-7.516089,110.756892,Asia/Jakarta,420,UTC+07:00
US,"Farmington, New Mexico","Farmington, New Mexico",FMN|KFMN,36.74125,-108.229944,America/Denver,-360,UTC-06:00
ID,Morotai Island,Morotai Island,OTI|WAMR,2.045992,128.324708,Asia/Jayapura,540,UTC+09:00
PG,Manumu,Manumu,UUU,41.533056,-71.282222,Asia/Vladivostok,600,UTC+10:00
US,"Crestview, Florida","Crestview, Florida",CEW|KCEW,30.778833,-86.522111,America/Chicago,-300,UTC-05:00
FR,Reims,Reims,LFSR|RHE|XIZ,49.31,4.05,Europe/Paris,120,UTC+02:00
PW,Koror,Koror,PTRO|ROR,7.367303,134.544278,Pacific/Palau,540,UTC+09:00
CM,Foumban,Foumban,FKKM|FOM,5.636919,10.750817,Africa/Douala,60,UTC+01:00
US,"Florence, SC","Florence, SC",FLO|KFLO,34.185361,-79.723889,America/New_York,-240,UTC-04:00
US,"Grand Rapids, Michigan","Grand Rapids, Michigan",GRR|KGRR,42.880833,-85.522806,America/Detroit,-240,UTC-04:00
SA,Yanbu,Yanbu,OEYN|YNB,24.144244,38.06335,Asia/Riyadh,180,UTC+03:00
CN,Hefei,Hefei,HFE|ZSOF,31.780019,117.298436,Asia/Shanghai,480,UTC+08:00
TW,Taichung,Taichung,RCLG|RCMQ|RMQ|TXG,24.264668,120.62058,Asia/Taipei,480,UTC+08:00
AU,Nowra,Nowra,NOA|YSNW,-34.9489,150.537,Australia/Sydney,600,UTC+10:00
BR,Matupa,Matupa,MBK,-10.17028,-54.95278,America/Cuiaba,-240,UTC-04:00
SK,Bratislava,Bratislava,BTS|LZIB,48.170167,17.212667,Europe/Bratislava,120,UTC+02:00
ES,Malaga,Malaga,AGP|CYJM|LEMG|YJM,36.6749,-4.499106,Europe/Madrid,120,UTC+02:00
JP,Toyama,Toyama,RJNT|TOY,36.648333,137.1875,Asia/Tokyo,540,UTC+09:00
CA,Salmon Arm,Salmon Arm,YSN,50.6828,-119.229,America/Vancouver,-420,UTC-07:00
TH,Chiang Mai,Chiang Mai,CNX|VTCC,18.766847,98.962644,Asia/Bangkok,420,UTC+07:00
US,"Lake Havasu City, Arizona","Lake Havasu City, Arizona",HII|KHII,34.5711111,-114.3582778,America/Phoenix,-420,UTC-07:00
US,"Columbia, Missouri","Columbia, Missouri",COU|KCOU,38.818094,-92.219631,America/Chicago,-300,UTC-05:00
US,"Modesto, California","Modesto, California",KMOD|MOD,37.625817,-120.954422,America/Los_Angeles,-420,UTC-07:00
JP,Iwami,Iwami,IWJ|RJOW,34.6764,131.79,Asia/Tokyo,540,UTC+09:00
FI,Tampere,Tampere,EFTP|TMP,61.414147,23.604392,Europe/Helsinki,180,UTC+03:00
MG,Morafenobe,Morafenobe,FMMR|TVA,-17.85,44.917,Indian/Antananarivo,180,UTC+03:00
US,"Tupelo, Mississipi","Tupelo, Mississipi",KTUP|TUP,34.2681,-88.7699,America/Chicago,-300,UTC-05:00
CO,Araracuara,Araracuara,ACR|SKAC,-0.58,-72.41,America/Bogota,-300,UTC-05:00
PR,Ponce,Ponce,PSE|TJPS,18.008306,-66.563028,America/Puerto_Rico,-240,UTC-04:00
JM,Negril,Negril,MKNG|NEG,18.34,-78.335556,America/Jamaica,-300,UTC-05:00
CA,Saint John,Saint John,CYSJ|YSJ,45.316111,-65.890278,America/Moncton,-180,UTC-03:00
FI,Lappeenranta,Lappeenranta,EFLP|LPP,61.044553,28.144397,Europe/Helsinki,180,UTC+03:00
US,"Astoria, Oregon","Astoria, Oregon",AST|KAST,46.157972,-123.878694,America/Los_Angeles,-420,UTC-07:00
VN,Dien Bien Phu,Dien Bien Phu,DIN|VVDB,21.397481,103.007831,Asia/Ho_Chi_Minh,420,UTC+07:00
CN,Meixian,Meixian,MXZ|ZGMX,24.35,116.133,Asia/Shanghai,480,UTC+08:00
ID,Tana Toraja,Tana Toraja,TTR,-3.416667,119.916664,Asia/Makassar,480,UTC+08:00
ID,Kaimana,Kaimana,KNG|WASK,-3.644517,133.695553,Asia/Jayapura,540,UTC+09:00
ES,Seo De Urgel,Seo De Urgel,LESU|LEU,42.338611,1.409167,Europe/Madrid,120,UTC+02:00
UY,Colonia del Sacramento,Colonia del Sacramento,CYR|SUCA,-34.4564,-57.7706,America/Montevideo,-180,UTC-03:00
BR,Carolina,Carolina,CLN|SBCI,-7.320444,-47.458667,America/Fortaleza,-180,UTC-03:00
BS,George Town,George Town,GGT|MYEF,23.562631,-75.877958,America/Nassau,-240,UTC-04:00
ID,Lereh,Lereh,LHI,-3.1279,139.94299,Asia/Jayapura,540,UTC+09:00
US,"Los Angeles, California","Los Angeles, California",CCD|JCX|KLAX|KVNY|KWHP|LAX|VNY|WHP,33.942536,-118.408075,America/Los_Angeles,-420,UTC-07:00
BR,Maceio,Maceio,MCZ|SBMO,-9.510808,-35.791678,America/Maceio,-180,UTC-03:00
PT,Corvo Island,Corvo Island,CVU|LPCR,39.6715,-31.1136,Atlantic/Azores,0,UTC+00:00
MX,Queretaro,Queretaro,MMQT|QRO,20.617289,-100.185658,America/Mexico_City,-360,UTC-06:00
TZ,Songea,Songea,SGX,-10.68333,35.58333,Africa/Dar_es_Salaam,180,UTC+03:00
RU,Hatanga,Hatanga,HTG|UOHH,71.978058,102.490514,Asia/Krasnoyarsk,420,UTC+07:00
KZ,Astana,Astana,NQZ|TSE|UACC,51.021944,71.466944,Asia/Qyzylorda,300,UTC+05:00
ID,Masalembo,Masalembo,MSI|SIAM,3.295,72.4814,Asia/Novokuznetsk,420,UTC+07:00
US,"Sitka, Alaska","Sitka, Alaska",PASI|SIT,57.047138,-135.361611,America/Sitka,-480,UTC-08:00
US,"Altoona, Pennsylvania","Altoona, Pennsylvania",AOO|KAOO,40.296372,-78.320022,America/New_York,-240,UTC-04:00
US,"Rampart, Alaska","Rampart, Alaska",RMP,65.507778,-150.140833,America/Anchorage,-480,UTC-08:00
NZ,Invercargill,Invercargill,IVC|NZNV,-46.412408,168.312992,Pacific/Auckland,720,UTC+12:00
CA,Muskoka,Muskoka,CYQA|YQA,44.974722,-79.303333,America/Toronto,-240,UTC-04:00
FR,Aubagne,Aubagne,JAH,0.0,0.0,Europe/Monaco,120,UTC+02:00
US,"Kotzebue, Alaska","Kotzebue, Alaska",OTZ|PAOT,66.884678,-162.59855,America/Nome,-480,UTC-08:00
US,"Shemya, Alaska","Shemya, Alaska",PASY|SYA,52.712275,174.11362,America/Adak,-540,UTC-09:00
MH,Namdrik Island,Namdrik Island,3N0|NDK,5.63167,168.125,Pacific/Wallis,720,UTC+12:00
US,"Richmond, VA","Richmond, VA",KRIC|RIC,37.505167,-77.319667,America/New_York,-240,UTC-04:00
GB,Ashford,Ashford,QDH,51.1436,0.87448,Europe/London,60,UTC+01:00
PG,Engati,Engati,EGA,39.6427611,-106.9159347,Pacific/Port_Moresby,600,UTC+10:00
KI,Kuria,Kuria,KUC|NGKT,0.228611,173.410556,Pacific/Tarawa,720,UTC+12:00
AU,Roma,Roma,RMA|YROM,-26.545,148.775,Australia/Brisbane,600,UTC+10:00
AR,Villa Dolores,Villa Dolores,SAOD|VDR,-31.945183,-65.146283,America/Argentina/Cordoba,-180,UTC-03:00
US,"Portage Creek, Alaska","Portage Creek, Alaska",MMPC|PCA,20.0772,-98.782814,America/Anchorage,-480,UTC-08:00
GA,Libreville,Libreville,FOOL|LBV,0.4586,9.412283,Africa/Libreville,60,UTC+01:00
VU,Lamen Bay,Lamen Bay,LNB|NVSM,-16.5842,168.159,Pacific/Efate,660,UTC+11:00
US,"Yakataga, Alaska","Yakataga, Alaska",CYT|PACY,60.081901,-142.493611,America/Anchorage,-480,UTC-08:00
US,"Nantucket, Massachusetts","Nantucket, Massachusetts",ACK|KACK,41.253053,-70.060181,America/New_York,-240,UTC-04:00
DE,Straubing,Straubing,KRBM|RBM,34.850089,-92.300153,Europe/Berlin,120,UTC+02:00
CD,Goma,Goma,FZNA|GOM,-1.670814,29.238464,Africa/Lubumbashi,120,UTC+02:00
US,"Santa Rosa, California","Santa Rosa, California",KSTS|STS,38.508978,-122.81288,America/Los_Angeles,-420,UTC-07:00
IN,Ahmedabad,Ahmedabad,AMD|VAAH,23.077242,72.63465,Asia/Kolkata,330,UTC+05:30
US,"Milton, Florida","Milton, Florida",KNSE|NSE,30.724167,-87.021944,America/Chicago,-300,UTC-05:00
CA,Berens River,Berens River,CYBV|YBV,52.358889,-97.018333,America/Winnipeg,-300,UTC-05:00
ES,Vitoria,Vitoria,LEVT|VIO|VIT|VTI,42.882836,-2.724469,Europe/Madrid,120,UTC+02:00
CA,Flin Flon,Flin Flon,CYFO|YFO,54.678055,-101.681667,America/Winnipeg,-300,UTC-05:00
AZ,Nakhichevan,Nakhichevan,NAJ|UBBN,39.1888,45.4584,Asia/Baku,240,UTC+04:00
MY,Marudi,Marudi,MUR|WBGM,4.1775,114.321944,Asia/Kuching,480,UTC+08:00
FI,Kuusamo,Kuusamo,EFKS|KAO,65.987575,29.239381,Europe/Helsinki,180,UTC+03:00
US,"Central, Alaska","Central, Alaska",CEM|PACE,65.573889,-144.780833,America/Anchorage,-480,UTC-08:00
GT,Puerto Barrios,Puerto Barrios,MGPB|PBR,15.730878,-88.583767,America/Guatemala,-360,UTC-06:00
CN,Yantai,Yantai,YNT|ZSYT,37.657731,120.992079,Asia/Shanghai,480,UTC+08:00
PG,Buka,Buka,AYBK|BUA,-5.42232,154.673,Pacific/Port_Moresby,600,UTC+10:00
US,"Omaha, NE","Omaha, NE",KOMA|OMA,41.303167,-95.894069,America/Chicago,-300,UTC-05:00
GR,Kithira,Kithira,KIT|LGKC,36.274258,23.016978,Europe/Athens,180,UTC+03:00
US,"Birch Creek, Alaska","Birch Creek, Alaska",KBC,66.256708,-145.815319,America/Anchorage,-480,UTC-08:00
UG,Arua,Arua,HUAR|RUA,3.05,30.917,Africa/Kampala,180,UTC+03:00
KZ,Ust Kamenogorsk,Ust Kamenogorsk,UASK|UKK,50.0366,82.4942,Asia/Qyzylorda,300,UTC+05:00
US,"Fort Irwin, California","Fort Irwin, California",BYS|KBYS,35.280531,-116.630031,America/Los_Angeles,-420,UTC-07:00
EC,Galapagos Is,Galapagos Is,GPS|SEGS,-0.453758,-90.265914,Pacific/Galapagos,-360,UTC-06:00
US,"Ekwok, Alaska","Ekwok, Alaska",KEK,59.356944,-157.471111,America/Anchorage,-480,UTC-08:00
BR,Tabatinga,Tabatinga,SBTT|TBT,-4.255669,-69.935828,America/Eirunepe,-300,UTC-05:00
NP,Dang,Dang,DNP|VNDG,28.111111,82.294167,Asia/Kathmandu,345,UTC+05:45
BR,Vila Rica,Vila Rica,VLP,-9.97944,-51.14222,America/Cuiaba,-240,UTC-04:00
AU,Gove,Gove,GOV|YPGV,-12.2694,136.818,Australia/Darwin,570,UTC+09:30
NZ,Christchurch,Christchurch,CHC|NZCH,-43.489358,172.532225,Pacific/Auckland,720,UTC+12:00
CA,Inukjuak,Inukjuak,CYPH|YPH,58.4719,-78.0769,America/Montreal,-240,UTC-04:00
DZ,Tbessa,Tbessa,DABS|TEE,35.431611,8.120717,Africa/Algiers,60,UTC+01:00
AF,Chakcharan,Chakcharan,CCN|OACC,34.526667,65.271667,Asia/Kabul,270,UTC+04:30
BR,Soure,Soure,SFK|SNSW,-0.716944,-48.522778,America/Belem,-180,UTC-03:00
ID,Numfoor,Numfoor,FOO,-0.93633,134.87199,Asia/Jayapura,540,UTC+09:00
US,"Fort Huachuca, Arizona","Fort Huachuca, Arizona",FHU|KFHU,31.588472,-110.344389,America/Phoenix,-420,UTC-07:00
CA,La Grande,La Grande,CYGL|YGL,53.625278,-77.704167,America/Montreal,-240,UTC-04:00
BR,Botucatu,Botucatu,QCJ|SDBK,-22.938,-48.467,America/Sao_Paulo,-180,UTC-03:00
DE,Geilenkirchen,Geilenkirchen,ETNG|GKE,50.960817,6.042422,Europe/Berlin,120,UTC+02:00
CA,Fort Chipewyan,Fort Chipewyan,CYPY|YPY,58.767223,-111.117222,America/Edmonton,-360,UTC-06:00
US,"Roswell, New Mexico","Roswell, New Mexico",KROW|ROW,33.301556,-104.530556,America/Denver,-360,UTC-06:00
MA,Fez,Fez,FEZ|GMFF,33.927261,-4.977958,Africa/Casablanca,60,UTC+01:00
VN,Qui Nhon,Qui Nhon,UIH|VVPC,13.954986,109.042267,Asia/Ho_Chi_Minh,420,UTC+07:00
AU,Longreach,Longreach,LRE|YLRE,-23.4342,144.28,Australia/Brisbane,600,UTC+10:00
AU,Rockhampton,Rockhampton,ROK|YBRK,-23.381944,150.475278,Australia/Brisbane,600,UTC+10:00
IT,Genoa,Genoa,GEP|GOA|GPP|LIMJ,44.413333,8.8375,Europe/Rome,120,UTC+02:00
JP,Hiroshima,Hiroshima,HIJ|RJOA,34.436111,132.919444,Asia/Tokyo,540,UTC+09:00
IT,Rimini,Rimini,LIPR|RMI,44.020292,12.611747,Europe/Rome,120,UTC+02:00
AR,Rincon De Los Sauces,Rincon De Los Sauces,RDS,-37.390617,-68.904211,America/Argentina/Salta,-180,UTC-03:00
LA,Luang Namtha,Luang Namtha,LXG|VLLN,20.960556,101.4025,Asia/Vientiane,420,UTC+07:00
BR,Cacoal,Cacoal,MARK|OAL,47.78,10.627,America/Porto_Velho,-240,UTC-04:00
CO,Nare,Nare,NAR,6.21002,-74.5906,America/Bogota,-300,UTC-05:00
JP,Taramajima,Taramajima,TRA,24.65389,124.67528,Asia/Tokyo,540,UTC+09:00
FR,Calais,Calais,CQF|LFAC|XFF,50.962097,1.954764,Europe/Paris,120,UTC+02:00
KI,Tarawa,Tarawa,NGTA|TRW,1.381636,173.147036,Pacific/Tarawa,720,UTC+12:00
DK,Vojens,Vojens,EKSP|SKS,55.225553,9.263931,Europe/Copenhagen,120,UTC+02:00
FI,Turku,Turku,EFTU|TKU,60.514142,22.262808,Europe/Helsinki,180,UTC+03:00
US,"Riverton, Wyoming","Riverton, Wyoming",KRIW|RIW,43.064167,-108.459722,America/Denver,-360,UTC-06:00
US,"Moline, IL","Moline, IL",KMLI|MLI,41.448528,-90.507539,America/Chicago,-300,UTC-05:00
KE,Mombasa,Mombasa,HKMO|MBA,-4.034833,39.59425,Africa/Nairobi,180,UTC+03:00
DE,Juist,Juist,EDWJ|JUI,53.681572,7.055731,Europe/Berlin,120,UTC+02:00
MX,La Paz,La Paz,LAP|MMLP,24.072694,-110.362475,America/Mazatlan,-420,UTC-07:00
IR,Kerman,Kerman,KER|OIKK,30.274444,56.951111,Asia/Tehran,210,UTC+03:30
DE,Memmingen,Memmingen,EDJA|FMM,47.988758,10.2395,Europe/Berlin,120,UTC+02:00
MW,Club Makokola,Club Makokola,CMK|FWCM,-14.3069,35.1325,Africa/Blantyre,120,UTC+02:00
FR,Metz Frescaty,Metz Frescaty,LFSF|MZM,49.071667,6.131667,Europe/Paris,120,UTC+02:00
IL,Tel Aviv Yafo,Tel Aviv Yafo,LLBG|LLSD|SDV|TLV,31.999378,34.871687,Asia/Jerusalem,180,UTC+03:00
PG,Boset,Boset,BOT,-7.240833,141.092333,Asia/Vladivostok,600,UTC+10:00
GL,Ittoqqortoormiit,Ittoqqortoormiit,BGSC|OBY,70.485278,-21.966667,America/Scoresbysund,-60,UTC-01:00
RU,Makhachkala,Makhachkala,MCX|URML,42.816822,47.652294,Europe/Moscow,180,UTC+03:00
MH,Majuro,Majuro,MAJ|PKMJ,7.064758,171.272022,Pacific/Majuro,720,UTC+12:00
BR,Araguaina,Araguaina,AUX|SWGN,-7.228333,-48.240833,America/Araguaina,-180,UTC-03:00
FI,Sodankyla,Sodankyla,EFSO|SOT,67.395033,26.619133,Europe/Helsinki,180,UTC+03:00
UZ,Termez,Termez,TMJ|UTST,37.286667,67.31,Asia/Samarkand,300,UTC+05:00
JP,Yakushima,Yakushima,KUM|RJFC,30.385569,130.659017,Asia/Tokyo,540,UTC+09:00
TR,Denizli,Denizli,DNZ|LTAY,37.785567,29.701297,Europe/Istanbul,180,UTC+03:00
CA,Grande Prairie,Grande Prairie,CYQU|YQU,55.179722,-118.885,America/Edmonton,-360,UTC-06:00
BR,Juiz De Fora,Juiz De Fora,JDF|SBJF,-21.7915,-43.386778,America/Sao_Paulo,-180,UTC-03:00
ID,Tanjung Pinang,Tanjung Pinang,TNJ|WIDN,0.922683,104.532311,Asia/Jakarta,420,UTC+07:00
CV,Praia,Praia,GVNP|RAI,14.9245,-23.4935,Atlantic/Cape_Verde,-60,UTC-01:00
ZW,Gweru,Gweru,FVTL|GWE,-19.436394,29.861911,Africa/Harare,120,UTC+02:00
NO,Vaeroy,Vaeroy,ENVR|VRY,67.6667,12.6833,Europe/Oslo,120,UTC+02:00
PH,Masbate,Masbate,MBT|RPVJ,12.3694,123.629,Asia/Manila,480,UTC+08:00
US,"Worthington, MN","Worthington, MN",OTG,0.0,0.0,America/Chicago,-300,UTC-05:00
IT,Decimomannu,Decimomannu,DCI|LIED,39.354222,8.972481,Europe/Rome,120,UTC+02:00
ET,Debra Tabor,Debra Tabor,DBT|HADT,11.966667,38.0,Africa/Addis_Ababa,180,UTC+03:00
HR,Mali Losinj,Mali Losinj,LDLO|LSZ,44.3357,14.2335,Europe/Zagreb,120,UTC+02:00
AR,Santa Teresita,Santa Teresita,SAZL|SST,-36.542317,-56.721756,America/Argentina/Cordoba,-180,UTC-03:00
SN,Ziguinchor,Ziguinchor,GOGG|ZIG,12.555617,-16.281783,Africa/Dakar,0,UTC+00:00
GH,Accra,Accra,ACC|DGAA,5.605186,-0.166786,Africa/Accra,0,UTC+00:00
RU,Dalnegorsk,Dalnegorsk,DHG|UHWG,44.559041,135.491209,Asia/Vladivostok,600,UTC+10:00
US,"Punta Gorda, Florida","Punta Gorda, Florida",KPGD|PGD,26.919722,-81.990556,America/New_York,-240,UTC-04:00
MX,Zamora,Zamora,MMZM|ZMM,20.045036,-102.275955,America/Mexico_City,-360,UTC-06:00
ID,Cirebon,Cirebon,CBN|WICD,-6.756144,108.539672,Asia/Jakarta,420,UTC+07:00
US,"Meyers Chuck, Alaska","Meyers Chuck, Alaska",WMK,55.74132,-132.2592,America/Anchorage,-480,UTC-08:00
US,"Appleton, WI","Appleton, WI",ATW|KATW,44.257526,-88.507576,America/Chicago,-300,UTC-05:00
AU,Geelong,Geelong,GEX|YGLG,-38.225,144.333,Australia/Melbourne,600,UTC+10:00
US,"Ruby, Alaska","Ruby, Alaska",PARY|RBY,64.7272,-155.47,America/Anchorage,-480,UTC-08:00
IE,Knock,Knock,EIKN|NOC,53.910297,-8.818492,Europe/Dublin,60,UTC+01:00
SB,Mbambanakira,Mbambanakira,AGGI|MBU,-9.7475,159.839,Pacific/Guadalcanal,660,UTC+11:00
US,"Nyac, Alaska","Nyac, Alaska",ZNC,60.9787,-160.00205,America/Anchorage,-480,UTC-08:00
BR,Balsas,Balsas,BSS,-7.52603,-46.0533,America/Fortaleza,-180,UTC-03:00
ES,Tarragona,Tarragona,QGN,41.192181,1.274064,Europe/Madrid,120,UTC+02:00
US,"Casper, Wyoming","Casper, Wyoming",CPR|KCPR,42.908,-106.464417,America/Denver,-360,UTC-06:00
PT,Porto,Porto,LPPR|OPO,41.248055,-8.681389,Europe/Lisbon,60,UTC+01:00
YE,Seiyun,Seiyun,GXF|OYSY,15.966111,48.7883,Asia/Aden,180,UTC+03:00
PG,Ononge,Ononge,ONB,-8.583,147.2,Asia/Vladivostok,600,UTC+10:00
US,"South Naknek, Alaska","South Naknek, Alaska",PFWS|WSN,58.702222,-157.0025,America/Anchorage,-480,UTC-08:00
IT,San Domino,San Domino,TQR,42.1025,15.488,Europe/Monaco,120,UTC+02:00
SS,Rumbek,Rumbek,HSMK|RBX,6.825,29.669,Africa/Juba,120,UTC+02:00
US,"Stamford, CT","Stamford, CT",ZTF,41.046937,-73.541493,America/Lima,-300,UTC-05:00
GB,Watford,Watford,WXF,51.6635,-0.3958,Europe/London,60,UTC+01:00
ID,Praya,Praya,LOP|WADL,-8.7573222,116.276675,Asia/Makassar,480,UTC+08:00
KZ,Turkestan,Turkestan,HSA,43.324683,68.399743,Asia/Qyzylorda,300,UTC+05:00
KZ,Baykonur,Baykonur,BXY,0.0,0.0,Asia/Qyzylorda,300,UTC+05:00
RU,Nizhneangarsk,Nizhneangarsk,NZG|UIUN,55.801377,109.598665,Asia/Tokyo,540,UTC+09:00
RU,Taksimo,Taksimo,TKM,56.36166667,114.927222,Asia/Irkutsk,480,UTC+08:00
RU,Krasnokamensk,Krasnokamensk,UIAE,50.030897,118.060216,Asia/Yakutsk,540,UTC+09:00
RU,Chara,Chara,CZR|UIAR,56.913055,118.250862,Asia/Yakutsk,540,UTC+09:00
UZ,Zarafshan,Zarafshan,AFS|UTSN,41.6139,64.2332,Asia/Samarkand,300,UTC+05:00
NO,Geilo,Geilo,DLD,60.41667,8.51278,Europe/Oslo,120,UTC+02:00
GB,Doncaster,Doncaster,DSA|EGCN,53.474722,-1.004444,Europe/London,60,UTC+01:00
LK,Ampara,Ampara,ADP|VCCG,7.337081,81.625881,Asia/Colombo,330,UTC+05:30
LK,Koggala,Koggala,KCT|VCCK,5.99368,80.3203,Asia/Colombo,330,UTC+05:30
LK,Weerawila,Weerawila,VCCW|WRZ,6.254494,81.235189,Asia/Colombo,330,UTC+05:30
TW,Nangan Township,Nangan Township,LZN|RCFG,26.1598,119.958,Asia/Taipei,480,UTC+08:00
CN,An Shun,An Shun,NSZ,22.772778,113.606944,Asia/Shanghai,480,UTC+08:00
CN,Dazhou,Dazhou,DZH|ZUDA,31.129946,107.431438,Asia/Shanghai,480,UTC+08:00
CN,Longyan,Longyan,LCX,25.674167,116.746389,Asia/Shanghai,480,UTC+08:00
CN,Panzhihua,Panzhihua,PZI|ZUZH,26.54,101.799,Asia/Shanghai,480,UTC+08:00
CN,Quzhou,Quzhou,JUZ|ZSJU,28.9658,118.899,Asia/Shanghai,480,UTC+08:00
CN,Wuhai,Wuhai,WUA|ZBUH,39.794444,106.799444,Asia/Shanghai,480,UTC+08:00
CN,Yuncheng,Yuncheng,YCU|ZBYC,35.116667,111.039722,Asia/Shanghai,480,UTC+08:00
CN,Zhangjiajie,Zhangjiajie,DYG|ZGDY,29.1028,110.443,Asia/Shanghai,480,UTC+08:00
CN,Xian,Xian,XIY|ZLXY,34.441154,108.75605,Asia/Shanghai,480,UTC+08:00
DZ,Chlef,Chlef,DAOI|QAS,36.212658,1.331775,Africa/Algiers,60,UTC+01:00
MZ,Indigo Bay Lodge,Indigo Bay Lodge,IBL,-21.707222,35.452222,Africa/Maputo,120,UTC+02:00
RU,Kavalerovo,Kavalerovo,KVR|UHWK,44.271517,135.029172,Asia/Vladivostok,600,UTC+10:00
RU,Leshukonskoe,Leshukonskoe,LDG|ULAL,64.895833,45.722778,Europe/Moscow,180,UTC+03:00
SA,Dawadmi,Dawadmi,DWD|OEDW,24.5,44.4,Asia/Riyadh,180,UTC+03:00
ES,Сантьяго-де-Компостела,--,JBU,42.860575,-8.540666,Europe/Madrid,120,UTC+02:00
IR,Asaluyeh,Asaluyeh,OIBP|PGU,27.379444,52.7375,Asia/Tehran,210,UTC+03:30
IR,Yasouj,Yasouj,OISY|YES,30.700556,51.545,Asia/Tehran,210,UTC+03:30
JP,Wajima,Wajima,NTQ|RJNW,37.293097,136.961853,Asia/Tokyo,540,UTC+09:00
RU,Chegdomyn,Chegdomyn,,51.12048504,132.9972851,Asia/Vladivostok,600,UTC+10:00
CN,Jiuzhaigou,Jiuzhaigou,JZH|ZUJZ,32.857,103.683,Asia/Chongqing,480,UTC+08:00
CN,Jixi,Jixi,JXA|ZYJX,45.30611,130.99667,Asia/Harbin,480,UTC+08:00
LV,Ventspils,Ventspils,EVVA|VNT,57.357778,21.544167,Europe/Riga,180,UTC+03:00
CN,HUAI AN,HUAI AN,HIA|ZSSH,33.7772,119.1478,Asia/Shanghai,480,UTC+08:00
IQ,Erbil,Erbil,EBL|ORER,36.237611,43.963158,Asia/Baghdad,180,UTC+03:00
IQ,SULAYMANIYAH,SULAYMANIYAH,ISU|ORSU,35.5608,45.3147,Asia/Baghdad,180,UTC+03:00
RU,Igrim,Igrim,IRM,63.198611,64.439167,Asia/Yekaterinburg,300,UTC+05:00
GR,KALYMNOS ISLAND,KALYMNOS ISLAND,JKL|LGKY,36.963333,26.940556,Europe/Athens,180,UTC+03:00
NG,ASABA,ASABA,ABB,0.0,0.0,Africa/Lagos,60,UTC+01:00
HU,Heviz,Heviz,LHSM|SOB,46.686389,17.159056,Europe/Budapest,120,UTC+02:00
US,Boulder,Boulder,KBDU|WBU,40.039444,-105.225833,America/Denver,-360,UTC-06:00
RU,Ust-Koksa,Ust-Koksa,,50.270819,85.613152,Asia/Krasnoyarsk,420,UTC+07:00
RU,Kosh-Agach,Kosh-Agach,,49.9502,88.63582,Asia/Krasnoyarsk,420,UTC+07:00
DE,Augsburg,Augsburg,AGY,48.365556,10.886389,Europe/Berlin,120,UTC+02:00
US,BRANSON,BRANSON,BKG|KBBG,36.531994,-93.200556,America/Chicago,-300,UTC-05:00
CN,Dongying,Dongying,DOY|ZSDY,37.2716,118.2819,Asia/Irkutsk,480,UTC+08:00
CN,Daqing,Daqing,DAQ|DQA,0.0,0.0,Asia/Shanghai,480,UTC+08:00
AZ,Gabala,Gabala,GBB|UBBQ,40.826667,47.7125,Asia/Baku,240,UTC+04:00
TR,IGDIR,IGDIR,IGD|LTCT,39.983056,43.866389,Europe/Istanbul,180,UTC+03:00
RU,Keperveyem,Keperveyem,KPW,67.844585,166.14581,Asia/Anadyr,720,UTC+12:00
CN,TURPAN,TURPAN,TLQ|ZWTP,42.942328,89.185877,Asia/Urumqi,360,UTC+06:00
RU,Ust Tsilma,Ust Tsilma,UTS|УУЫЬ,65.433294,52.196732,Europe/Moscow,180,UTC+03:00
VN,CON DAO,CON DAO,VCS|VVCS,8.731831,106.632589,Asia/Ho_Chi_Minh,420,UTC+07:00
ES,Toledo,Toledo,OLT|XTJ,39.8624,-4.01125,Europe/Madrid,120,UTC+02:00
RU,MYS KAMENNY,MYS KAMENNY,USDK|YMK|ССМ,68.44208835,73.58538508,Asia/Yekaterinburg,300,UTC+05:00
US,"White Plains, New York","White Plains, New York",HPN|KHPN,41.066959,-73.707575,America/New_York,-240,UTC-04:00
RU,Udachnyi,Udachnyi,PYJ|UERP,66.400431,112.030325,Asia/Yakutsk,540,UTC+09:00
RU,Kransosellcup,Kransosellcup,KKQ,65.7113,82.461459,Asia/Yekaterinburg,300,UTC+05:00
FR,Grenoble,Grenoble,GNO,45.1926561,5.713258,Europe/Paris,120,UTC+02:00
US,"Lawrenceville, Georgia","Lawrenceville, Georgia",KLZU|LZU,33.9780761,-83.9623772,America/New_York,-240,UTC-04:00
CN,Yangzhou,Yangzhou,YTY|ZSYA,32.5617,119.715,Asia/Shanghai,480,UTC+08:00
RO,Brasov,Brasov,GHV,45.694412,25.517582,Europe/Bucharest,180,UTC+03:00
RU,Motygino (Krasnoyarskiy kray),Motygino (Krasnoyarskiy kray),MJY,58.1051,94.4456,Asia/Krasnoyarsk,420,UTC+07:00
RU,Vanavara,Vanavara,VAQ,60.350573,102.303483,Asia/Krasnoyarsk,420,UTC+07:00
RU,Vilyuysk,Vilyuysk,UENW|VYI,63.75639,121.69306,Asia/Yakutsk,540,UTC+09:00
RU,Baikit,Baikit,BKA|UNIB,61.681641,96.366513,Asia/Bangkok,420,UTC+07:00
RU,Suntar,Suntar,SUY|UENS,62.184091,117.640572,Asia/Yakutsk,540,UTC+09:00
RU,Deputatskiy,Deputatskiy,DPT|UEWD,69.390708,139.900246,Asia/Vladivostok,600,UTC+10:00
RU,Olenek,Olenek,ONK|UERO,68.514246,112.479813,Asia/Yakutsk,540,UTC+09:00
GB,Taunton,Taunton,TTY,51.019,-3.1,Europe/London,60,UTC+01:00
RU,Khonuu,Khonuu,MQJ|UEMA,66.451887,143.252065,Asia/Srednekolymsk,660,UTC+11:00
RU,Zyryanka (Sverdlovsk Oblast),Zyryanka (Sverdlovsk Oblast),UESU|ZKP,65.740388,150.898547,Asia/Yekaterinburg,300,UTC+05:00
RU,Srednekolymsk,Srednekolymsk,SEK,67.465468,153.719036,Asia/Srednekolymsk,660,UTC+11:00
RU,Ust Nera,Ust Nera,USR,64.549446,143.11084,Asia/Vladivostok,600,UTC+10:00
RU,Belaya Gora,Belaya Gora,BGN|UESG,68.554014,146.227942,Asia/Srednekolymsk,660,UTC+11:00
RU,Kazachinskoye (Irkutsk reg.),Kazachinskoye (Irkutsk reg.),,56.26833333,107.573333,Asia/Irkutsk,480,UTC+08:00
RU,Yerbogachen,Yerbogachen,ERG|UIKE,61.274765,108.030992,Asia/Irkutsk,480,UTC+08:00
TR,Gazipasa,Gazipasa,GZP|LTFG,36.29824829,32.30340958,Europe/Istanbul,180,UTC+03:00
RU,Nyurba,Nyurba,NYR,63.28059266,118.3613777,Asia/Yakutsk,540,UTC+09:00
ES,Segovia,Segovia,XOU,40.9106,-4.09456,Europe/Madrid,120,UTC+02:00
ES,Huesca,Huesca,HSK|LEHC,42.080833,-0.323333,Europe/Madrid,120,UTC+02:00
ES,Pontevedra,Pontevedra,VBT,42.231187,-8.627014,Europe/Madrid,120,UTC+02:00
ES,Guadalajara,Guadalajara,GDU,40.642778,-3.183056,Europe/Madrid,120,UTC+02:00
ES,Castellon de la Plana,Castellon de la Plana,CPJ,39.988333,-0.0525,Europe/Madrid,120,UTC+02:00
RU,Khandyga,Khandyga,KDY,62.65641392,135.5539674,Asia/Yakutsk,540,UTC+09:00
RU,Ust-Maya,Ust-Maya,UEMU|UMS,60.365506,134.451284,Asia/Yakutsk,540,UTC+09:00
RU,Sangar,Sangar,,63.92209576,127.4694729,Asia/Yakutsk,540,UTC+09:00
RU,Severo-Eniseiskiy,Severo-Eniseiskiy,VEO,60.373017,93.016605,Asia/Krasnoyarsk,420,UTC+07:00
RU,Krasnyi Chikoi,Krasnyi Chikoi,108,50.371,108.767,Asia/Yakutsk,540,UTC+09:00
RU,Magan,Magan,GYG,62.10003,129.533354,Asia/Yakutsk,540,UTC+09:00
IT,Reggio Emilia,Reggio Emilia,XRL,44.7248,10.6562,Europe/Rome,120,UTC+02:00
CN,Erenhot,Erenhot,ERL,43.426667,112.098333,Asia/Shanghai,480,UTC+08:00
RU,Zhigansk,Zhigansk,ZIX,66.796667,123.361389,Asia/Yakutsk,540,UTC+09:00
CN,Yingkou,Yingkou,YKH,0.0,0.0,Asia/Shanghai,480,UTC+08:00
RU,Kherpuchi,Kherpuchi,UHNH,52.975,138.816667,Asia/Vladivostok,600,UTC+10:00
CN,Suifenhe,Suifenhe,HSF,41.4318,19.7108,Asia/Shanghai,480,UTC+08:00
CN,Ulanqab,Ulanqab,UCB,41.13,113.106389,Asia/Shanghai,480,UTC+08:00
CN,Zhangjiakou,Zhangjiakou,ZQZ,40.73860168,114.9300003,Asia/Shanghai,480,UTC+08:00
RU,Ust Kuiga,Ust Kuiga,UEBT|UKG,70.006061,135.627546,Asia/Vladivostok,600,UTC+10:00
RU,Shushenskoe,Shushenskoe,,53.3887696,92.0479078,Asia/Krasnoyarsk,420,UTC+07:00
RU,Omsukchan,Omsukchan,263|UHMF,62.459185,155.739441,Asia/Srednekolymsk,660,UTC+11:00
RU,Evensk,Evensk,SWV,61.92139,159.22972,Asia/Srednekolymsk,660,UTC+11:00
RU,Yuzhno Kurilsk,Yuzhno Kurilsk,DEE|UHSM,43.958585,145.684437,Asia/Tokyo,540,UTC+09:00
IL,Eilat,Eilat,ETM,29.723694,35.011417,Europe/Istanbul,180,UTC+03:00
TJ,Bokhtar (Qurghonteppa),Bokhtar (Qurghonteppa),KQT,37.862948,68.862636,Asia/Dushanbe,300,UTC+05:00
RU,Terney,Terney,NEI,41.4318,19.7108,Asia/Vladivostok,600,UTC+10:00
KZ,Urzhar,Urzhar,UZR,0.0,0.0,Asia/Qyzylorda,300,UTC+05:00
RU,Talakan (Yakutiya),Talakan (Yakutiya),TLK|UECT,59.876389,111.044444,Asia/Yakutsk,540,UTC+09:00
RU,Kurilsk,Kurilsk,ITU|UHSI,45.15,147.53,Asia/Sakhalin,660,UTC+11:00
CN,Yueyang,Yueyang,YYA|ZGYY,29.3130048,113.2745612,Asia/Shanghai,480,UTC+08:00
AM,Kapan,Kapan,,39.202,46.455,Asia/Yerevan,240,UTC+04:00
JP,Iwakuni,Iwakuni,IWK,34.38519681,132.4552559,Asia/Tokyo,540,UTC+09:00
CN,Chizhou,Chizhou,JUH,30.4425,117.4112,Asia/Shanghai,480,UTC+08:00
PH,Angeles Mabalcat,Angeles Mabalcat,CRK|RPLC,15.185833,120.560278,Asia/Manila,480,UTC+08:00
RU,Bovanenkovo,Bovanenkovo,,70.3622209,68.4286015,Europe/Moscow,180,UTC+03:00
CN,Yichun Jiangxi,Yichun Jiangxi,YIC|ZSYC,27.8033,114.3081,Asia/Hong_Kong,480,UTC+08:00
CN,Xingyi,Xingyi,ACX,25.0882,104.9587,Asia/Hong_Kong,480,UTC+08:00
US,Bolingbrook,Bolingbrook,1CS,41.6959744,-88.1292306,America/Chicago,-300,UTC-05:00
JP,Ibaraki Omitama,Ibaraki Omitama,IBR|RJAH,36.181083,140.415444,Asia/Tokyo,540,UTC+09:00
US,Cocoa Beach,Cocoa Beach,COF|KCOF,28.234922,-80.610125,America/New_York,-240,UTC-04:00
US,Lufkin,Lufkin,KLFK|LFK,31.234014,-94.75,America/New_York,-240,UTC-04:00
TR,Sirnak,Sirnak,NKT,37.363889,42.06,Europe/Istanbul,180,UTC+03:00
US,Panama City,Panama City,KPAM|PAM,30.069567,-85.575417,America/Denver,-360,UTC-06:00
CN,Fushun,Fushun,FUS|FUSS,47.585,10.6866,Asia/Shanghai,480,UTC+08:00
RU,Iturup,Iturup,BVV,44.92,147.621667,Asia/Magadan,660,UTC+11:00
RU,Yamburg,Yamburg,,67.988611,75.098333,Asia/Yekaterinburg,300,UTC+05:00
PH,Borongan,Borongan,BPR|RPVW,11.674167,125.478611,Asia/Manila,480,UTC+08:00
CN,Handan,Handan,HDG|ZBHD,36.524,114.43,Asia/Hong_Kong,480,UTC+08:00
CN,Rizhao,Rizhao,RIZ,35.399722,119.316667,Asia/Shanghai,480,UTC+08:00
CN,Shiyan,Shiyan,WDS,32.591667,110.907778,Asia/Chongqing,480,UTC+08:00
CN,Qionghai,Qionghai,BAR|ZJQH,19.137789,110.463753,Asia/Shanghai,480,UTC+08:00
KG,Tamchy,Tamchy,IKU,42.588056,76.713056,Asia/Almaty,300,UTC+05:00
KZ,USHARAL,USHARAL,USJ,41.4318,19.7108,Asia/Qyzylorda,300,UTC+05:00
CN,XINZHOU,XINZHOU,WUT|ZBXZ,41.4318,19.7108,Asia/Hong_Kong,480,UTC+08:00
IN,Ayodhya,Ayodhya,AYJ|VEAY,26.748,82.1507,Indian/Cocos,390,UTC+06:30
CN,Heze,Heze,HZA|ZSHZ,35.213333,115.736667,Asia/Chongqing,480,UTC+08:00
CN,Baishan,Baishan,NBS|ZYBS,41.4318,127.6066,Asia/Shanghai,480,UTC+08:00
CN,Xiahe,Xiahe,GXH,34.810556,102.644722,Asia/Chongqing,480,UTC+08:00
CN,Daocheng,Daocheng,DCY,29.323056,100.053333,Asia/Chongqing,480,UTC+08:00
CN,Wudalianchi,Wudalianchi,DTU,48.445,126.133,Asia/Chongqing,480,UTC+08:00
TR,Kutahya,Kutahya,KZR,39.1175,30.1343,Asia/Istanbul,180,UTC+03:00
US,"Aventura, FL","Aventura, FL",AVT,25.957455,-80.147407,America/Adak,-540,UTC-09:00
RU,Beloyarsky (HMAO),Beloyarsky (HMAO),EYK|USHQ,63.683056,66.683056,Asia/Yekaterinburg,300,UTC+05:00
SA,NEOM BAY,NEOM BAY,NUM,27.925,35.29,Asia/Riyadh,180,UTC+03:00
RU,Mama,Mama,-|UIKM,58.313051,112.894821,Asia/Krasnoyarsk,420,UTC+07:00
CN,Yulin (Guanxi),Yulin (Guanxi),YLX,22.438056,110.120833,Asia/Chongqing,480,UTC+08:00
SA,AlUla,AlUla,OEAO|ULH,26.47922,38.11689,Africa/Cairo,180,UTC+03:00
RU,Yartsevo (Krasnoyarsk Krai),Yartsevo (Krasnoyarsk Krai),YAE,60.251752,90.204909,Asia/Krasnoyarsk,420,UTC+07:00
CN,Fujin,Fujin,JSJ,47.11,132.660278,Asia/Shanghai,480,UTC+08:00
ZM,Kalumbila,Kalumbila,UMB,-12.25358,25.44432,Africa/Lusaka,120,UTC+02:00
RU,Omolon,Omolon,,65.1412,160.33,Asia/Kamchatka,720,UTC+12:00
